  0
SECTION
  2
HEADER
  9
$ACADVER
  1
AC1015
  9
$ACADMAINTVER
 70
     6
  9
$DWGCODEPAGE
  3
ANSI_1252
  9
$INSBASE
 10
0.0
 20
0.0
 30
0.0
  9
$EXTMIN
 10
486121.9944938668
 20
9926293.938863141
 30
0.0
  9
$EXTMAX
 10
503695.0539706701
 20
9933516.510198358
 30
0.0
  9
$LIMMIN
 10
486121.9944938668
 20
9926293.938863141
  9
$LIMMAX
 10
503695.0539706701
 20
9933516.510198358
  9
$ORTHOMODE
 70
     0
  9
$REGENMODE
 70
     1
  9
$FILLMODE
 70
     1
  9
$QTEXTMODE
 70
     0
  9
$MIRRTEXT
 70
     1
  9
$LTSCALE
 40
1.0
  9
$ATTMODE
 70
     1
  9
$TEXTSIZE
 40
0.2
  9
$TRACEWID
 40
0.05
  9
$TEXTSTYLE
  7
Standard
  9
$CLAYER
  8
0
  9
$CELTYPE
  6
ByLayer
  9
$CECOLOR
 62
   256
  9
$CELTSCALE
 40
1.0
  9
$DISPSILH
 70
     0
  9
$DIMSCALE
 40
0.0526331859558279
  9
$DIMASZ
 40
0.18
  9
$DIMEXO
 40
0.0625
  9
$DIMDLI
 40
0.38
  9
$DIMRND
 40
0.0
  9
$DIMDLE
 40
0.0
  9
$DIMEXE
 40
0.18
  9
$DIMTP
 40
0.0
  9
$DIMTM
 40
0.0
  9
$DIMTXT
 40
0.18
  9
$DIMCEN
 40
0.09
  9
$DIMTSZ
 40
0.0
  9
$DIMTOL
 70
     0
  9
$DIMLIM
 70
     0
  9
$DIMTIH
 70
     1
  9
$DIMTOH
 70
     1
  9
$DIMSE1
 70
     0
  9
$DIMSE2
 70
     0
  9
$DIMTAD
 70
     0
  9
$DIMZIN
 70
     0
  9
$DIMBLK
  1

  9
$DIMASO
 70
     1
  9
$DIMSHO
 70
     1
  9
$DIMPOST
  1

  9
$DIMAPOST
  1

  9
$DIMALT
 70
     0
  9
$DIMALTD
 70
     2
  9
$DIMALTF
 40
25.4
  9
$DIMLFAC
 40
1.0
  9
$DIMTOFL
 70
     0
  9
$DIMTVP
 40
0.0
  9
$DIMTIX
 70
     0
  9
$DIMSOXD
 70
     0
  9
$DIMSAH
 70
     0
  9
$DIMBLK1
  1

  9
$DIMBLK2
  1

  9
$DIMSTYLE
  2
Standard
  9
$DIMCLRD
 70
     0
  9
$DIMCLRE
 70
     0
  9
$DIMCLRT
 70
     0
  9
$DIMTFAC
 40
1.0
  9
$DIMGAP
 40
0.09
  9
$DIMJUST
 70
     0
  9
$DIMSD1
 70
     0
  9
$DIMSD2
 70
     0
  9
$DIMTOLJ
 70
     1
  9
$DIMTZIN
 70
     0
  9
$DIMALTZ
 70
     0
  9
$DIMALTTZ
 70
     0
  9
$DIMUPT
 70
     0
  9
$DIMDEC
 70
     4
  9
$DIMTDEC
 70
     4
  9
$DIMALTU
 70
     2
  9
$DIMALTTD
 70
     2
  9
$DIMTXSTY
  7
Standard
  9
$DIMAUNIT
 70
     0
  9
$DIMADEC
 70
     0
  9
$DIMALTRND
 40
0.0
  9
$DIMAZIN
 70
     0
  9
$DIMDSEP
 70
    46
  9
$DIMATFIT
 70
     3
  9
$DIMFRAC
 70
     0
  9
$DIMLDRBLK
  1

  9
$DIMLUNIT
 70
     2
  9
$DIMLWD
 70
    -2
  9
$DIMLWE
 70
    -2
  9
$DIMTMOVE
 70
     0
  9
$LUNITS
 70
     2
  9
$LUPREC
 70
     4
  9
$SKETCHINC
 40
0.1
  9
$FILLETRAD
 40
0.0
  9
$AUNITS
 70
     0
  9
$AUPREC
 70
     0
  9
$MENU
  1
.
  9
$ELEVATION
 40
0.0
  9
$PELEVATION
 40
0.0
  9
$THICKNESS
 40
0.0
  9
$LIMCHECK
 70
     0
  9
$CHAMFERA
 40
0.0
  9
$CHAMFERB
 40
0.0
  9
$CHAMFERC
 40
0.0
  9
$CHAMFERD
 40
0.0
  9
$SKPOLY
 70
     0
  9
$TDCREATE
 40
2461193.58059728
  9
$TDUCREATE
 40
2461193.247263947
  9
$TDUPDATE
 40
2461193.580597685
  9
$TDUUPDATE
 40
2461193.247264352
  9
$TDINDWG
 40
0.0000000116
  9
$TDUSRTIMER
 40
0.0000000116
  9
$USRTIMER
 70
     1
  9
$ANGBASE
 50
0.0
  9
$ANGDIR
 70
     0
  9
$PDMODE
 70
     0
  9
$PDSIZE
 40
0.0
  9
$PLINEWID
 40
0.0
  9
$SPLFRAME
 70
     0
  9
$SPLINETYPE
 70
     6
  9
$SPLINESEGS
 70
     8
  9
$HANDSEED
  5
464
  9
$SURFTAB1
 70
     6
  9
$SURFTAB2
 70
     6
  9
$SURFTYPE
 70
     6
  9
$SURFU
 70
     6
  9
$SURFV
 70
     6
  9
$UCSBASE
  2

  9
$UCSNAME
  2

  9
$UCSORG
 10
0.0
 20
0.0
 30
0.0
  9
$UCSXDIR
 10
1.0
 20
0.0
 30
0.0
  9
$UCSYDIR
 10
0.0
 20
1.0
 30
0.0
  9
$UCSORTHOREF
  2

  9
$UCSORTHOVIEW
 70
     0
  9
$UCSORGTOP
 10
0.0
 20
0.0
 30
0.0
  9
$UCSORGBOTTOM
 10
0.0
 20
0.0
 30
0.0
  9
$UCSORGLEFT
 10
0.0
 20
0.0
 30
0.0
  9
$UCSORGRIGHT
 10
0.0
 20
0.0
 30
0.0
  9
$UCSORGFRONT
 10
0.0
 20
0.0
 30
0.0
  9
$UCSORGBACK
 10
0.0
 20
0.0
 30
0.0
  9
$PUCSBASE
  2

  9
$PUCSNAME
  2

  9
$PUCSORG
 10
0.0
 20
0.0
 30
0.0
  9
$PUCSXDIR
 10
1.0
 20
0.0
 30
0.0
  9
$PUCSYDIR
 10
0.0
 20
1.0
 30
0.0
  9
$PUCSORTHOREF
  2

  9
$PUCSORTHOVIEW
 70
     0
  9
$PUCSORGTOP
 10
0.0
 20
0.0
 30
0.0
  9
$PUCSORGBOTTOM
 10
0.0
 20
0.0
 30
0.0
  9
$PUCSORGLEFT
 10
0.0
 20
0.0
 30
0.0
  9
$PUCSORGRIGHT
 10
0.0
 20
0.0
 30
0.0
  9
$PUCSORGFRONT
 10
0.0
 20
0.0
 30
0.0
  9
$PUCSORGBACK
 10
0.0
 20
0.0
 30
0.0
  9
$USERI1
 70
     0
  9
$USERI2
 70
     0
  9
$USERI3
 70
     0
  9
$USERI4
 70
     0
  9
$USERI5
 70
     0
  9
$USERR1
 40
0.0
  9
$USERR2
 40
0.0
  9
$USERR3
 40
0.0
  9
$USERR4
 40
0.0
  9
$USERR5
 40
0.0
  9
$WORLDVIEW
 70
     1
  9
$SHADEDGE
 70
     3
  9
$SHADEDIF
 70
    70
  9
$TILEMODE
 70
     1
  9
$MAXACTVP
 70
    64
  9
$PINSBASE
 10
0.0
 20
0.0
 30
0.0
  9
$PLIMCHECK
 70
     0
  9
$PEXTMIN
 10
1.000000000000000E+20
 20
1.000000000000000E+20
 30
1.000000000000000E+20
  9
$PEXTMAX
 10
-1.000000000000000E+20
 20
-1.000000000000000E+20
 30
-1.000000000000000E+20
  9
$PLIMMIN
 10
0.0
 20
0.0
  9
$PLIMMAX
 10
12.0
 20
9.0
  9
$UNITMODE
 70
     0
  9
$VISRETAIN
 70
     1
  9
$PLINEGEN
 70
     0
  9
$PSLTSCALE
 70
     1
  9
$TREEDEPTH
 70
  3020
  9
$CMLSTYLE
  2
Standard
  9
$CMLJUST
 70
     0
  9
$CMLSCALE
 40
1.0
  9
$PROXYGRAPHICS
 70
     1
  9
$MEASUREMENT
 70
     1
  9
$CELWEIGHT
370
    -1
  9
$ENDCAPS
280
     0
  9
$JOINSTYLE
280
     0
  9
$LWDISPLAY
290
     0
  9
$INSUNITS
 70
     6
  9
$HYPERLINKBASE
  1

  9
$STYLESHEET
  1

  9
$XEDIT
290
     1
  9
$CEPSNTYPE
380
     0
  9
$PSTYLEMODE
290
     1
  9
$FINGERPRINTGUID
  2
{f9e63bfd-a842-4d37-85ea-f72262084a3a}
  9
$VERSIONGUID
  2
{FAEB1C32-E019-11D5-929B-00C0DF256EC4}
  9
$EXTNAMES
290
     1
  9
$PSVPSCALE
 40
0.0
  9
$OLESTARTUP
290
     0
  0
ENDSEC
  0
SECTION
  2
CLASSES
  0
CLASS
  1
ACDBDICTIONARYWDFLT
  2
AcDbDictionaryWithDefault
  3
ObjectDBX Classes
 90
        0
280
     0
281
     0
  0
CLASS
  1
VISUALSTYLE
  2
AcDbVisualStyle
  3
ObjectDBX Classes
 90
     4095
280
     0
281
     0
  0
CLASS
  1
MATERIAL
  2
AcDbMaterial
  3
ObjectDBX Classes
 90
     1153
280
     0
281
     0
  0
CLASS
  1
SCALE
  2
AcDbScale
  3
ObjectDBX Classes
 90
     1153
280
     0
281
     0
  0
CLASS
  1
TABLESTYLE
  2
AcDbTableStyle
  3
ObjectDBX Classes
 90
     4095
280
     0
281
     0
  0
CLASS
  1
MLEADERSTYLE
  2
AcDbMLeaderStyle
  3
ACDB_MLEADERSTYLE_CLASS
 90
     4095
280
     0
281
     0
  0
CLASS
  1
SUN
  2
AcDbSun
  3
SCENEOE
 90
     1153
280
     0
281
     0
  0
CLASS
  1
DICTIONARYVAR
  2
AcDbDictionaryVar
  3
ObjectDBX Classes
 90
        0
280
     0
281
     0
  0
CLASS
  1
ACDBPLACEHOLDER
  2
AcDbPlaceHolder
  3
ObjectDBX Classes
 90
        0
280
     0
281
     0
  0
CLASS
  1
LAYOUT
  2
AcDbLayout
  3
ObjectDBX Classes
 90
        0
280
     0
281
     0
  0
ENDSEC
  0
SECTION
  2
TABLES
  0
TABLE
  2
VPORT
  5
8
102
{ACAD_XDICTIONARY
360
427
102
}
330
0
100
AcDbSymbolTable
 70
     1
  0
VPORT
  5
29
330
8
100
AcDbSymbolTableRecord
100
AcDbViewportTableRecord
  2
*Active
 70
     0
 10
0.0
 20
0.0
 11
1.0
 21
1.0
 12
494908.5242322684
 22
9929905.224530749
 13
0.0
 23
0.0
 14
0.5
 24
0.5
 15
0.5
 25
0.5
 16
0.0
 26
0.0
 36
1.0
 17
0.0
 27
0.0
 37
0.0
 40
7367.022761923224
 41
2.433075238885241
 42
50.0
 43
0.0
 44
0.0
 50
0.0
 51
0.0
 71
     0
 72
   100
 73
     1
 74
     3
 75
     0
 76
     0
 77
     0
 78
     0
281
     0
 65
     1
110
0.0
120
0.0
130
0.0
111
1.0
121
0.0
131
0.0
112
0.0
122
1.0
132
0.0
 79
     0
146
0.0
  0
ENDTAB
  0
TABLE
  2
LTYPE
  5
5
330
0
100
AcDbSymbolTable
 70
     1
  0
LTYPE
  5
14
330
5
100
AcDbSymbolTableRecord
100
AcDbLinetypeTableRecord
  2
ByBlock
 70
     0
  3

 72
    65
 73
     0
 40
0.0
  0
LTYPE
  5
15
330
5
100
AcDbSymbolTableRecord
100
AcDbLinetypeTableRecord
  2
ByLayer
 70
     0
  3

 72
    65
 73
     0
 40
0.0
  0
LTYPE
  5
16
330
5
100
AcDbSymbolTableRecord
100
AcDbLinetypeTableRecord
  2
Continuous
 70
     0
  3
Solid line
 72
    65
 73
     0
 40
0.0
  0
ENDTAB
  0
TABLE
  2
LAYER
  5
2
330
0
100
AcDbSymbolTable
 70
     2
  0
LAYER
  5
10
330
2
100
AcDbSymbolTableRecord
100
AcDbLayerTableRecord
  2
0
 70
     0
 62
     7
  6
Continuous
370
    -3
390
F
  0
LAYER
  5
41D
330
2
100
AcDbSymbolTableRecord
100
AcDbLayerTableRecord
  2
HR_lin.dxf
 70
     0
 62
     7
  6
Continuous
370
    -3
390
F
  0
ENDTAB
  0
TABLE
  2
STYLE
  5
3
330
0
100
AcDbSymbolTable
 70
     1
  0
STYLE
  5
11
330
3
100
AcDbSymbolTableRecord
100
AcDbTextStyleTableRecord
  2
Standard
 70
     0
 40
0.0
 41
1.0
 50
0.0
 71
     0
 42
0.2
  3
txt
  4

  0
ENDTAB
  0
TABLE
  2
VIEW
  5
6
330
0
100
AcDbSymbolTable
 70
     0
  0
ENDTAB
  0
TABLE
  2
UCS
  5
7
330
0
100
AcDbSymbolTable
 70
     0
  0
ENDTAB
  0
TABLE
  2
APPID
  5
9
330
0
100
AcDbSymbolTable
 70
     2
  0
APPID
  5
12
330
9
100
AcDbSymbolTableRecord
100
AcDbRegAppTableRecord
  2
ACAD
 70
     0
  0
APPID
  5
461
330
9
100
AcDbSymbolTableRecord
100
AcDbRegAppTableRecord
  2
ACAD_MLEADERVER
 70
     0
  0
ENDTAB
  0
TABLE
  2
DIMSTYLE
  5
A
330
0
100
AcDbSymbolTable
 70
     1
100
AcDbDimStyleTable
  0
DIMSTYLE
105
27
330
A
100
AcDbSymbolTableRecord
100
AcDbDimStyleTableRecord
  2
Standard
 70
     0
178
     0
340
11
  0
ENDTAB
  0
TABLE
  2
BLOCK_RECORD
  5
1
330
0
100
AcDbSymbolTable
 70
     1
  0
BLOCK_RECORD
  5
1F
330
1
100
AcDbSymbolTableRecord
100
AcDbBlockTableRecord
  2
*Model_Space
340
22
  0
BLOCK_RECORD
  5
1B
330
1
100
AcDbSymbolTableRecord
100
AcDbBlockTableRecord
  2
*Paper_Space
340
1E
  0
BLOCK_RECORD
  5
23
330
1
100
AcDbSymbolTableRecord
100
AcDbBlockTableRecord
  2
*Paper_Space0
340
26
  0
ENDTAB
  0
ENDSEC
  0
SECTION
  2
BLOCKS
  0
BLOCK
  5
20
330
1F
100
AcDbEntity
  8
0
100
AcDbBlockBegin
  2
*Model_Space
 70
     0
 10
0.0
 20
0.0
 30
0.0
  3
*Model_Space
  1

  0
ENDBLK
  5
21
330
1F
100
AcDbEntity
  8
0
100
AcDbBlockEnd
  0
BLOCK
  5
1C
330
1B
100
AcDbEntity
 67
     1
  8
0
100
AcDbBlockBegin
  2
*Paper_Space
 70
     0
 10
0.0
 20
0.0
 30
0.0
  3
*Paper_Space
  1

  0
ENDBLK
  5
1D
330
1B
100
AcDbEntity
 67
     1
  8
0
100
AcDbBlockEnd
  0
BLOCK
  5
24
330
23
100
AcDbEntity
  8
0
100
AcDbBlockBegin
  2
*Paper_Space0
 70
     0
 10
0.0
 20
0.0
 30
0.0
  3
*Paper_Space0
  1

  0
ENDBLK
  5
25
330
23
100
AcDbEntity
  8
0
100
AcDbBlockEnd
  0
ENDSEC
  0
SECTION
  2
ENTITIES
  0
POLYLINE
  5
5E
330
1F
100
AcDbEntity
  8
HR_lin.dxf
 62
     1
100
AcDb3dPolyline
 66
     1
 10
0.0
 20
0.0
 30
0.0
 70
     8
  0
VERTEX
  5
5F
330
5E
100
AcDbEntity
  8
HR_lin.dxf
 62
     1
100
AcDbVertex
100
AcDb3dPolylineVertex
 10
486121.9944938668
 20
9926318.650355274
 30
137.8753051757812
 70
    32
  0
VERTEX
  5
60
330
5E
100
AcDbEntity
  8
HR_lin.dxf
 62
     1
100
AcDbVertex
100
AcDb3dPolylineVertex
 10
486131.4246672968
 20
9926314.935858715
 30
137.6999969482422
 70
    32
  0
VERTEX
  5
61
330
5E
100
AcDbEntity
  8
HR_lin.dxf
 62
     1
100
AcDbVertex
100
AcDb3dPolylineVertex
 10
486143.107892455
 20
9926310.514935933
 30
137.1000061035156
 70
    32
  0
VERTEX
  5
62
330
5E
100
AcDbEntity
  8
HR_lin.dxf
 62
     1
100
AcDbVertex
100
AcDb3dPolylineVertex
 10
486158.1291543458
 20
9926305.909879852
 30
134.3999938964844
 70
    32
  0
VERTEX
  5
63
330
5E
100
AcDbEntity
  8
HR_lin.dxf
 62
     1
100
AcDbVertex
100
AcDb3dPolylineVertex
 10
486174.6339672836
 20
9926302.04173057
 30
133.5
 70
    32
  0
VERTEX
  5
64
330
5E
100
AcDbEntity
  8
HR_lin.dxf
 62
     1
100
AcDbVertex
100
AcDb3dPolylineVertex
 10
486193.9204500913
 20
9926299.094738089
 30
134.0
 70
    32
  0
VERTEX
  5
65
330
5E
100
AcDbEntity
  8
HR_lin.dxf
 62
     1
100
AcDbVertex
100
AcDb3dPolylineVertex
 10
486215.4322502731
 20
9926297.621540392
 30
135.3999938964844
 70
    32
  0
VERTEX
  5
66
330
5E
100
AcDbEntity
  8
HR_lin.dxf
 62
     1
100
AcDbVertex
100
AcDb3dPolylineVertex
 10
486237.1294779353
 20
9926296.885216234
 30
136.3000030517578
 70
    32
  0
VERTEX
  5
67
330
5E
100
AcDbEntity
  8
HR_lin.dxf
 62
     1
100
AcDbVertex
100
AcDb3dPolylineVertex
 10
486259.9394012369
 20
9926295.412049439
 30
137.0
 70
    32
  0
VERTEX
  5
68
330
5E
100
AcDbEntity
  8
HR_lin.dxf
 62
     1
100
AcDbVertex
100
AcDb3dPolylineVertex
 10
486282.007539406
 20
9926293.938863141
 30
136.3999938964844
 70
    32
  0
VERTEX
  5
69
330
5E
100
AcDbEntity
  8
HR_lin.dxf
 62
     1
100
AcDbVertex
100
AcDb3dPolylineVertex
 10
486302.035731883
 20
9926293.939364344
 30
134.6999969482422
 70
    32
  0
VERTEX
  5
6A
330
5E
100
AcDbEntity
  8
HR_lin.dxf
 62
     1
100
AcDbVertex
100
AcDb3dPolylineVertex
 10
486320.7657776116
 20
9926294.860919503
 30
134.0
 70
    32
  0
VERTEX
  5
6B
330
5E
100
AcDbEntity
  8
HR_lin.dxf
 62
     1
100
AcDbVertex
100
AcDb3dPolylineVertex
 10
486342.0920475298
 20
9926296.703625847
 30
134.1000061035156
 70
    32
  0
VERTEX
  5
6C
330
5E
100
AcDbEntity
  8
HR_lin.dxf
 62
     1
100
AcDbVertex
100
AcDb3dPolylineVertex
 10
486363.4183219169
 20
9926298.362113915
 30
134.1999969482422
 70
    32
  0
VERTEX
  5
6D
330
5E
100
AcDbEntity
  8
HR_lin.dxf
 62
     1
100
AcDbVertex
100
AcDb3dPolylineVertex
 10
486383.4464453201
 20
9926301.125873366
 30
133.8000030517578
 70
    32
  0
VERTEX
  5
6E
330
5E
100
AcDbEntity
  8
HR_lin.dxf
 62
     1
100
AcDbVertex
100
AcDb3dPolylineVertex
 10
486401.8055893671
 20
9926302.415851297
 30
134.3999938964844
 70
    32
  0
VERTEX
  5
6F
330
5E
100
AcDbEntity
  8
HR_lin.dxf
 62
     1
100
AcDbVertex
100
AcDb3dPolylineVertex
 10
486417.7539051707
 20
9926304.811073322
 30
135.1999969482422
 70
    32
  0
VERTEX
  5
70
330
5E
100
AcDbEntity
  8
HR_lin.dxf
 62
     1
100
AcDbVertex
100
AcDb3dPolylineVertex
 10
486431.1059829678
 20
9926306.837795734
 30
133.6999969482422
 70
    32
  0
VERTEX
  5
71
330
5E
100
AcDbEntity
  8
HR_lin.dxf
 62
     1
100
AcDbVertex
100
AcDb3dPolylineVertex
 10
486446.683379017
 20
9926310.33831216
 30
134.1000061035156
 70
    32
  0
VERTEX
  5
72
330
5E
100
AcDbEntity
  8
HR_lin.dxf
 62
     1
100
AcDbVertex
100
AcDb3dPolylineVertex
 10
486463.9297820852
 20
9926314.207304167
 30
132.8999938964844
 70
    32
  0
VERTEX
  5
73
330
5E
100
AcDbEntity
  8
HR_lin.dxf
 62
     1
100
AcDbVertex
100
AcDb3dPolylineVertex
 10
486483.2160800865
 20
9926318.628998138
 30
132.8000030517578
 70
    32
  0
VERTEX
  5
74
330
5E
100
AcDbEntity
  8
HR_lin.dxf
 62
     1
100
AcDbVertex
100
AcDb3dPolylineVertex
 10
486503.4296094739
 20
9926323.050714213
 30
133.0
 70
    32
  0
VERTEX
  5
75
330
5E
100
AcDbEntity
  8
HR_lin.dxf
 62
     1
100
AcDbVertex
100
AcDb3dPolylineVertex
 10
486525.1267042782
 20
9926327.656683369
 30
133.3000030517578
 70
    32
  0
VERTEX
  5
76
330
5E
100
AcDbEntity
  8
HR_lin.dxf
 62
     1
100
AcDbVertex
100
AcDb3dPolylineVertex
 10
486547.56559316
 20
9926331.894234994
 30
132.3999938964844
 70
    32
  0
VERTEX
  5
77
330
5E
100
AcDbEntity
  8
HR_lin.dxf
 62
     1
100
AcDbVertex
100
AcDb3dPolylineVertex
 10
486569.0772422306
 20
9926336.500197725
 30
132.1999969482422
 70
    32
  0
VERTEX
  5
78
330
5E
100
AcDbEntity
  8
HR_lin.dxf
 62
     1
100
AcDbVertex
100
AcDb3dPolylineVertex
 10
486590.9597342396
 20
9926343.132560061
 30
133.0
 70
    32
  0
VERTEX
  5
79
330
5E
100
AcDbEntity
  8
HR_lin.dxf
 62
     1
100
AcDbVertex
100
AcDb3dPolylineVertex
 10
486613.0277090006
 20
9926348.291186735
 30
133.8000030517578
 70
    32
  0
VERTEX
  5
7A
330
5E
100
AcDbEntity
  8
HR_lin.dxf
 62
     1
100
AcDbVertex
100
AcDb3dPolylineVertex
 10
486633.6120782128
 20
9926354.923515484
 30
134.3000030517578
 70
    32
  0
VERTEX
  5
7B
330
5E
100
AcDbEntity
  8
HR_lin.dxf
 62
     1
100
AcDbVertex
100
AcDb3dPolylineVertex
 10
486653.6400911798
 20
9926362.292699425
 30
135.0
 70
    32
  0
VERTEX
  5
7C
330
5E
100
AcDbEntity
  8
HR_lin.dxf
 62
     1
100
AcDbVertex
100
AcDb3dPolylineVertex
 10
486673.1117524537
 20
9926370.214521209
 30
134.8999938964844
 70
    32
  0
VERTEX
  5
7D
330
5E
100
AcDbEntity
  8
HR_lin.dxf
 62
     1
100
AcDbVertex
100
AcDb3dPolylineVertex
 10
486693.510618481
 20
9926379.241669081
 30
135.1999969482422
 70
    32
  0
VERTEX
  5
7E
330
5E
100
AcDbEntity
  8
HR_lin.dxf
 62
     1
100
AcDbVertex
100
AcDb3dPolylineVertex
 10
486711.869585474
 20
9926387.90033186
 30
135.3000030517578
 70
    32
  0
VERTEX
  5
7F
330
5E
100
AcDbEntity
  8
HR_lin.dxf
 62
     1
100
AcDbVertex
100
AcDb3dPolylineVertex
 10
486730.4139814078
 20
9926397.295867983
 30
133.3999938964844
 70
    32
  0
VERTEX
  5
80
330
5E
100
AcDbEntity
  8
HR_lin.dxf
 62
     1
100
AcDbVertex
100
AcDb3dPolylineVertex
 10
486751.1837059272
 20
9926407.796761472
 30
132.8999938964844
 70
    32
  0
VERTEX
  5
81
330
5E
100
AcDbEntity
  8
HR_lin.dxf
 62
     1
100
AcDbVertex
100
AcDb3dPolylineVertex
 10
486776.2187080224
 20
9926417.74510466
 30
133.8999938964844
 70
    32
  0
VERTEX
  5
82
330
5E
100
AcDbEntity
  8
HR_lin.dxf
 62
     1
100
AcDbVertex
100
AcDb3dPolylineVertex
 10
486802.3664414583
 20
9926425.482864613
 30
133.6999969482422
 70
    32
  0
VERTEX
  5
83
330
5E
100
AcDbEntity
  8
HR_lin.dxf
 62
     1
100
AcDbVertex
100
AcDb3dPolylineVertex
 10
486829.2561107476
 20
9926426.957249768
 30
132.3000030517578
 70
    32
  0
VERTEX
  5
84
330
5E
100
AcDbEntity
  8
HR_lin.dxf
 62
     1
100
AcDbVertex
100
AcDb3dPolylineVertex
 10
486858.9275793821
 20
9926424.010482907
 30
132.6999969482422
 70
    32
  0
VERTEX
  5
85
330
5E
100
AcDbEntity
  8
HR_lin.dxf
 62
     1
100
AcDbVertex
100
AcDb3dPolylineVertex
 10
486888.9700234743
 20
9926417.56359304
 30
134.1000061035156
 70
    32
  0
VERTEX
  5
86
330
5E
100
AcDbEntity
  8
HR_lin.dxf
 62
     1
100
AcDbVertex
100
AcDb3dPolylineVertex
 10
486919.3834073131
 20
9926409.090319276
 30
135.8999938964844
 70
    32
  0
VERTEX
  5
87
330
5E
100
AcDbEntity
  8
HR_lin.dxf
 62
     1
100
AcDbVertex
100
AcDb3dPolylineVertex
 10
486949.6113481683
 20
9926400.432822198
 30
136.1999969482422
 70
    32
  0
VERTEX
  5
88
330
5E
100
AcDbEntity
  8
HR_lin.dxf
 62
     1
100
AcDbVertex
100
AcDb3dPolylineVertex
 10
486979.6538502909
 20
9926391.406884456
 30
135.1999969482422
 70
    32
  0
VERTEX
  5
89
330
5E
100
AcDbEntity
  8
HR_lin.dxf
 62
     1
100
AcDbVertex
100
AcDb3dPolylineVertex
 10
487009.5108394608
 20
9926385.144201525
 30
134.5
 70
    32
  0
VERTEX
  5
8A
330
5E
100
AcDbEntity
  8
HR_lin.dxf
 62
     1
100
AcDbVertex
100
AcDb3dPolylineVertex
 10
487037.5133133982
 20
9926381.092081778
 30
133.1000061035156
 70
    32
  0
VERTEX
  5
8B
330
5E
100
AcDbEntity
  8
HR_lin.dxf
 62
     1
100
AcDbVertex
100
AcDb3dPolylineVertex
 10
487064.9593784247
 20
9926379.987425555
 30
133.3000030517578
 70
    32
  0
VERTEX
  5
8C
330
5E
100
AcDbEntity
  8
HR_lin.dxf
 62
     1
100
AcDbVertex
100
AcDb3dPolylineVertex
 10
487092.776274882
 20
9926381.461819934
 30
132.1999969482422
 70
    32
  0
VERTEX
  5
8D
330
5E
100
AcDbEntity
  8
HR_lin.dxf
 62
     1
100
AcDbVertex
100
AcDb3dPolylineVertex
 10
487119.1095843292
 20
9926383.673047522
 30
130.3999938964844
 70
    32
  0
VERTEX
  5
8E
330
5E
100
AcDbEntity
  8
HR_lin.dxf
 62
     1
100
AcDbVertex
100
AcDb3dPolylineVertex
 10
487147.2972996259
 20
9926388.279143084
 30
130.1999969482422
 70
    32
  0
VERTEX
  5
8F
330
5E
100
AcDbEntity
  8
HR_lin.dxf
 62
     1
100
AcDbVertex
100
AcDb3dPolylineVertex
 10
487171.5906363135
 20
9926393.253580784
 30
128.8999938964844
 70
    32
  0
VERTEX
  5
90
330
5E
100
AcDbEntity
  8
HR_lin.dxf
 62
     1
100
AcDbVertex
100
AcDb3dPolylineVertex
 10
487195.3276345287
 20
9926398.228004344
 30
129.3000030517578
 70
    32
  0
VERTEX
  5
91
330
5E
100
AcDbEntity
  8
HR_lin.dxf
 62
     1
100
AcDbVertex
100
AcDb3dPolylineVertex
 10
487213.3158092378
 20
9926402.833858103
 30
130.1000061035156
 70
    32
  0
VERTEX
  5
92
330
5E
100
AcDbEntity
  8
HR_lin.dxf
 62
     1
100
AcDbVertex
100
AcDb3dPolylineVertex
 10
487230.7476539923
 20
9926407.071263539
 30
130.5
 70
    32
  0
VERTEX
  5
93
330
5E
100
AcDbEntity
  8
HR_lin.dxf
 62
     1
100
AcDbVertex
100
AcDb3dPolylineVertex
 10
487246.5104831633
 20
9926411.30862958
 30
129.3000030517578
 70
    32
  0
VERTEX
  5
94
330
5E
100
AcDbEntity
  8
HR_lin.dxf
 62
     1
100
AcDbVertex
100
AcDb3dPolylineVertex
 10
487267.0948711431
 20
9926417.388280667
 30
127.9000015258789
 70
    32
  0
VERTEX
  5
95
330
5E
100
AcDbEntity
  8
HR_lin.dxf
 62
     1
100
AcDbVertex
100
AcDb3dPolylineVertex
 10
487288.4210528698
 20
9926423.099513365
 30
126.6999969482422
 70
    32
  0
VERTEX
  5
96
330
5E
100
AcDbEntity
  8
HR_lin.dxf
 62
     1
100
AcDbVertex
100
AcDb3dPolylineVertex
 10
487309.3763594526
 20
9926428.073867137
 30
125.6999969482422
 70
    32
  0
VERTEX
  5
97
330
5E
100
AcDbEntity
  8
HR_lin.dxf
 62
     1
100
AcDbVertex
100
AcDb3dPolylineVertex
 10
487328.4772425316
 20
9926431.390220992
 30
124.3000030517578
 70
    32
  0
VERTEX
  5
98
330
5E
100
AcDbEntity
  8
HR_lin.dxf
 62
     1
100
AcDbVertex
100
AcDb3dPolylineVertex
 10
487345.3528135717
 20
9926432.864349252
 30
123.0
 70
    32
  0
VERTEX
  5
99
330
5E
100
AcDbEntity
  8
HR_lin.dxf
 62
     1
100
AcDbVertex
100
AcDb3dPolylineVertex
 10
487359.2612580666
 20
9926433.78575657
 30
122.8000030517578
 70
    32
  0
VERTEX
  5
9A
330
5E
100
AcDbEntity
  8
HR_lin.dxf
 62
     1
100
AcDbVertex
100
AcDb3dPolylineVertex
 10
487370.0171297476
 20
9926434.154438917
 30
122.5999984741211
 70
    32
  0
VERTEX
  5
9B
330
5E
100
AcDbEntity
  8
HR_lin.dxf
 62
     1
100
AcDbVertex
100
AcDb3dPolylineVertex
 10
487381.3293442698
 20
9926434.338916484
 30
123.6999969482422
 70
    32
  0
VERTEX
  5
9C
330
5E
100
AcDbEntity
  8
HR_lin.dxf
 62
     1
100
AcDbVertex
100
AcDb3dPolylineVertex
 10
487389.3035734728
 20
9926432.496926215
 30
124.8000030517578
 70
    32
  0
VERTEX
  5
9D
330
5E
100
AcDbEntity
  8
HR_lin.dxf
 62
     1
100
AcDbVertex
100
AcDb3dPolylineVertex
 10
487391.8998416077
 20
9926431.575899087
 30
125.0999984741211
 70
    32
  0
VERTEX
  5
9E
330
5E
100
AcDbEntity
  8
HR_lin.dxf
 62
     1
100
AcDbVertex
100
AcDb3dPolylineVertex
 10
487395.6087699309
 20
9926431.391766928
 30
126.3000030517578
 70
    32
  0
VERTEX
  5
9F
330
5E
100
AcDbEntity
  8
HR_lin.dxf
 62
     1
100
AcDbVertex
100
AcDb3dPolylineVertex
 10
487402.6557299613
 20
9926431.207711376
 30
124.6999969482422
 70
    32
  0
VERTEX
  5
A0
330
5E
100
AcDbEntity
  8
HR_lin.dxf
 62
     1
100
AcDbVertex
100
AcDb3dPolylineVertex
 10
487411.5571309317
 20
9926431.944785051
 30
122.8000030517578
 70
    32
  0
VERTEX
  5
A1
330
5E
100
AcDbEntity
  8
HR_lin.dxf
 62
     1
100
AcDbVertex
100
AcDb3dPolylineVertex
 10
487421.7566173807
 20
9926434.339844516
 30
120.5
 70
    32
  0
VERTEX
  5
A2
330
5E
100
AcDbEntity
  8
HR_lin.dxf
 62
     1
100
AcDbVertex
100
AcDb3dPolylineVertex
 10
487434.1814499231
 20
9926437.103389438
 30
119.5
 70
    32
  0
VERTEX
  5
A3
330
5E
100
AcDbEntity
  8
HR_lin.dxf
 62
     1
100
AcDbVertex
100
AcDb3dPolylineVertex
 10
487449.3879628941
 20
9926440.419649728
 30
116.8000030517578
 70
    32
  0
VERTEX
  5
A4
330
5E
100
AcDbEntity
  8
HR_lin.dxf
 62
     1
100
AcDbVertex
100
AcDb3dPolylineVertex
 10
487468.1179035792
 20
9926445.946598237
 30
117.0
 70
    32
  0
VERTEX
  5
A5
330
5E
100
AcDbEntity
  8
HR_lin.dxf
 62
     1
100
AcDbVertex
100
AcDb3dPolylineVertex
 10
487490.185846786
 20
9926452.763143573
 30
116.6999969482422
 70
    32
  0
VERTEX
  5
A6
330
5E
100
AcDbEntity
  8
HR_lin.dxf
 62
     1
100
AcDbVertex
100
AcDb3dPolylineVertex
 10
487513.180988008
 20
9926461.053447805
 30
116.3000030517578
 70
    32
  0
VERTEX
  5
A7
330
5E
100
AcDbEntity
  8
HR_lin.dxf
 62
     1
100
AcDbVertex
100
AcDb3dPolylineVertex
 10
487537.4742239159
 20
9926470.633301849
 30
117.0999984741211
 70
    32
  0
VERTEX
  5
A8
330
5E
100
AcDbEntity
  8
HR_lin.dxf
 62
     1
100
AcDbVertex
100
AcDb3dPolylineVertex
 10
487563.4364597512
 20
9926480.950061852
 30
118.1999969482422
 70
    32
  0
VERTEX
  5
A9
330
5E
100
AcDbEntity
  8
HR_lin.dxf
 62
     1
100
AcDbVertex
100
AcDb3dPolylineVertex
 10
487587.9150600928
 20
9926494.214264441
 30
118.6999969482422
 70
    32
  0
VERTEX
  5
AA
330
5E
100
AcDbEntity
  8
HR_lin.dxf
 62
     1
100
AcDbVertex
100
AcDb3dPolylineVertex
 10
487612.579049592
 20
9926510.057512712
 30
117.1999969482422
 70
    32
  0
VERTEX
  5
AB
330
5E
100
AcDbEntity
  8
HR_lin.dxf
 62
     1
100
AcDbVertex
100
AcDb3dPolylineVertex
 10
487637.05757756
 20
9926526.637624819
 30
115.8000030517578
 70
    32
  0
VERTEX
  5
AC
330
5E
100
AcDbEntity
  8
HR_lin.dxf
 62
     1
100
AcDbVertex
100
AcDb3dPolylineVertex
 10
487663.0196891073
 20
9926542.66511686
 30
114.5999984741211
 70
    32
  0
VERTEX
  5
AD
330
5E
100
AcDbEntity
  8
HR_lin.dxf
 62
     1
100
AcDbVertex
100
AcDb3dPolylineVertex
 10
487691.5780081274
 20
9926560.534838922
 30
117.0999984741211
 70
    32
  0
VERTEX
  5
AE
330
5E
100
AcDbEntity
  8
HR_lin.dxf
 62
     1
100
AcDbVertex
100
AcDb3dPolylineVertex
 10
487721.0635147556
 20
9926580.430970581
 30
115.9000015258789
 70
    32
  0
VERTEX
  5
AF
330
5E
100
AcDbEntity
  8
HR_lin.dxf
 62
     1
100
AcDbVertex
100
AcDb3dPolylineVertex
 10
487748.6945814193
 20
9926599.405972315
 30
114.5
 70
    32
  0
VERTEX
  5
B0
330
5E
100
AcDbEntity
  8
HR_lin.dxf
 62
     1
100
AcDbVertex
100
AcDb3dPolylineVertex
 10
487778.5510335926
 20
9926617.091500437
 30
116.3000030517578
 70
    32
  0
VERTEX
  5
B1
330
5E
100
AcDbEntity
  8
HR_lin.dxf
 62
     1
100
AcDbVertex
100
AcDb3dPolylineVertex
 10
487805.9966371104
 20
9926636.987581166
 30
116.5999984741211
 70
    32
  0
VERTEX
  5
B2
330
5E
100
AcDbEntity
  8
HR_lin.dxf
 62
     1
100
AcDbVertex
100
AcDb3dPolylineVertex
 10
487831.5877718605
 20
9926657.25205385
 30
115.6999969482422
 70
    32
  0
VERTEX
  5
B3
330
5E
100
AcDbEntity
  8
HR_lin.dxf
 62
     1
100
AcDbVertex
100
AcDb3dPolylineVertex
 10
487859.5896855061
 20
9926678.621882142
 30
115.0999984741211
 70
    32
  0
VERTEX
  5
B4
330
5E
100
AcDbEntity
  8
HR_lin.dxf
 62
     1
100
AcDbVertex
100
AcDb3dPolylineVertex
 10
487885.7371182434
 20
9926700.91275448
 30
114.9000015258789
 70
    32
  0
VERTEX
  5
B5
330
5E
100
AcDbEntity
  8
HR_lin.dxf
 62
     1
100
AcDbVertex
100
AcDb3dPolylineVertex
 10
487912.2554657604
 20
9926722.282546723
 30
115.4000015258789
 70
    32
  0
VERTEX
  5
B6
330
5E
100
AcDbEntity
  8
HR_lin.dxf
 62
     1
100
AcDbVertex
100
AcDb3dPolylineVertex
 10
487938.4029469246
 20
9926742.547025282
 30
116.5
 70
    32
  0
VERTEX
  5
B7
330
5E
100
AcDbEntity
  8
HR_lin.dxf
 62
     1
100
AcDbVertex
100
AcDb3dPolylineVertex
 10
487964.9212944275
 20
9926764.101031613
 30
116.4000015258789
 70
    32
  0
VERTEX
  5
B8
330
5E
100
AcDbEntity
  8
HR_lin.dxf
 62
     1
100
AcDbVertex
100
AcDb3dPolylineVertex
 10
487990.5124324578
 20
9926784.733929519
 30
116.6999969482422
 70
    32
  0
VERTEX
  5
B9
330
5E
100
AcDbEntity
  8
HR_lin.dxf
 62
     1
100
AcDbVertex
100
AcDb3dPolylineVertex
 10
488013.3218658572
 20
9926805.919417422
 30
116.0999984741211
 70
    32
  0
VERTEX
  5
BA
330
5E
100
AcDbEntity
  8
HR_lin.dxf
 62
     1
100
AcDbVertex
100
AcDb3dPolylineVertex
 10
488032.9786777943
 20
9926828.762791567
 30
115.6999969482422
 70
    32
  0
VERTEX
  5
BB
330
5E
100
AcDbEntity
  8
HR_lin.dxf
 62
     1
100
AcDbVertex
100
AcDb3dPolylineVertex
 10
488054.4899626323
 20
9926851.237770233
 30
115.6999969482422
 70
    32
  0
VERTEX
  5
BC
330
5E
100
AcDbEntity
  8
HR_lin.dxf
 62
     1
100
AcDbVertex
100
AcDb3dPolylineVertex
 10
488076.1867074096
 20
9926873.160099817
 30
114.5999984741211
 70
    32
  0
VERTEX
  5
BD
330
5E
100
AcDbEntity
  8
HR_lin.dxf
 62
     1
100
AcDbVertex
100
AcDb3dPolylineVertex
 10
488098.810705343
 20
9926894.161361666
 30
113.3000030517578
 70
    32
  0
VERTEX
  5
BE
330
5E
100
AcDbEntity
  8
HR_lin.dxf
 62
     1
100
AcDbVertex
100
AcDb3dPolylineVertex
 10
488121.9910360395
 20
9926915.531068878
 30
111.6999969482422
 70
    32
  0
VERTEX
  5
BF
330
5E
100
AcDbEntity
  8
HR_lin.dxf
 62
     1
100
AcDbVertex
100
AcDb3dPolylineVertex
 10
488144.9859657193
 20
9926934.874380419
 30
111.3000030517578
 70
    32
  0
VERTEX
  5
C0
330
5E
100
AcDbEntity
  8
HR_lin.dxf
 62
     1
100
AcDbVertex
100
AcDb3dPolylineVertex
 10
488168.9081641083
 20
9926952.559754794
 30
110.6999969482422
 70
    32
  0
VERTEX
  5
C1
330
5E
100
AcDbEntity
  8
HR_lin.dxf
 62
     1
100
AcDbVertex
100
AcDb3dPolylineVertex
 10
488193.572224115
 20
9926966.745014876
 30
110.0
 70
    32
  0
VERTEX
  5
C2
330
5E
100
AcDbEntity
  8
HR_lin.dxf
 62
     1
100
AcDbVertex
100
AcDb3dPolylineVertex
 10
488218.2362969311
 20
9926980.377621727
 30
107.8000030517578
 70
    32
  0
VERTEX
  5
C3
330
5E
100
AcDbEntity
  8
HR_lin.dxf
 62
     1
100
AcDbVertex
100
AcDb3dPolylineVertex
 10
488242.9003983654
 20
9926992.720706142
 30
108.0999984741211
 70
    32
  0
VERTEX
  5
C4
330
5E
100
AcDbEntity
  8
HR_lin.dxf
 62
     1
100
AcDbVertex
100
AcDb3dPolylineVertex
 10
488267.3790817351
 20
9927003.774264218
 30
108.5
 70
    32
  0
VERTEX
  5
C5
330
5E
100
AcDbEntity
  8
HR_lin.dxf
 62
     1
100
AcDbVertex
100
AcDb3dPolylineVertex
 10
488290.55969603
 20
9927012.248751346
 30
109.8000030517578
 70
    32
  0
VERTEX
  5
C6
330
5E
100
AcDbEntity
  8
HR_lin.dxf
 62
     1
100
AcDbVertex
100
AcDb3dPolylineVertex
 10
488314.8529930217
 20
9927020.539043587
 30
109.6999969482422
 70
    32
  0
VERTEX
  5
C7
330
5E
100
AcDbEntity
  8
HR_lin.dxf
 62
     1
100
AcDbVertex
100
AcDb3dPolylineVertex
 10
488337.6627468616
 20
9927027.539782278
 30
110.5
 70
    32
  0
VERTEX
  5
C8
330
5E
100
AcDbEntity
  8
HR_lin.dxf
 62
     1
100
AcDbVertex
100
AcDb3dPolylineVertex
 10
488358.9889418448
 20
9927033.98783683
 30
111.0
 70
    32
  0
VERTEX
  5
C9
330
5E
100
AcDbEntity
  8
HR_lin.dxf
 62
     1
100
AcDbVertex
100
AcDb3dPolylineVertex
 10
488380.5005837142
 20
9927040.435894376
 30
110.9000015258789
 70
    32
  0
VERTEX
  5
CA
330
5E
100
AcDbEntity
  8
HR_lin.dxf
 62
     1
100
AcDbVertex
100
AcDb3dPolylineVertex
 10
488403.1249039948
 20
9927046.88397432
 30
110.9000015258789
 70
    32
  0
VERTEX
  5
CB
330
5E
100
AcDbEntity
  8
HR_lin.dxf
 62
     1
100
AcDbVertex
100
AcDb3dPolylineVertex
 10
488425.9346595078
 20
9927053.884709014
 30
110.5
 70
    32
  0
VERTEX
  5
CC
330
5E
100
AcDbEntity
  8
HR_lin.dxf
 62
     1
100
AcDbVertex
100
AcDb3dPolylineVertex
 10
488449.1152850811
 20
9927061.990754174
 30
109.5999984741211
 70
    32
  0
VERTEX
  5
CD
330
5E
100
AcDbEntity
  8
HR_lin.dxf
 62
     1
100
AcDbVertex
100
AcDb3dPolylineVertex
 10
488469.6997005418
 20
9927068.254571265
 30
109.0999984741211
 70
    32
  0
VERTEX
  5
CE
330
5E
100
AcDbEntity
  8
HR_lin.dxf
 62
     1
100
AcDbVertex
100
AcDb3dPolylineVertex
 10
488490.4695819019
 20
9927073.597304916
 30
109.1999969482422
 70
    32
  0
VERTEX
  5
CF
330
5E
100
AcDbEntity
  8
HR_lin.dxf
 62
     1
100
AcDbVertex
100
AcDb3dPolylineVertex
 10
488506.4178656943
 20
9927078.571503073
 30
110.5
 70
    32
  0
VERTEX
  5
D0
330
5E
100
AcDbEntity
  8
HR_lin.dxf
 62
     1
100
AcDbVertex
100
AcDb3dPolylineVertex
 10
488519.0281076349
 20
9927083.9140661
 30
112.8000030517578
 70
    32
  0
VERTEX
  5
D1
330
5E
100
AcDbEntity
  8
HR_lin.dxf
 62
     1
100
AcDbVertex
100
AcDb3dPolylineVertex
 10
488530.3402098166
 20
9927089.993471071
 30
113.8000030517578
 70
    32
  0
VERTEX
  5
D2
330
5E
100
AcDbEntity
  8
HR_lin.dxf
 62
     1
100
AcDbVertex
100
AcDb3dPolylineVertex
 10
488539.6123756472
 20
9927097.362354577
 30
114.4000015258789
 70
    32
  0
VERTEX
  5
D3
330
5E
100
AcDbEntity
  8
HR_lin.dxf
 62
     1
100
AcDbVertex
100
AcDb3dPolylineVertex
 10
488543.0793752667
 20
9927101.245960634
 30
114.1576232910156
 70
    32
  0
VERTEX
  5
D4
330
5E
100
AcDbEntity
  8
HR_lin.dxf
 62
     1
100
AcDbVertex
100
AcDb3dPolylineVertex
 10
488551.4808250078
 20
9927103.073335968
 30
115.9000015258789
 70
    32
  0
VERTEX
  5
D5
330
5E
100
AcDbEntity
  8
HR_lin.dxf
 62
     1
100
AcDbVertex
100
AcDb3dPolylineVertex
 10
488567.6146438248
 20
9927103.810538378
 30
116.1999969482422
 70
    32
  0
VERTEX
  5
D6
330
5E
100
AcDbEntity
  8
HR_lin.dxf
 62
     1
100
AcDbVertex
100
AcDb3dPolylineVertex
 10
488582.6358413682
 20
9927101.784458084
 30
114.9000015258789
 70
    32
  0
VERTEX
  5
D7
330
5E
100
AcDbEntity
  8
HR_lin.dxf
 62
     1
100
AcDbVertex
100
AcDb3dPolylineVertex
 10
488599.6969943307
 20
9927097.547811974
 30
114.5
 70
    32
  0
VERTEX
  5
D8
330
5E
100
AcDbEntity
  8
HR_lin.dxf
 62
     1
100
AcDbVertex
100
AcDb3dPolylineVertex
 10
488618.241770712
 20
9927090.732153894
 30
113.3000030517578
 70
    32
  0
VERTEX
  5
D9
330
5E
100
AcDbEntity
  8
HR_lin.dxf
 62
     1
100
AcDbVertex
100
AcDb3dPolylineVertex
 10
488637.8992172503
 20
9927084.284952661
 30
113.0
 70
    32
  0
VERTEX
  5
DA
330
5E
100
AcDbEntity
  8
HR_lin.dxf
 62
     1
100
AcDbVertex
100
AcDb3dPolylineVertex
 10
488655.5167306081
 20
9927078.943012701
 30
114.4000015258789
 70
    32
  0
VERTEX
  5
DB
330
5E
100
AcDbEntity
  8
HR_lin.dxf
 62
     1
100
AcDbVertex
100
AcDb3dPolylineVertex
 10
488675.3595509013
 20
9927075.995942416
 30
116.3000030517578
 70
    32
  0
VERTEX
  5
DC
330
5E
100
AcDbEntity
  8
HR_lin.dxf
 62
     1
100
AcDbVertex
100
AcDb3dPolylineVertex
 10
488695.3877419219
 20
9927076.733220842
 30
118.1999969482422
 70
    32
  0
VERTEX
  5
DD
330
5E
100
AcDbEntity
  8
HR_lin.dxf
 62
     1
100
AcDbVertex
100
AcDb3dPolylineVertex
 10
488715.7867467066
 20
9927081.339068959
 30
117.5999984741211
 70
    32
  0
VERTEX
  5
DE
330
5E
100
AcDbEntity
  8
HR_lin.dxf
 62
     1
100
AcDbVertex
100
AcDb3dPolylineVertex
 10
488740.2654516552
 20
9927091.83995214
 30
116.1999969482422
 70
    32
  0
VERTEX
  5
DF
330
5E
100
AcDbEntity
  8
HR_lin.dxf
 62
     1
100
AcDbVertex
100
AcDb3dPolylineVertex
 10
488769.0094123695
 20
9927102.89357243
 30
112.1999969482422
 70
    32
  0
VERTEX
  5
E0
330
5E
100
AcDbEntity
  8
HR_lin.dxf
 62
     1
100
AcDbVertex
100
AcDb3dPolylineVertex
 10
488799.051483685
 20
9927114.684086394
 30
111.3000030517578
 70
    32
  0
VERTEX
  5
E1
330
5E
100
AcDbEntity
  8
HR_lin.dxf
 62
     1
100
AcDbVertex
100
AcDb3dPolylineVertex
 10
488830.0207693806
 20
9927127.395703588
 30
108.5999984741211
 70
    32
  0
VERTEX
  5
E2
330
5E
100
AcDbEntity
  8
HR_lin.dxf
 62
     1
100
AcDbVertex
100
AcDb3dPolylineVertex
 10
488860.9900709785
 20
9927139.37044974
 30
105.8000030517578
 70
    32
  0
VERTEX
  5
E3
330
5E
100
AcDbEntity
  8
HR_lin.dxf
 62
     1
100
AcDbVertex
100
AcDb3dPolylineVertex
 10
488890.8466844082
 20
9927151.89782346
 30
105.4000015258789
 70
    32
  0
VERTEX
  5
E4
330
5E
100
AcDbEntity
  8
HR_lin.dxf
 62
     1
100
AcDbVertex
100
AcDb3dPolylineVertex
 10
488919.2196986063
 20
9927165.898903852
 30
103.5
 70
    32
  0
VERTEX
  5
E5
330
5E
100
AcDbEntity
  8
HR_lin.dxf
 62
     1
100
AcDbVertex
100
AcDb3dPolylineVertex
 10
488948.3344812406
 20
9927180.821083687
 30
101.9000015258789
 70
    32
  0
VERTEX
  5
E6
330
5E
100
AcDbEntity
  8
HR_lin.dxf
 62
     1
100
AcDbVertex
100
AcDb3dPolylineVertex
 10
488977.4491737353
 20
9927200.348693373
 30
98.0
 70
    32
  0
VERTEX
  5
E7
330
5E
100
AcDbEntity
  8
HR_lin.dxf
 62
     1
100
AcDbVertex
100
AcDb3dPolylineVertex
 10
489008.9747258206
 20
9927217.113090027
 30
95.0999984741211
 70
    32
  0
VERTEX
  5
E8
330
5E
100
AcDbEntity
  8
HR_lin.dxf
 62
     1
100
AcDbVertex
100
AcDb3dPolylineVertex
 10
489044.9510511031
 20
9927230.9300963
 30
91.69999694824219
 70
    32
  0
VERTEX
  5
E9
330
5E
100
AcDbEntity
  8
HR_lin.dxf
 62
     1
100
AcDbVertex
100
AcDb3dPolylineVertex
 10
489084.6364289281
 20
9927238.48378611
 30
90.30000305175781
 70
    32
  0
VERTEX
  5
EA
330
5E
100
AcDbEntity
  8
HR_lin.dxf
 62
     1
100
AcDbVertex
100
AcDb3dPolylineVertex
 10
489127.6599326209
 20
9927241.432106892
 30
88.4000015258789
 70
    32
  0
VERTEX
  5
EB
330
5E
100
AcDbEntity
  8
HR_lin.dxf
 62
     1
100
AcDbVertex
100
AcDb3dPolylineVertex
 10
489169.385419414
 20
9927238.853881279
 30
85.80000305175781
 70
    32
  0
VERTEX
  5
EC
330
5E
100
AcDbEntity
  8
HR_lin.dxf
 62
     1
100
AcDbVertex
100
AcDb3dPolylineVertex
 10
489205.732953106
 20
9927236.643982498
 30
86.9000015258789
 70
    32
  0
VERTEX
  5
ED
330
5E
100
AcDbEntity
  8
HR_lin.dxf
 62
     1
100
AcDbVertex
100
AcDb3dPolylineVertex
 10
489242.2659183932
 20
9927235.170953982
 30
87.0999984741211
 70
    32
  0
VERTEX
  5
EE
330
5E
100
AcDbEntity
  8
HR_lin.dxf
 62
     1
100
AcDbVertex
100
AcDb3dPolylineVertex
 10
489280.4678754853
 20
9927234.987476083
 30
81.19999694824219
 70
    32
  0
VERTEX
  5
EF
330
5E
100
AcDbEntity
  8
HR_lin.dxf
 62
     1
100
AcDbVertex
100
AcDb3dPolylineVertex
 10
489322.1933381123
 20
9927233.514542643
 30
77.30000305175781
 70
    32
  0
VERTEX
  5
F0
330
5E
100
AcDbEntity
  8
HR_lin.dxf
 62
     1
100
AcDbVertex
100
AcDb3dPolylineVertex
 10
489364.2897386728
 20
9927229.64678901
 30
78.0
 70
    32
  0
VERTEX
  5
F1
330
5E
100
AcDbEntity
  8
HR_lin.dxf
 62
     1
100
AcDbVertex
100
AcDb3dPolylineVertex
 10
489403.4190139867
 20
9927224.857889386
 30
79.5
 70
    32
  0
VERTEX
  5
F2
330
5E
100
AcDbEntity
  8
HR_lin.dxf
 62
     1
100
AcDbVertex
100
AcDb3dPolylineVertex
 10
489440.8792464221
 20
9927221.358476028
 30
80.9000015258789
 70
    32
  0
VERTEX
  5
F3
330
5E
100
AcDbEntity
  8
HR_lin.dxf
 62
     1
100
AcDbVertex
100
AcDb3dPolylineVertex
 10
489478.3395163435
 20
9927215.832670566
 30
81.69999694824219
 70
    32
  0
VERTEX
  5
F4
330
5E
100
AcDbEntity
  8
HR_lin.dxf
 62
     1
100
AcDbVertex
100
AcDb3dPolylineVertex
 10
489516.3561626387
 20
9927208.28048357
 30
81.9000015258789
 70
    32
  0
VERTEX
  5
F5
330
5E
100
AcDbEntity
  8
HR_lin.dxf
 62
     1
100
AcDbVertex
100
AcDb3dPolylineVertex
 10
489556.4127659275
 20
9927198.149291217
 30
81.69999694824219
 70
    32
  0
VERTEX
  5
F6
330
5E
100
AcDbEntity
  8
HR_lin.dxf
 62
     1
100
AcDbVertex
100
AcDb3dPolylineVertex
 10
489596.654810291
 20
9927188.202316893
 30
81.4000015258789
 70
    32
  0
VERTEX
  5
F7
330
5E
100
AcDbEntity
  8
HR_lin.dxf
 62
     1
100
AcDbVertex
100
AcDb3dPolylineVertex
 10
489635.9696003843
 20
9927179.360625919
 30
80.69999694824219
 70
    32
  0
VERTEX
  5
F8
330
5E
100
AcDbEntity
  8
HR_lin.dxf
 62
     1
100
AcDbVertex
100
AcDb3dPolylineVertex
 10
489673.4298741019
 20
9927173.28215626
 30
81.5
 70
    32
  0
VERTEX
  5
F9
330
5E
100
AcDbEntity
  8
HR_lin.dxf
 62
     1
100
AcDbVertex
100
AcDb3dPolylineVertex
 10
489709.9627815556
 20
9927174.388138931
 30
81.0
 70
    32
  0
VERTEX
  5
FA
330
5E
100
AcDbEntity
  8
HR_lin.dxf
 62
     1
100
AcDbVertex
100
AcDb3dPolylineVertex
 10
489743.8994129253
 20
9927176.967808977
 30
83.9000015258789
 70
    32
  0
VERTEX
  5
FB
330
5E
100
AcDbEntity
  8
HR_lin.dxf
 62
     1
100
AcDbVertex
100
AcDb3dPolylineVertex
 10
489778.7632657572
 20
9927180.100145675
 30
85.19999694824219
 70
    32
  0
VERTEX
  5
FC
330
5E
100
AcDbEntity
  8
HR_lin.dxf
 62
     1
100
AcDbVertex
100
AcDb3dPolylineVertex
 10
489816.7797605423
 20
9927180.28506244
 30
88.0
 70
    32
  0
VERTEX
  5
FD
330
5E
100
AcDbEntity
  8
HR_lin.dxf
 62
     1
100
AcDbVertex
100
AcDb3dPolylineVertex
 10
489854.2398789161
 20
9927182.496355865
 30
85.80000305175781
 70
    32
  0
VERTEX
  5
FE
330
5E
100
AcDbEntity
  8
HR_lin.dxf
 62
     1
100
AcDbVertex
100
AcDb3dPolylineVertex
 10
489892.2563058944
 20
9927186.365611851
 30
84.5999984741211
 70
    32
  0
VERTEX
  5
FF
330
5E
100
AcDbEntity
  8
HR_lin.dxf
 62
     1
100
AcDbVertex
100
AcDb3dPolylineVertex
 10
489930.828981829
 20
9927195.208740177
 30
82.5999984741211
 70
    32
  0
VERTEX
  5
100
330
5E
100
AcDbEntity
  8
HR_lin.dxf
 62
     1
100
AcDbVertex
100
AcDb3dPolylineVertex
 10
489968.65976999
 20
9927209.762585973
 30
75.80000305175781
 70
    32
  0
VERTEX
  5
101
330
5E
100
AcDbEntity
  8
HR_lin.dxf
 62
     1
100
AcDbVertex
100
AcDb3dPolylineVertex
 10
490008.9013688906
 20
9927223.948037898
 30
71.5
 70
    32
  0
VERTEX
  5
102
330
5E
100
AcDbEntity
  8
HR_lin.dxf
 62
     1
100
AcDbVertex
100
AcDb3dPolylineVertex
 10
490050.4411070212
 20
9927237.396641038
 30
68.0999984741211
 70
    32
  0
VERTEX
  5
103
330
5E
100
AcDbEntity
  8
HR_lin.dxf
 62
     1
100
AcDbVertex
100
AcDb3dPolylineVertex
 10
490090.3118296989
 20
9927250.845210988
 30
65.0
 70
    32
  0
VERTEX
  5
104
330
5E
100
AcDbEntity
  8
HR_lin.dxf
 62
     1
100
AcDbVertex
100
AcDb3dPolylineVertex
 10
490129.2553353804
 20
9927263.556892477
 30
63.90000152587891
 70
    32
  0
VERTEX
  5
105
330
5E
100
AcDbEntity
  8
HR_lin.dxf
 62
     1
100
AcDbVertex
100
AcDb3dPolylineVertex
 10
490167.0861611651
 20
9927276.452768486
 30
62.90000152587891
 70
    32
  0
VERTEX
  5
106
330
5E
100
AcDbEntity
  8
HR_lin.dxf
 62
     1
100
AcDbVertex
100
AcDb3dPolylineVertex
 10
490202.6915801919
 20
9927292.296077715
 30
65.4000015258789
 70
    32
  0
VERTEX
  5
107
330
5E
100
AcDbEntity
  8
HR_lin.dxf
 62
     1
100
AcDbVertex
100
AcDb3dPolylineVertex
 10
490239.2242425668
 20
9927307.586749062
 30
66.19999694824219
 70
    32
  0
VERTEX
  5
108
330
5E
100
AcDbEntity
  8
HR_lin.dxf
 62
     1
100
AcDbVertex
100
AcDb3dPolylineVertex
 10
490276.31323275
 20
9927323.614296274
 30
66.19999694824219
 70
    32
  0
VERTEX
  5
109
330
5E
100
AcDbEntity
  8
HR_lin.dxf
 62
     1
100
AcDbVertex
100
AcDb3dPolylineVertex
 10
490314.32942458
 20
9927341.484028889
 30
66.80000305175781
 70
    32
  0
VERTEX
  5
10A
330
5E
100
AcDbEntity
  8
HR_lin.dxf
 62
     1
100
AcDbVertex
100
AcDb3dPolylineVertex
 10
490352.1601945636
 20
9927358.064234952
 30
67.80000305175781
 70
    32
  0
VERTEX
  5
10B
330
5E
100
AcDbEntity
  8
HR_lin.dxf
 62
     1
100
AcDbVertex
100
AcDb3dPolylineVertex
 10
490391.8454906523
 20
9927371.144343434
 30
67.9000015258789
 70
    32
  0
VERTEX
  5
10C
330
5E
100
AcDbEntity
  8
HR_lin.dxf
 62
     1
100
AcDbVertex
100
AcDb3dPolylineVertex
 10
490432.2726531632
 20
9927379.619031707
 30
70.69999694824219
 70
    32
  0
VERTEX
  5
10D
330
5E
100
AcDbEntity
  8
HR_lin.dxf
 62
     1
100
AcDbVertex
100
AcDb3dPolylineVertex
 10
490473.6270987449
 20
9927385.146257663
 30
73.5
 70
    32
  0
VERTEX
  5
10E
330
5E
100
AcDbEntity
  8
HR_lin.dxf
 62
     1
100
AcDbVertex
100
AcDb3dPolylineVertex
 10
490513.6834359476
 20
9927389.752372328
 30
75.5999984741211
 70
    32
  0
VERTEX
  5
10F
330
5E
100
AcDbEntity
  8
HR_lin.dxf
 62
     1
100
AcDbVertex
100
AcDb3dPolylineVertex
 10
490554.2961031632
 20
9927394.911145043
 30
76.30000305175781
 70
    32
  0
VERTEX
  5
110
330
5E
100
AcDbEntity
  8
HR_lin.dxf
 62
     1
100
AcDbVertex
100
AcDb3dPolylineVertex
 10
490593.9815327083
 20
9927400.438333387
 30
77.80000305175781
 70
    32
  0
VERTEX
  5
111
330
5E
100
AcDbEntity
  8
HR_lin.dxf
 62
     1
100
AcDbVertex
100
AcDb3dPolylineVertex
 10
490630.6998238262
 20
9927405.781251632
 30
80.0999984741211
 70
    32
  0
VERTEX
  5
112
330
5E
100
AcDbEntity
  8
HR_lin.dxf
 62
     1
100
AcDbVertex
100
AcDb3dPolylineVertex
 10
490666.6763174586
 20
9927411.861023653
 30
80.80000305175781
 70
    32
  0
VERTEX
  5
113
330
5E
100
AcDbEntity
  8
HR_lin.dxf
 62
     1
100
AcDbVertex
100
AcDb3dPolylineVertex
 10
490700.6128399482
 20
9927421.625102822
 30
79.19999694824219
 70
    32
  0
VERTEX
  5
114
330
5E
100
AcDbEntity
  8
HR_lin.dxf
 62
     1
100
AcDbVertex
100
AcDb3dPolylineVertex
 10
490729.3567728874
 20
9927436.915608738
 30
80.4000015258789
 70
    32
  0
VERTEX
  5
115
330
5E
100
AcDbEntity
  8
HR_lin.dxf
 62
     1
100
AcDbVertex
100
AcDb3dPolylineVertex
 10
490759.2133579139
 20
9927453.864086065
 30
80.0999984741211
 70
    32
  0
VERTEX
  5
116
330
5E
100
AcDbEntity
  8
HR_lin.dxf
 62
     1
100
AcDbVertex
100
AcDb3dPolylineVertex
 10
490795.1897057884
 20
9927468.97049098
 30
76.9000015258789
 70
    32
  0
VERTEX
  5
117
330
5E
100
AcDbEntity
  8
HR_lin.dxf
 62
     1
100
AcDbVertex
100
AcDb3dPolylineVertex
 10
490834.3187137916
 20
9927479.839950139
 30
73.30000305175781
 70
    32
  0
VERTEX
  5
118
330
5E
100
AcDbEntity
  8
HR_lin.dxf
 62
     1
100
AcDbVertex
100
AcDb3dPolylineVertex
 10
490877.3421031911
 20
9927490.341035813
 30
70.5999984741211
 70
    32
  0
VERTEX
  5
119
330
5E
100
AcDbEntity
  8
HR_lin.dxf
 62
     1
100
AcDbVertex
100
AcDb3dPolylineVertex
 10
490921.2926806818
 20
9927503.605390683
 30
68.5
 70
    32
  0
VERTEX
  5
11A
330
5E
100
AcDbEntity
  8
HR_lin.dxf
 62
     1
100
AcDbVertex
100
AcDb3dPolylineVertex
 10
490965.799634907
 20
9927514.659144774
 30
69.4000015258789
 70
    32
  0
VERTEX
  5
11B
330
5E
100
AcDbEntity
  8
HR_lin.dxf
 62
     1
100
AcDbVertex
100
AcDb3dPolylineVertex
 10
491009.9357332948
 20
9927523.502283057
 30
72.5
 70
    32
  0
VERTEX
  5
11C
330
5E
100
AcDbEntity
  8
HR_lin.dxf
 62
     1
100
AcDbVertex
100
AcDb3dPolylineVertex
 10
491052.5883030775
 20
9927529.766353486
 30
74.5
 70
    32
  0
VERTEX
  5
11D
330
5E
100
AcDbEntity
  8
HR_lin.dxf
 62
     1
100
AcDbVertex
100
AcDb3dPolylineVertex
 10
491094.1282538409
 20
9927532.346059414
 30
77.5999984741211
 70
    32
  0
VERTEX
  5
11E
330
5E
100
AcDbEntity
  8
HR_lin.dxf
 62
     1
100
AcDbVertex
100
AcDb3dPolylineVertex
 10
491132.8865468411
 20
9927532.530894786
 30
80.0
 70
    32
  0
VERTEX
  5
11F
330
5E
100
AcDbEntity
  8
HR_lin.dxf
 62
     1
100
AcDbVertex
100
AcDb3dPolylineVertex
 10
491169.4194450101
 20
9927535.110515319
 30
83.0
 70
    32
  0
VERTEX
  5
120
330
5E
100
AcDbEntity
  8
HR_lin.dxf
 62
     1
100
AcDbVertex
100
AcDb3dPolylineVertex
 10
491205.5814300217
 20
9927538.979647696
 30
84.5999984741211
 70
    32
  0
VERTEX
  5
121
330
5E
100
AcDbEntity
  8
HR_lin.dxf
 62
     1
100
AcDbVertex
100
AcDb3dPolylineVertex
 10
491242.6706211129
 20
9927544.506746681
 30
84.30000305175781
 70
    32
  0
VERTEX
  5
122
330
5E
100
AcDbEntity
  8
HR_lin.dxf
 62
     1
100
AcDbVertex
100
AcDb3dPolylineVertex
 10
491277.7198879615
 20
9927550.95489698
 30
87.4000015258789
 70
    32
  0
VERTEX
  5
123
330
5E
100
AcDbEntity
  8
HR_lin.dxf
 62
     1
100
AcDbVertex
100
AcDb3dPolylineVertex
 10
491312.0273812436
 20
9927556.666164784
 30
87.9000015258789
 70
    32
  0
VERTEX
  5
124
330
5E
100
AcDbEntity
  8
HR_lin.dxf
 62
     1
100
AcDbVertex
100
AcDb3dPolylineVertex
 10
491347.6329797515
 20
9927563.666970635
 30
85.19999694824219
 70
    32
  0
VERTEX
  5
125
330
5E
100
AcDbEntity
  8
HR_lin.dxf
 62
     1
100
AcDbVertex
100
AcDb3dPolylineVertex
 10
491384.53671223
 20
9927570.115142705
 30
82.69999694824219
 70
    32
  0
VERTEX
  5
126
330
5E
100
AcDbEntity
  8
HR_lin.dxf
 62
     1
100
AcDbVertex
100
AcDb3dPolylineVertex
 10
491423.8512285
 20
9927577.852869391
 30
80.9000015258789
 70
    32
  0
VERTEX
  5
127
330
5E
100
AcDbEntity
  8
HR_lin.dxf
 62
     1
100
AcDbVertex
100
AcDb3dPolylineVertex
 10
491460.5694875707
 20
9927586.143204873
 30
77.9000015258789
 70
    32
  0
VERTEX
  5
128
330
5E
100
AcDbEntity
  8
HR_lin.dxf
 62
     1
100
AcDbVertex
100
AcDb3dPolylineVertex
 10
491500.8111616683
 20
9927598.854803123
 30
76.19999694824219
 70
    32
  0
VERTEX
  5
129
330
5E
100
AcDbEntity
  8
HR_lin.dxf
 62
     1
100
AcDbVertex
100
AcDb3dPolylineVertex
 10
491541.0528317059
 20
9927611.934832543
 30
75.0999984741211
 70
    32
  0
VERTEX
  5
12A
330
5E
100
AcDbEntity
  8
HR_lin.dxf
 62
     1
100
AcDbVertex
100
AcDb3dPolylineVertex
 10
491581.2944920939
 20
9927625.75172742
 30
75.4000015258789
 70
    32
  0
VERTEX
  5
12B
330
5E
100
AcDbEntity
  8
HR_lin.dxf
 62
     1
100
AcDbVertex
100
AcDb3dPolylineVertex
 10
491618.9399378236
 20
9927637.357974423
 30
77.9000015258789
 70
    32
  0
VERTEX
  5
12C
330
5E
100
AcDbEntity
  8
HR_lin.dxf
 62
     1
100
AcDbVertex
100
AcDb3dPolylineVertex
 10
491654.3600829277
 20
9927645.279842544
 30
78.69999694824219
 70
    32
  0
VERTEX
  5
12D
330
5E
100
AcDbEntity
  8
HR_lin.dxf
 62
     1
100
AcDbVertex
100
AcDb3dPolylineVertex
 10
491691.8201832558
 20
9927650.254264396
 30
79.5999984741211
 70
    32
  0
VERTEX
  5
12E
330
5E
100
AcDbEntity
  8
HR_lin.dxf
 62
     1
100
AcDbVertex
100
AcDb3dPolylineVertex
 10
491730.5784660778
 20
9927651.36014293
 30
79.0
 70
    32
  0
VERTEX
  5
12F
330
5E
100
AcDbEntity
  8
HR_lin.dxf
 62
     1
100
AcDbVertex
100
AcDb3dPolylineVertex
 10
491769.893158603
 20
9927647.676381337
 30
77.0
 70
    32
  0
VERTEX
  5
130
330
5E
100
AcDbEntity
  8
HR_lin.dxf
 62
     1
100
AcDbVertex
100
AcDb3dPolylineVertex
 10
491809.39331837
 20
9927642.518882647
 30
76.9000015258789
 70
    32
  0
VERTEX
  5
131
330
5E
100
AcDbEntity
  8
HR_lin.dxf
 62
     1
100
AcDbVertex
100
AcDb3dPolylineVertex
 10
491844.8136321704
 20
9927639.019275859
 30
75.5999984741211
 70
    32
  0
VERTEX
  5
132
330
5E
100
AcDbEntity
  8
HR_lin.dxf
 62
     1
100
AcDbVertex
100
AcDb3dPolylineVertex
 10
491880.9756557313
 20
9927640.677757455
 30
76.5
 70
    32
  0
VERTEX
  5
133
330
5E
100
AcDbEntity
  8
HR_lin.dxf
 62
     1
100
AcDbVertex
100
AcDb3dPolylineVertex
 10
491916.5812866767
 20
9927646.020571306
 30
76.4000015258789
 70
    32
  0
VERTEX
  5
134
330
5E
100
AcDbEntity
  8
HR_lin.dxf
 62
     1
100
AcDbVertex
100
AcDb3dPolylineVertex
 10
491949.7760776267
 20
9927653.942387894
 30
76.5999984741211
 70
    32
  0
VERTEX
  5
135
330
5E
100
AcDbEntity
  8
HR_lin.dxf
 62
     1
100
AcDbVertex
100
AcDb3dPolylineVertex
 10
491982.0435658906
 20
9927666.83805163
 30
75.0999984741211
 70
    32
  0
VERTEX
  5
136
330
5E
100
AcDbEntity
  8
HR_lin.dxf
 62
     1
100
AcDbVertex
100
AcDb3dPolylineVertex
 10
492017.8345503976
 20
9927678.812678069
 30
70.9000015258789
 70
    32
  0
VERTEX
  5
137
330
5E
100
AcDbEntity
  8
HR_lin.dxf
 62
     1
100
AcDbVertex
100
AcDb3dPolylineVertex
 10
492053.0692493164
 20
9927687.102951547
 30
69.4000015258789
 70
    32
  0
VERTEX
  5
138
330
5E
100
AcDbEntity
  8
HR_lin.dxf
 62
     1
100
AcDbVertex
100
AcDb3dPolylineVertex
 10
492093.1255635777
 20
9927694.840639597
 30
71.4000015258789
 70
    32
  0
VERTEX
  5
139
330
5E
100
AcDbEntity
  8
HR_lin.dxf
 62
     1
100
AcDbVertex
100
AcDb3dPolylineVertex
 10
492131.141970775
 20
9927702.394078784
 30
71.0
 70
    32
  0
VERTEX
  5
13A
330
5E
100
AcDbEntity
  8
HR_lin.dxf
 62
     1
100
AcDbVertex
100
AcDb3dPolylineVertex
 10
492165.0785783274
 20
9927708.473721055
 30
73.4000015258789
 70
    32
  0
VERTEX
  5
13B
330
5E
100
AcDbEntity
  8
HR_lin.dxf
 62
     1
100
AcDbVertex
100
AcDb3dPolylineVertex
 10
492199.5715204926
 20
9927714.921803197
 30
73.5999984741211
 70
    32
  0
VERTEX
  5
13C
330
5E
100
AcDbEntity
  8
HR_lin.dxf
 62
     1
100
AcDbVertex
100
AcDb3dPolylineVertex
 10
492237.4025370505
 20
9927718.606672693
 30
75.19999694824219
 70
    32
  0
VERTEX
  5
13D
330
5E
100
AcDbEntity
  8
HR_lin.dxf
 62
     1
100
AcDbVertex
100
AcDb3dPolylineVertex
 10
492274.4917605125
 20
9927722.844180673
 30
76.30000305175781
 70
    32
  0
VERTEX
  5
13E
330
5E
100
AcDbEntity
  8
HR_lin.dxf
 62
     1
100
AcDbVertex
100
AcDb3dPolylineVertex
 10
492311.5809641025
 20
9927728.555423087
 30
77.0
 70
    32
  0
VERTEX
  5
13F
330
5E
100
AcDbEntity
  8
HR_lin.dxf
 62
     1
100
AcDbVertex
100
AcDb3dPolylineVertex
 10
492349.5973774097
 20
9927735.924629712
 30
75.9000015258789
 70
    32
  0
VERTEX
  5
140
330
5E
100
AcDbEntity
  8
HR_lin.dxf
 62
     1
100
AcDbVertex
100
AcDb3dPolylineVertex
 10
492387.428335075
 20
9927744.030699585
 30
74.80000305175781
 70
    32
  0
VERTEX
  5
141
330
5E
100
AcDbEntity
  8
HR_lin.dxf
 62
     1
100
AcDbVertex
100
AcDb3dPolylineVertex
 10
492426.1865382157
 20
9927751.215693768
 30
77.0999984741211
 70
    32
  0
VERTEX
  5
142
330
5E
100
AcDbEntity
  8
HR_lin.dxf
 62
     1
100
AcDbVertex
100
AcDb3dPolylineVertex
 10
492465.315634767
 20
9927758.400690157
 30
75.5
 70
    32
  0
VERTEX
  5
143
330
5E
100
AcDbEntity
  8
HR_lin.dxf
 62
     1
100
AcDbVertex
100
AcDb3dPolylineVertex
 10
492505.0010763534
 20
9927765.217256937
 30
73.19999694824219
 70
    32
  0
VERTEX
  5
144
330
5E
100
AcDbEntity
  8
HR_lin.dxf
 62
     1
100
AcDbVertex
100
AcDb3dPolylineVertex
 10
492544.686476854
 20
9927775.16551168
 30
69.9000015258789
 70
    32
  0
VERTEX
  5
145
330
5E
100
AcDbEntity
  8
HR_lin.dxf
 62
     1
100
AcDbVertex
100
AcDb3dPolylineVertex
 10
492584.557319957
 20
9927785.482200138
 30
69.4000015258789
 70
    32
  0
VERTEX
  5
146
330
5E
100
AcDbEntity
  8
HR_lin.dxf
 62
     1
100
AcDbVertex
100
AcDb3dPolylineVertex
 10
492625.9118280363
 20
9927788.79865506
 30
69.5
 70
    32
  0
VERTEX
  5
147
330
5E
100
AcDbEntity
  8
HR_lin.dxf
 62
     1
100
AcDbVertex
100
AcDb3dPolylineVertex
 10
492664.6701926799
 20
9927784.009520117
 30
71.0999984741211
 70
    32
  0
VERTEX
  5
148
330
5E
100
AcDbEntity
  8
HR_lin.dxf
 62
     1
100
AcDbVertex
100
AcDb3dPolylineVertex
 10
492703.0576948531
 20
9927776.825555343
 30
73.4000015258789
 70
    32
  0
VERTEX
  5
149
330
5E
100
AcDbEntity
  8
HR_lin.dxf
 62
     1
100
AcDbVertex
100
AcDb3dPolylineVertex
 10
492739.4052494107
 20
9927772.404818105
 30
79.0
 70
    32
  0
VERTEX
  5
14A
330
5E
100
AcDbEntity
  8
HR_lin.dxf
 62
     1
100
AcDbVertex
100
AcDb3dPolylineVertex
 10
492775.0109627197
 20
9927772.221062344
 30
82.5
 70
    32
  0
VERTEX
  5
14B
330
5E
100
AcDbEntity
  8
HR_lin.dxf
 62
     1
100
AcDbVertex
100
AcDb3dPolylineVertex
 10
492810.6166520886
 20
9927773.879475338
 30
83.80000305175781
 70
    32
  0
VERTEX
  5
14C
330
5E
100
AcDbEntity
  8
HR_lin.dxf
 62
     1
100
AcDbVertex
100
AcDb3dPolylineVertex
 10
492844.1824119992
 20
9927777.011596743
 30
84.5
 70
    32
  0
VERTEX
  5
14D
330
5E
100
AcDbEntity
  8
HR_lin.dxf
 62
     1
100
AcDbVertex
100
AcDb3dPolylineVertex
 10
492878.4898804406
 20
9927786.222889835
 30
80.0999984741211
 70
    32
  0
VERTEX
  5
14E
330
5E
100
AcDbEntity
  8
HR_lin.dxf
 62
     1
100
AcDbVertex
100
AcDb3dPolylineVertex
 10
492912.2409450869
 20
9927800.592252415
 30
80.5999984741211
 70
    32
  0
VERTEX
  5
14F
330
5E
100
AcDbEntity
  8
HR_lin.dxf
 62
     1
100
AcDbVertex
100
AcDb3dPolylineVertex
 10
492948.7737308123
 20
9927813.11947688
 30
80.9000015258789
 70
    32
  0
VERTEX
  5
150
330
5E
100
AcDbEntity
  8
HR_lin.dxf
 62
     1
100
AcDbVertex
100
AcDb3dPolylineVertex
 10
492988.8300715868
 20
9927819.936012996
 30
81.80000305175781
 70
    32
  0
VERTEX
  5
151
330
5E
100
AcDbEntity
  8
HR_lin.dxf
 62
     1
100
AcDbVertex
100
AcDb3dPolylineVertex
 10
493028.5155524041
 20
9927824.1735022
 30
82.19999694824219
 70
    32
  0
VERTEX
  5
152
330
5E
100
AcDbEntity
  8
HR_lin.dxf
 62
     1
100
AcDbVertex
100
AcDb3dPolylineVertex
 10
493068.3865141407
 20
9927825.647734426
 30
83.0
 70
    32
  0
VERTEX
  5
153
330
5E
100
AcDbEntity
  8
HR_lin.dxf
 62
     1
100
AcDbVertex
100
AcDb3dPolylineVertex
 10
493107.8866079815
 20
9927825.095571207
 30
83.19999694824219
 70
    32
  0
VERTEX
  5
154
330
5E
100
AcDbEntity
  8
HR_lin.dxf
 62
     1
100
AcDbVertex
100
AcDb3dPolylineVertex
 10
493148.1285187668
 20
9927821.964375021
 30
84.0
 70
    32
  0
VERTEX
  5
155
330
5E
100
AcDbEntity
  8
HR_lin.dxf
 62
     1
100
AcDbVertex
100
AcDb3dPolylineVertex
 10
493188.5558460065
 20
9927821.228000406
 30
81.5
 70
    32
  0
VERTEX
  5
156
330
5E
100
AcDbEntity
  8
HR_lin.dxf
 62
     1
100
AcDbVertex
100
AcDb3dPolylineVertex
 10
493229.5395122122
 20
9927820.491629614
 30
79.4000015258789
 70
    32
  0
VERTEX
  5
157
330
5E
100
AcDbEntity
  8
HR_lin.dxf
 62
     1
100
AcDbVertex
100
AcDb3dPolylineVertex
 10
493272.0067646707
 20
9927818.465754066
 30
77.4000015258789
 70
    32
  0
VERTEX
  5
158
330
5E
100
AcDbEntity
  8
HR_lin.dxf
 62
     1
100
AcDbVertex
100
AcDb3dPolylineVertex
 10
493313.732195729
 20
9927819.387339827
 30
77.80000305175781
 70
    32
  0
VERTEX
  5
159
330
5E
100
AcDbEntity
  8
HR_lin.dxf
 62
     1
100
AcDbVertex
100
AcDb3dPolylineVertex
 10
493353.7885345499
 20
9927826.572283508
 30
76.0999984741211
 70
    32
  0
VERTEX
  5
15A
330
5E
100
AcDbEntity
  8
HR_lin.dxf
 62
     1
100
AcDbVertex
100
AcDb3dPolylineVertex
 10
493390.3213510556
 20
9927837.257307194
 30
77.9000015258789
 70
    32
  0
VERTEX
  5
15B
330
5E
100
AcDbEntity
  8
HR_lin.dxf
 62
     1
100
AcDbVertex
100
AcDb3dPolylineVertex
 10
493426.6686983893
 20
9927849.968714086
 30
81.5999984741211
 70
    32
  0
VERTEX
  5
15C
330
5E
100
AcDbEntity
  8
HR_lin.dxf
 62
     1
100
AcDbVertex
100
AcDb3dPolylineVertex
 10
493461.3470080053
 20
9927864.522269776
 30
86.30000305175781
 70
    32
  0
VERTEX
  5
15D
330
5E
100
AcDbEntity
  8
HR_lin.dxf
 62
     1
100
AcDbVertex
100
AcDb3dPolylineVertex
 10
493495.4690185243
 20
9927875.759909244
 30
89.9000015258789
 70
    32
  0
VERTEX
  5
15E
330
5E
100
AcDbEntity
  8
HR_lin.dxf
 62
     1
100
AcDbVertex
100
AcDb3dPolylineVertex
 10
493527.922025089
 20
9927885.89222474
 30
94.0
 70
    32
  0
VERTEX
  5
15F
330
5E
100
AcDbEntity
  8
HR_lin.dxf
 62
     1
100
AcDbVertex
100
AcDb3dPolylineVertex
 10
493562.0440506284
 20
9927896.024557436
 30
97.5999984741211
 70
    32
  0
VERTEX
  5
160
330
5E
100
AcDbEntity
  8
HR_lin.dxf
 62
     1
100
AcDbVertex
100
AcDb3dPolylineVertex
 10
493597.4642063762
 20
9927905.78846863
 30
100.6999969482422
 70
    32
  0
VERTEX
  5
161
330
5E
100
AcDbEntity
  8
HR_lin.dxf
 62
     1
100
AcDbVertex
100
AcDb3dPolylineVertex
 10
493635.2951856564
 20
9927913.894451188
 30
103.6999969482422
 70
    32
  0
VERTEX
  5
162
330
5E
100
AcDbEntity
  8
HR_lin.dxf
 62
     1
100
AcDbVertex
100
AcDb3dPolylineVertex
 10
493673.8679786294
 20
9927919.605617503
 30
105.5999984741211
 70
    32
  0
VERTEX
  5
163
330
5E
100
AcDbEntity
  8
HR_lin.dxf
 62
     1
100
AcDbVertex
100
AcDb3dPolylineVertex
 10
493708.731847583
 20
9927924.948305303
 30
107.8000030517578
 70
    32
  0
VERTEX
  5
164
330
5E
100
AcDbEntity
  8
HR_lin.dxf
 62
     1
100
AcDbVertex
100
AcDb3dPolylineVertex
 10
493740.6285618133
 20
9927931.396260163
 30
111.0999984741211
 70
    32
  0
VERTEX
  5
165
330
5E
100
AcDbEntity
  8
HR_lin.dxf
 62
     1
100
AcDbVertex
100
AcDb3dPolylineVertex
 10
493772.5253155317
 20
9927934.344088783
 30
111.9000015258789
 70
    32
  0
VERTEX
  5
166
330
5E
100
AcDbEntity
  8
HR_lin.dxf
 62
     1
100
AcDbVertex
100
AcDb3dPolylineVertex
 10
493805.3492995235
 20
9927937.476142883
 30
111.8000030517578
 70
    32
  0
VERTEX
  5
167
330
5E
100
AcDbEntity
  8
HR_lin.dxf
 62
     1
100
AcDbVertex
100
AcDb3dPolylineVertex
 10
493841.511311424
 20
9927941.345100006
 30
106.5999984741211
 70
    32
  0
VERTEX
  5
168
330
5E
100
AcDbEntity
  8
HR_lin.dxf
 62
     1
100
AcDbVertex
100
AcDb3dPolylineVertex
 10
493880.6405067322
 20
9927941.529745795
 30
102.0999984741211
 70
    32
  0
VERTEX
  5
169
330
5E
100
AcDbEntity
  8
HR_lin.dxf
 62
     1
100
AcDbVertex
100
AcDb3dPolylineVertex
 10
493921.0678409936
 20
9927940.424883462
 30
101.5
 70
    32
  0
VERTEX
  5
16A
330
5E
100
AcDbEntity
  8
HR_lin.dxf
 62
     1
100
AcDbVertex
100
AcDb3dPolylineVertex
 10
493958.8989366771
 20
9927938.214687843
 30
99.30000305175781
 70
    32
  0
VERTEX
  5
16B
330
5E
100
AcDbEntity
  8
HR_lin.dxf
 62
     1
100
AcDbVertex
100
AcDb3dPolylineVertex
 10
493995.0610515152
 20
9927932.504347567
 30
94.30000305175781
 70
    32
  0
VERTEX
  5
16C
330
5E
100
AcDbEntity
  8
HR_lin.dxf
 62
     1
100
AcDbVertex
100
AcDb3dPolylineVertex
 10
494030.4814425181
 20
9927920.899051052
 30
89.30000305175781
 70
    32
  0
VERTEX
  5
16D
330
5E
100
AcDbEntity
  8
HR_lin.dxf
 62
     1
100
AcDbVertex
100
AcDb3dPolylineVertex
 10
494065.7163835937
 20
9927909.47796751
 30
88.5999984741211
 70
    32
  0
VERTEX
  5
16E
330
5E
100
AcDbEntity
  8
HR_lin.dxf
 62
     1
100
AcDbVertex
100
AcDb3dPolylineVertex
 10
494101.6931008804
 20
9927898.793757932
 30
86.5
 70
    32
  0
VERTEX
  5
16F
330
5E
100
AcDbEntity
  8
HR_lin.dxf
 62
     1
100
AcDbVertex
100
AcDb3dPolylineVertex
 10
494136.5571536068
 20
9927886.635798004
 30
83.0
 70
    32
  0
VERTEX
  5
170
330
5E
100
AcDbEntity
  8
HR_lin.dxf
 62
     1
100
AcDbVertex
100
AcDb3dPolylineVertex
 10
494171.4212201224
 20
9927873.004099535
 30
77.0
 70
    32
  0
VERTEX
  5
171
330
5E
100
AcDbEntity
  8
HR_lin.dxf
 62
     1
100
AcDbVertex
100
AcDb3dPolylineVertex
 10
494205.5435639076
 20
9927853.1090113
 30
73.30000305175781
 70
    32
  0
VERTEX
  5
172
330
5E
100
AcDbEntity
  8
HR_lin.dxf
 62
     1
100
AcDbVertex
100
AcDb3dPolylineVertex
 10
494240.4077211971
 20
9927830.266455853
 30
72.30000305175781
 70
    32
  0
VERTEX
  5
173
330
5E
100
AcDbEntity
  8
HR_lin.dxf
 62
     1
100
AcDbVertex
100
AcDb3dPolylineVertex
 10
494273.973756406
 20
9927806.871233976
 30
73.5
 70
    32
  0
VERTEX
  5
174
330
5E
100
AcDbEntity
  8
HR_lin.dxf
 62
     1
100
AcDbVertex
100
AcDb3dPolylineVertex
 10
494305.8707733944
 20
9927783.29177623
 30
77.0
 70
    32
  0
VERTEX
  5
175
330
5E
100
AcDbEntity
  8
HR_lin.dxf
 62
     1
100
AcDbVertex
100
AcDb3dPolylineVertex
 10
494337.7678081572
 20
9927757.68592923
 30
71.5
 70
    32
  0
VERTEX
  5
176
330
5E
100
AcDbEntity
  8
HR_lin.dxf
 62
     1
100
AcDbVertex
100
AcDb3dPolylineVertex
 10
494367.6248761662
 20
9927737.422354694
 30
74.30000305175781
 70
    32
  0
VERTEX
  5
177
330
5E
100
AcDbEntity
  8
HR_lin.dxf
 62
     1
100
AcDbVertex
100
AcDb3dPolylineVertex
 10
494399.8927573836
 20
9927715.869283503
 30
76.30000305175781
 70
    32
  0
VERTEX
  5
178
330
5E
100
AcDbEntity
  8
HR_lin.dxf
 62
     1
100
AcDbVertex
100
AcDb3dPolylineVertex
 10
494426.4118050944
 20
9927693.763502102
 30
78.5
 70
    32
  0
VERTEX
  5
179
330
5E
100
AcDbEntity
  8
HR_lin.dxf
 62
     1
100
AcDbVertex
100
AcDb3dPolylineVertex
 10
494446.9965993769
 20
9927668.525970649
 30
78.4000015258789
 70
    32
  0
VERTEX
  5
17A
330
5E
100
AcDbEntity
  8
HR_lin.dxf
 62
     1
100
AcDbVertex
100
AcDb3dPolylineVertex
 10
494461.4616468687
 20
9927644.946331339
 30
78.5
 70
    32
  0
VERTEX
  5
17B
330
5E
100
AcDbEntity
  8
HR_lin.dxf
 62
     1
100
AcDbVertex
100
AcDb3dPolylineVertex
 10
494474.2576344223
 20
9927625.603667457
 30
78.5
 70
    32
  0
VERTEX
  5
17C
330
5E
100
AcDbEntity
  8
HR_lin.dxf
 62
     1
100
AcDbVertex
100
AcDb3dPolylineVertex
 10
494488.908047802
 20
9927609.945362752
 30
78.69999694824219
 70
    32
  0
VERTEX
  5
17D
330
5E
100
AcDbEntity
  8
HR_lin.dxf
 62
     1
100
AcDbVertex
100
AcDb3dPolylineVertex
 10
494506.7109948099
 20
9927599.629383355
 30
79.0
 70
    32
  0
VERTEX
  5
17E
330
5E
100
AcDbEntity
  8
HR_lin.dxf
 62
     1
100
AcDbVertex
100
AcDb3dPolylineVertex
 10
494523.4012361961
 20
9927592.076648314
 30
77.9000015258789
 70
    32
  0
VERTEX
  5
17F
330
5E
100
AcDbEntity
  8
HR_lin.dxf
 62
     1
100
AcDbVertex
100
AcDb3dPolylineVertex
 10
494540.2768873598
 20
9927588.208255688
 30
77.9000015258789
 70
    32
  0
VERTEX
  5
180
330
5E
100
AcDbEntity
  8
HR_lin.dxf
 62
     1
100
AcDbVertex
100
AcDb3dPolylineVertex
 10
494556.4107170585
 20
9927588.024196384
 30
78.5
 70
    32
  0
VERTEX
  5
181
330
5E
100
AcDbEntity
  8
HR_lin.dxf
 62
     1
100
AcDbVertex
100
AcDb3dPolylineVertex
 10
494569.9482608016
 20
9927591.708669443
 30
78.9000015258789
 70
    32
  0
VERTEX
  5
182
330
5E
100
AcDbEntity
  8
HR_lin.dxf
 62
     1
100
AcDbVertex
100
AcDb3dPolylineVertex
 10
494579.4059879846
 20
9927595.20888546
 30
79.0
 70
    32
  0
VERTEX
  5
183
330
5E
100
AcDbEntity
  8
HR_lin.dxf
 62
     1
100
AcDbVertex
100
AcDb3dPolylineVertex
 10
494584.783911056
 20
9927597.235325286
 30
79.69999694824219
 70
    32
  0
VERTEX
  5
184
330
5E
100
AcDbEntity
  8
HR_lin.dxf
 62
     1
100
AcDbVertex
100
AcDb3dPolylineVertex
 10
494589.0491562492
 20
9927599.261754263
 30
80.4000015258789
 70
    32
  0
VERTEX
  5
185
330
5E
100
AcDbEntity
  8
HR_lin.dxf
 62
     1
100
AcDbVertex
100
AcDb3dPolylineVertex
 10
494593.6852995052
 20
9927600.735535644
 30
81.9000015258789
 70
    32
  0
VERTEX
  5
186
330
5E
100
AcDbEntity
  8
HR_lin.dxf
 62
     1
100
AcDbVertex
100
AcDb3dPolylineVertex
 10
494596.8378847953
 20
9927600.919783251
 30
82.5999984741211
 70
    32
  0
VERTEX
  5
187
330
5E
100
AcDbEntity
  8
HR_lin.dxf
 62
     1
100
AcDbVertex
100
AcDb3dPolylineVertex
 10
494603.5139427054
 20
9927601.840933153
 30
82.80000305175781
 70
    32
  0
VERTEX
  5
188
330
5E
100
AcDbEntity
  8
HR_lin.dxf
 62
     1
100
AcDbVertex
100
AcDb3dPolylineVertex
 10
494612.786241688
 20
9927603.498976266
 30
82.9000015258789
 70
    32
  0
VERTEX
  5
189
330
5E
100
AcDbEntity
  8
HR_lin.dxf
 62
     1
100
AcDbVertex
100
AcDb3dPolylineVertex
 10
494623.5421058742
 20
9927605.70968468
 30
83.4000015258789
 70
    32
  0
VERTEX
  5
18A
330
5E
100
AcDbEntity
  8
HR_lin.dxf
 62
     1
100
AcDbVertex
100
AcDb3dPolylineVertex
 10
494625.7325225155
 20
9927606.300307978
 30
83.14689636230469
 70
    32
  0
VERTEX
  5
18B
330
5E
100
AcDbEntity
  8
HR_lin.dxf
 62
     1
100
AcDbVertex
100
AcDb3dPolylineVertex
 10
494636.5233133524
 20
9927609.209933639
 30
81.9000015258789
 70
    32
  0
VERTEX
  5
18C
330
5E
100
AcDbEntity
  8
HR_lin.dxf
 62
     1
100
AcDbVertex
100
AcDb3dPolylineVertex
 10
494650.431731253
 20
9927614.920795783
 30
80.4000015258789
 70
    32
  0
VERTEX
  5
18D
330
5E
100
AcDbEntity
  8
HR_lin.dxf
 62
     1
100
AcDbVertex
100
AcDb3dPolylineVertex
 10
494665.6382523405
 20
9927622.842274575
 30
80.0999984741211
 70
    32
  0
VERTEX
  5
18E
330
5E
100
AcDbEntity
  8
HR_lin.dxf
 62
     1
100
AcDbVertex
100
AcDb3dPolylineVertex
 10
494682.3283197994
 20
9927633.342805754
 30
80.19999694824219
 70
    32
  0
VERTEX
  5
18F
330
5E
100
AcDbEntity
  8
HR_lin.dxf
 62
     1
100
AcDbVertex
100
AcDb3dPolylineVertex
 10
494699.5746865549
 20
9927648.080333797
 30
79.0999984741211
 70
    32
  0
VERTEX
  5
190
330
5E
100
AcDbEntity
  8
HR_lin.dxf
 62
     1
100
AcDbVertex
100
AcDb3dPolylineVertex
 10
494719.0464117709
 20
9927662.633665245
 30
77.0999984741211
 70
    32
  0
VERTEX
  5
191
330
5E
100
AcDbEntity
  8
HR_lin.dxf
 62
     1
100
AcDbVertex
100
AcDb3dPolylineVertex
 10
494737.4054287908
 20
9927680.502892306
 30
76.69999694824219
 70
    32
  0
VERTEX
  5
192
330
5E
100
AcDbEntity
  8
HR_lin.dxf
 62
     1
100
AcDbVertex
100
AcDb3dPolylineVertex
 10
494754.2808348534
 20
9927702.793313868
 30
78.4000015258789
 70
    32
  0
VERTEX
  5
193
330
5E
100
AcDbEntity
  8
HR_lin.dxf
 62
     1
100
AcDbVertex
100
AcDb3dPolylineVertex
 10
494769.6726594424
 20
9927726.373240244
 30
78.80000305175781
 70
    32
  0
VERTEX
  5
194
330
5E
100
AcDbEntity
  8
HR_lin.dxf
 62
     1
100
AcDbVertex
100
AcDb3dPolylineVertex
 10
494788.4025454732
 20
9927747.18994153
 30
79.0999984741211
 70
    32
  0
VERTEX
  5
195
330
5E
100
AcDbEntity
  8
HR_lin.dxf
 62
     1
100
AcDbVertex
100
AcDb3dPolylineVertex
 10
494808.245153686
 20
9927763.401226265
 30
80.9000015258789
 70
    32
  0
VERTEX
  5
196
330
5E
100
AcDbEntity
  8
HR_lin.dxf
 62
     1
100
AcDbVertex
100
AcDb3dPolylineVertex
 10
494829.7568245189
 20
9927774.82288247
 30
81.30000305175781
 70
    32
  0
VERTEX
  5
197
330
5E
100
AcDbEntity
  8
HR_lin.dxf
 62
     1
100
AcDbVertex
100
AcDb3dPolylineVertex
 10
494847.7450358694
 20
9927784.033900786
 30
82.0
 70
    32
  0
VERTEX
  5
198
330
5E
100
AcDbEntity
  8
HR_lin.dxf
 62
     1
100
AcDbVertex
100
AcDb3dPolylineVertex
 10
494861.2825047104
 20
9927796.560784388
 30
82.4000015258789
 70
    32
  0
VERTEX
  5
199
330
5E
100
AcDbEntity
  8
HR_lin.dxf
 62
     1
100
AcDbVertex
100
AcDb3dPolylineVertex
 10
494877.4161793358
 20
9927813.877334537
 30
82.19999694824219
 70
    32
  0
VERTEX
  5
19A
330
5E
100
AcDbEntity
  8
HR_lin.dxf
 62
     1
100
AcDbVertex
100
AcDb3dPolylineVertex
 10
494898.9277912556
 20
9927832.115018416
 30
80.4000015258789
 70
    32
  0
VERTEX
  5
19B
330
5E
100
AcDbEntity
  8
HR_lin.dxf
 62
     1
100
AcDbVertex
100
AcDb3dPolylineVertex
 10
494924.3337734392
 20
9927850.90538782
 30
77.30000305175781
 70
    32
  0
VERTEX
  5
19C
330
5E
100
AcDbEntity
  8
HR_lin.dxf
 62
     1
100
AcDbVertex
100
AcDb3dPolylineVertex
 10
494951.4087798211
 20
9927869.143119872
 30
74.4000015258789
 70
    32
  0
VERTEX
  5
19D
330
5E
100
AcDbEntity
  8
HR_lin.dxf
 62
     1
100
AcDbVertex
100
AcDb3dPolylineVertex
 10
494979.5964644735
 20
9927887.565077495
 30
74.30000305175781
 70
    32
  0
VERTEX
  5
19E
330
5E
100
AcDbEntity
  8
HR_lin.dxf
 62
     1
100
AcDbVertex
100
AcDb3dPolylineVertex
 10
495008.1550519928
 20
9927905.065951664
 30
75.19999694824219
 70
    32
  0
VERTEX
  5
19F
330
5E
100
AcDbEntity
  8
HR_lin.dxf
 62
     1
100
AcDbVertex
100
AcDb3dPolylineVertex
 10
495036.7136753997
 20
9927918.698266417
 30
76.80000305175781
 70
    32
  0
VERTEX
  5
1A0
330
5E
100
AcDbEntity
  8
HR_lin.dxf
 62
     1
100
AcDbVertex
100
AcDb3dPolylineVertex
 10
495060.0798302446
 20
9927929.014627153
 30
78.0
 70
    32
  0
VERTEX
  5
1A1
330
5E
100
AcDbEntity
  8
HR_lin.dxf
 62
     1
100
AcDbVertex
100
AcDb3dPolylineVertex
 10
495078.9952997692
 20
9927936.199258126
 30
80.0
 70
    32
  0
VERTEX
  5
1A2
330
5E
100
AcDbEntity
  8
HR_lin.dxf
 62
     1
100
AcDbVertex
100
AcDb3dPolylineVertex
 10
495092.1619490855
 20
9927941.357450683
 30
79.19999694824219
 70
    32
  0
VERTEX
  5
1A3
330
5E
100
AcDbEntity
  8
HR_lin.dxf
 62
     1
100
AcDbVertex
100
AcDb3dPolylineVertex
 10
495102.9177968436
 20
9927946.331404813
 30
78.5999984741211
 70
    32
  0
VERTEX
  5
1A4
330
5E
100
AcDbEntity
  8
HR_lin.dxf
 62
     1
100
AcDbVertex
100
AcDb3dPolylineVertex
 10
495109.4084017393
 20
9927948.54206595
 30
78.19999694824219
 70
    32
  0
VERTEX
  5
1A5
330
5E
100
AcDbEntity
  8
HR_lin.dxf
 62
     1
100
AcDbVertex
100
AcDb3dPolylineVertex
 10
495113.1173265662
 20
9927948.910532383
 30
78.19999694824219
 70
    32
  0
VERTEX
  5
1A6
330
5E
100
AcDbEntity
  8
HR_lin.dxf
 62
     1
100
AcDbVertex
100
AcDb3dPolylineVertex
 10
495119.7933971065
 20
9927948.910590565
 30
78.69999694824219
 70
    32
  0
VERTEX
  5
1A7
330
5E
100
AcDbEntity
  8
HR_lin.dxf
 62
     1
100
AcDbVertex
100
AcDb3dPolylineVertex
 10
495127.767587696
 20
9927949.463311069
 30
78.69999694824219
 70
    32
  0
VERTEX
  5
1A8
330
5E
100
AcDbEntity
  8
HR_lin.dxf
 62
     1
100
AcDbVertex
100
AcDb3dPolylineVertex
 10
495136.6690022846
 20
9927950.937124688
 30
78.5
 70
    32
  0
VERTEX
  5
1A9
330
5E
100
AcDbEntity
  8
HR_lin.dxf
 62
     1
100
AcDbVertex
100
AcDb3dPolylineVertex
 10
495147.7957657879
 20
9927953.332042621
 30
79.0999984741211
 70
    32
  0
VERTEX
  5
1AA
330
5E
100
AcDbEntity
  8
HR_lin.dxf
 62
     1
100
AcDbVertex
100
AcDb3dPolylineVertex
 10
495161.3333341525
 20
9927955.54276411
 30
78.5
 70
    32
  0
VERTEX
  5
1AB
330
5E
100
AcDbEntity
  8
HR_lin.dxf
 62
     1
100
AcDbVertex
100
AcDb3dPolylineVertex
 10
495177.8380452412
 20
9927957.753510803
 30
78.19999694824219
 70
    32
  0
VERTEX
  5
1AC
330
5E
100
AcDbEntity
  8
HR_lin.dxf
 62
     1
100
AcDbVertex
100
AcDb3dPolylineVertex
 10
495196.7535454166
 20
9927961.622230988
 30
79.30000305175781
 70
    32
  0
VERTEX
  5
1AD
330
5E
100
AcDbEntity
  8
HR_lin.dxf
 62
     1
100
AcDbVertex
100
AcDb3dPolylineVertex
 10
495214.5563705164
 20
9927965.122506946
 30
81.5999984741211
 70
    32
  0
VERTEX
  5
1AE
330
5E
100
AcDbEntity
  8
HR_lin.dxf
 62
     1
100
AcDbVertex
100
AcDb3dPolylineVertex
 10
495232.7300917155
 20
9927968.254351411
 30
81.80000305175781
 70
    32
  0
VERTEX
  5
1AF
330
5E
100
AcDbEntity
  8
HR_lin.dxf
 62
     1
100
AcDbVertex
100
AcDb3dPolylineVertex
 10
495252.5728120302
 20
9927973.59681382
 30
79.80000305175781
 70
    32
  0
VERTEX
  5
1B0
330
5E
100
AcDbEntity
  8
HR_lin.dxf
 62
     1
100
AcDbVertex
100
AcDb3dPolylineVertex
 10
495275.1972165273
 20
9927980.413035223
 30
78.30000305175781
 70
    32
  0
VERTEX
  5
1B1
330
5E
100
AcDbEntity
  8
HR_lin.dxf
 62
     1
100
AcDbVertex
100
AcDb3dPolylineVertex
 10
495300.4178572518
 20
9927988.88723074
 30
77.0
 70
    32
  0
VERTEX
  5
1B2
330
5E
100
AcDbEntity
  8
HR_lin.dxf
 62
     1
100
AcDbVertex
100
AcDb3dPolylineVertex
 10
495327.6783985685
 20
9927998.650961298
 30
76.0999984741211
 70
    32
  0
VERTEX
  5
1B3
330
5E
100
AcDbEntity
  8
HR_lin.dxf
 62
     1
100
AcDbVertex
100
AcDb3dPolylineVertex
 10
495355.6807249424
 20
9928008.598913644
 30
76.80000305175781
 70
    32
  0
VERTEX
  5
1B4
330
5E
100
AcDbEntity
  8
HR_lin.dxf
 62
     1
100
AcDbVertex
100
AcDb3dPolylineVertex
 10
495386.0938692713
 20
9928016.888931077
 30
76.4000015258789
 70
    32
  0
VERTEX
  5
1B5
330
5E
100
AcDbEntity
  8
HR_lin.dxf
 62
     1
100
AcDbVertex
100
AcDb3dPolylineVertex
 10
495415.579800392
 20
9928022.968334861
 30
77.19999694824219
 70
    32
  0
VERTEX
  5
1B6
330
5E
100
AcDbEntity
  8
HR_lin.dxf
 62
     1
100
AcDbVertex
100
AcDb3dPolylineVertex
 10
495445.0657350488
 20
9928028.679302994
 30
77.80000305175781
 70
    32
  0
VERTEX
  5
1B7
330
5E
100
AcDbEntity
  8
HR_lin.dxf
 62
     1
100
AcDbVertex
100
AcDb3dPolylineVertex
 10
495473.4389663963
 20
9928037.521950055
 30
77.4000015258789
 70
    32
  0
VERTEX
  5
1B8
330
5E
100
AcDbEntity
  8
HR_lin.dxf
 62
     1
100
AcDbVertex
100
AcDb3dPolylineVertex
 10
495495.6924265125
 20
9928051.338406302
 30
76.9000015258789
 70
    32
  0
VERTEX
  5
1B9
330
5E
100
AcDbEntity
  8
HR_lin.dxf
 62
     1
100
AcDbVertex
100
AcDb3dPolylineVertex
 10
495517.2040755478
 20
9928068.47076217
 30
77.80000305175781
 70
    32
  0
VERTEX
  5
1BA
330
5E
100
AcDbEntity
  8
HR_lin.dxf
 62
     1
100
AcDbVertex
100
AcDb3dPolylineVertex
 10
495541.3119963677
 20
9928083.024099365
 30
77.19999694824219
 70
    32
  0
VERTEX
  5
1BB
330
5E
100
AcDbEntity
  8
HR_lin.dxf
 62
     1
100
AcDbVertex
100
AcDb3dPolylineVertex
 10
495568.7580199158
 20
9928089.287695585
 30
78.9000015258789
 70
    32
  0
VERTEX
  5
1BC
330
5E
100
AcDbEntity
  8
HR_lin.dxf
 62
     1
100
AcDbVertex
100
AcDb3dPolylineVertex
 10
495599.1712303128
 20
9928090.0248029
 30
82.4000015258789
 70
    32
  0
VERTEX
  5
1BD
330
5E
100
AcDbEntity
  8
HR_lin.dxf
 62
     1
100
AcDbVertex
100
AcDb3dPolylineVertex
 10
495627.5445255816
 20
9928091.314543761
 30
81.4000015258789
 70
    32
  0
VERTEX
  5
1BE
330
5E
100
AcDbEntity
  8
HR_lin.dxf
 62
     1
100
AcDbVertex
100
AcDb3dPolylineVertex
 10
495653.1361242945
 20
9928092.60426165
 30
81.80000305175781
 70
    32
  0
VERTEX
  5
1BF
330
5E
100
AcDbEntity
  8
HR_lin.dxf
 62
     1
100
AcDbVertex
100
AcDb3dPolylineVertex
 10
495675.5751222618
 20
9928095.367690291
 30
83.19999694824219
 70
    32
  0
VERTEX
  5
1C0
330
5E
100
AcDbEntity
  8
HR_lin.dxf
 62
     1
100
AcDbVertex
100
AcDb3dPolylineVertex
 10
495696.3451024301
 20
9928098.131105231
 30
86.19999694824219
 70
    32
  0
VERTEX
  5
1C1
330
5E
100
AcDbEntity
  8
HR_lin.dxf
 62
     1
100
AcDbVertex
100
AcDb3dPolylineVertex
 10
495716.7441757494
 20
9928102.736686802
 30
87.80000305175781
 70
    32
  0
VERTEX
  5
1C2
330
5E
100
AcDbEntity
  8
HR_lin.dxf
 62
     1
100
AcDbVertex
100
AcDb3dPolylineVertex
 10
495736.5868876565
 20
9928110.289735759
 30
90.5999984741211
 70
    32
  0
VERTEX
  5
1C3
330
5E
100
AcDbEntity
  8
HR_lin.dxf
 62
     1
100
AcDbVertex
100
AcDb3dPolylineVertex
 10
495755.502341415
 20
9928121.342900412
 30
92.0999984741211
 70
    32
  0
VERTEX
  5
1C4
330
5E
100
AcDbEntity
  8
HR_lin.dxf
 62
     1
100
AcDbVertex
100
AcDb3dPolylineVertex
 10
495775.7158947703
 20
9928135.896197567
 30
92.5
 70
    32
  0
VERTEX
  5
1C5
330
5E
100
AcDbEntity
  8
HR_lin.dxf
 62
     1
100
AcDbVertex
100
AcDb3dPolylineVertex
 10
495796.6712225004
 20
9928152.107452672
 30
91.4000015258789
 70
    32
  0
VERTEX
  5
1C6
330
5E
100
AcDbEntity
  8
HR_lin.dxf
 62
     1
100
AcDbVertex
100
AcDb3dPolylineVertex
 10
495819.2955600969
 20
9928169.608238483
 30
92.80000305175781
 70
    32
  0
VERTEX
  5
1C7
330
5E
100
AcDbEntity
  8
HR_lin.dxf
 62
     1
100
AcDbVertex
100
AcDb3dPolylineVertex
 10
495840.4363313539
 20
9928186.556361252
 30
91.69999694824219
 70
    32
  0
VERTEX
  5
1C8
330
5E
100
AcDbEntity
  8
HR_lin.dxf
 62
     1
100
AcDbVertex
100
AcDb3dPolylineVertex
 10
495865.4714987552
 20
9928200.925473506
 30
91.19999694824219
 70
    32
  0
VERTEX
  5
1C9
330
5E
100
AcDbEntity
  8
HR_lin.dxf
 62
     1
100
AcDbVertex
100
AcDb3dPolylineVertex
 10
495895.5137383729
 20
9928213.084016891
 30
91.9000015258789
 70
    32
  0
VERTEX
  5
1CA
330
5E
100
AcDbEntity
  8
HR_lin.dxf
 62
     1
100
AcDbVertex
100
AcDb3dPolylineVertex
 10
495930.7485165171
 20
9928220.268736666
 30
91.30000305175781
 70
    32
  0
VERTEX
  5
1CB
330
5E
100
AcDbEntity
  8
HR_lin.dxf
 62
     1
100
AcDbVertex
100
AcDb3dPolylineVertex
 10
495964.1288333766
 20
9928227.085006844
 30
89.4000015258789
 70
    32
  0
VERTEX
  5
1CC
330
5E
100
AcDbEntity
  8
HR_lin.dxf
 62
     1
100
AcDbVertex
100
AcDb3dPolylineVertex
 10
495994.7274511119
 20
9928234.269689232
 30
91.9000015258789
 70
    32
  0
VERTEX
  5
1CD
330
5E
100
AcDbEntity
  8
HR_lin.dxf
 62
     1
100
AcDbVertex
100
AcDb3dPolylineVertex
 10
496023.4716100027
 20
9928240.71748874
 30
93.0999984741211
 70
    32
  0
VERTEX
  5
1CE
330
5E
100
AcDbEntity
  8
HR_lin.dxf
 62
     1
100
AcDbVertex
100
AcDb3dPolylineVertex
 10
496050.7321859013
 20
9928248.823229477
 30
95.19999694824219
 70
    32
  0
VERTEX
  5
1CF
330
5E
100
AcDbEntity
  8
HR_lin.dxf
 62
     1
100
AcDbVertex
100
AcDb3dPolylineVertex
 10
496079.6617667733
 20
9928258.955367655
 30
96.9000015258789
 70
    32
  0
VERTEX
  5
1D0
330
5E
100
AcDbEntity
  8
HR_lin.dxf
 62
     1
100
AcDbVertex
100
AcDb3dPolylineVertex
 10
496110.81671795
 20
9928267.429566525
 30
97.4000015258789
 70
    32
  0
VERTEX
  5
1D1
330
5E
100
AcDbEntity
  8
HR_lin.dxf
 62
     1
100
AcDbVertex
100
AcDb3dPolylineVertex
 10
496139.0045210226
 20
9928276.640611336
 30
92.69999694824219
 70
    32
  0
VERTEX
  5
1D2
330
5E
100
AcDbEntity
  8
HR_lin.dxf
 62
     1
100
AcDbVertex
100
AcDb3dPolylineVertex
 10
496164.2251961835
 20
9928283.6410303
 30
92.0
 70
    32
  0
VERTEX
  5
1D3
330
5E
100
AcDbEntity
  8
HR_lin.dxf
 62
     1
100
AcDbVertex
100
AcDb3dPolylineVertex
 10
496186.8496271426
 20
9928289.720345454
 30
92.5999984741211
 70
    32
  0
VERTEX
  5
1D4
330
5E
100
AcDbEntity
  8
HR_lin.dxf
 62
     1
100
AcDbVertex
100
AcDb3dPolylineVertex
 10
496209.6595013632
 20
9928296.352311961
 30
92.19999694824219
 70
    32
  0
VERTEX
  5
1D5
330
5E
100
AcDbEntity
  8
HR_lin.dxf
 62
     1
100
AcDbVertex
100
AcDb3dPolylineVertex
 10
496238.7745607522
 20
9928302.431668622
 30
90.5
 70
    32
  0
VERTEX
  5
1D6
330
5E
100
AcDbEntity
  8
HR_lin.dxf
 62
     1
100
AcDbVertex
100
AcDb3dPolylineVertex
 10
496271.4131187503
 20
9928306.300442938
 30
91.0999984741211
 70
    32
  0
VERTEX
  5
1D7
330
5E
100
AcDbEntity
  8
HR_lin.dxf
 62
     1
100
AcDbVertex
100
AcDb3dPolylineVertex
 10
496302.7535553059
 20
9928309.61655578
 30
93.80000305175781
 70
    32
  0
VERTEX
  5
1D8
330
5E
100
AcDbEntity
  8
HR_lin.dxf
 62
     1
100
AcDbVertex
100
AcDb3dPolylineVertex
 10
496334.6503291331
 20
9928313.301104503
 30
97.80000305175781
 70
    32
  0
VERTEX
  5
1D9
330
5E
100
AcDbEntity
  8
HR_lin.dxf
 62
     1
100
AcDbVertex
100
AcDb3dPolylineVertex
 10
496363.9508452872
 20
9928318.090936707
 30
102.5
 70
    32
  0
VERTEX
  5
1DA
330
5E
100
AcDbEntity
  8
HR_lin.dxf
 62
     1
100
AcDbVertex
100
AcDb3dPolylineVertex
 10
496391.9532444568
 20
9928321.591239976
 30
104.8000030517578
 70
    32
  0
VERTEX
  5
1DB
330
5E
100
AcDbEntity
  8
HR_lin.dxf
 62
     1
100
AcDbVertex
100
AcDb3dPolylineVertex
 10
496420.6974663531
 20
9928319.380819248
 30
103.8000030517578
 70
    32
  0
VERTEX
  5
1DC
330
5E
100
AcDbEntity
  8
HR_lin.dxf
 62
     1
100
AcDbVertex
100
AcDb3dPolylineVertex
 10
496448.5144542205
 20
9928317.354608228
 30
106.8000030517578
 70
    32
  0
VERTEX
  5
1DD
330
5E
100
AcDbEntity
  8
HR_lin.dxf
 62
     1
100
AcDbVertex
100
AcDb3dPolylineVertex
 10
496472.0661549657
 20
9928318.091624277
 30
108.6999969482422
 70
    32
  0
VERTEX
  5
1DE
330
5E
100
AcDbEntity
  8
HR_lin.dxf
 62
     1
100
AcDbVertex
100
AcDb3dPolylineVertex
 10
496496.1741575197
 20
9928324.907804077
 30
109.5
 70
    32
  0
VERTEX
  5
1DF
330
5E
100
AcDbEntity
  8
HR_lin.dxf
 62
     1
100
AcDbVertex
100
AcDb3dPolylineVertex
 10
496523.6201942603
 20
9928332.27665445
 30
109.5999984741211
 70
    32
  0
VERTEX
  5
1E0
330
5E
100
AcDbEntity
  8
HR_lin.dxf
 62
     1
100
AcDbVertex
100
AcDb3dPolylineVertex
 10
496549.2117214361
 20
9928347.014172394
 30
109.5999984741211
 70
    32
  0
VERTEX
  5
1E1
330
5E
100
AcDbEntity
  8
HR_lin.dxf
 62
     1
100
AcDbVertex
100
AcDb3dPolylineVertex
 10
496575.3596096018
 20
9928358.435786357
 30
108.3000030517578
 70
    32
  0
VERTEX
  5
1E2
330
5E
100
AcDbEntity
  8
HR_lin.dxf
 62
     1
100
AcDbVertex
100
AcDb3dPolylineVertex
 10
496599.4675892681
 20
9928369.488952735
 30
104.1999969482422
 70
    32
  0
VERTEX
  5
1E3
330
5E
100
AcDbEntity
  8
HR_lin.dxf
 62
     1
100
AcDbVertex
100
AcDb3dPolylineVertex
 10
496628.2117560687
 20
9928376.673588656
 30
100.0999984741211
 70
    32
  0
VERTEX
  5
1E4
330
5E
100
AcDbEntity
  8
HR_lin.dxf
 62
     1
100
AcDbVertex
100
AcDb3dPolylineVertex
 10
496660.4794400497
 20
9928378.331733793
 30
98.5999984741211
 70
    32
  0
VERTEX
  5
1E5
330
5E
100
AcDbEntity
  8
HR_lin.dxf
 62
     1
100
AcDbVertex
100
AcDb3dPolylineVertex
 10
496695.52882836
 20
9928378.884591354
 30
93.0999984741211
 70
    32
  0
VERTEX
  5
1E6
330
5E
100
AcDbEntity
  8
HR_lin.dxf
 62
     1
100
AcDbVertex
100
AcDb3dPolylineVertex
 10
496734.2871522506
 20
9928378.51638321
 30
90.5
 70
    32
  0
VERTEX
  5
1E7
330
5E
100
AcDbEntity
  8
HR_lin.dxf
 62
     1
100
AcDbVertex
100
AcDb3dPolylineVertex
 10
496772.6745692659
 20
9928380.54299133
 30
88.80000305175781
 70
    32
  0
VERTEX
  5
1E8
330
5E
100
AcDbEntity
  8
HR_lin.dxf
 62
     1
100
AcDbVertex
100
AcDb3dPolylineVertex
 10
496810.1347653677
 20
9928380.543204542
 30
88.69999694824219
 70
    32
  0
VERTEX
  5
1E9
330
5E
100
AcDbEntity
  8
HR_lin.dxf
 62
     1
100
AcDbVertex
100
AcDb3dPolylineVertex
 10
496843.5151318139
 20
9928381.648694452
 30
90.9000015258789
 70
    32
  0
VERTEX
  5
1EA
330
5E
100
AcDbEntity
  8
HR_lin.dxf
 62
     1
100
AcDbVertex
100
AcDb3dPolylineVertex
 10
496871.14662462
 20
9928388.464877577
 30
93.19999694824219
 70
    32
  0
VERTEX
  5
1EB
330
5E
100
AcDbEntity
  8
HR_lin.dxf
 62
     1
100
AcDbVertex
100
AcDb3dPolylineVertex
 10
496896.181866816
 20
9928395.28104503
 30
97.30000305175781
 70
    32
  0
VERTEX
  5
1EC
330
5E
100
AcDbEntity
  8
HR_lin.dxf
 62
     1
100
AcDbVertex
100
AcDb3dPolylineVertex
 10
496919.3626302429
 20
9928404.67623924
 30
98.5999984741211
 70
    32
  0
VERTEX
  5
1ED
330
5E
100
AcDbEntity
  8
HR_lin.dxf
 62
     1
100
AcDbVertex
100
AcDb3dPolylineVertex
 10
496941.0597882815
 20
9928420.334802456
 30
98.9000015258789
 70
    32
  0
VERTEX
  5
1EE
330
5E
100
AcDbEntity
  8
HR_lin.dxf
 62
     1
100
AcDbVertex
100
AcDb3dPolylineVertex
 10
496959.0479930983
 20
9928440.414552817
 30
99.30000305175781
 70
    32
  0
VERTEX
  5
1EF
330
5E
100
AcDbEntity
  8
HR_lin.dxf
 62
     1
100
AcDbVertex
100
AcDb3dPolylineVertex
 10
496975.1817387107
 20
9928459.573207596
 30
100.0
 70
    32
  0
VERTEX
  5
1F0
330
5E
100
AcDbEntity
  8
HR_lin.dxf
 62
     1
100
AcDbVertex
100
AcDb3dPolylineVertex
 10
496993.9117536945
 20
9928475.600186687
 30
100.4000015258789
 70
    32
  0
VERTEX
  5
1F1
330
5E
100
AcDbEntity
  8
HR_lin.dxf
 62
     1
100
AcDbVertex
100
AcDb3dPolylineVertex
 10
497018.3906370943
 20
9928487.021770498
 30
99.0
 70
    32
  0
VERTEX
  5
1F2
330
5E
100
AcDbEntity
  8
HR_lin.dxf
 62
     1
100
AcDbVertex
100
AcDb3dPolylineVertex
 10
497043.7967870646
 20
9928492.17998008
 30
99.19999694824219
 70
    32
  0
VERTEX
  5
1F3
330
5E
100
AcDbEntity
  8
HR_lin.dxf
 62
     1
100
AcDbVertex
100
AcDb3dPolylineVertex
 10
497072.3555362944
 20
9928495.864468865
 30
99.4000015258789
 70
    32
  0
VERTEX
  5
1F4
330
5E
100
AcDbEntity
  8
HR_lin.dxf
 62
     1
100
AcDbVertex
100
AcDb3dPolylineVertex
 10
497097.5762300605
 20
9928503.049062012
 30
97.80000305175781
 70
    32
  0
VERTEX
  5
1F5
330
5E
100
AcDbEntity
  8
HR_lin.dxf
 62
     1
100
AcDbVertex
100
AcDb3dPolylineVertex
 10
497122.2405828873
 20
9928510.602085166
 30
94.0999984741211
 70
    32
  0
VERTEX
  5
1F6
330
5E
100
AcDbEntity
  8
HR_lin.dxf
 62
     1
100
AcDbVertex
100
AcDb3dPolylineVertex
 10
497147.0904051503
 20
9928513.733900206
 30
92.19999694824219
 70
    32
  0
VERTEX
  5
1F7
330
5E
100
AcDbEntity
  8
HR_lin.dxf
 62
     1
100
AcDbVertex
100
AcDb3dPolylineVertex
 10
497174.7219591379
 20
9928510.233916154
 30
90.80000305175781
 70
    32
  0
VERTEX
  5
1F8
330
5E
100
AcDbEntity
  8
HR_lin.dxf
 62
     1
100
AcDbVertex
100
AcDb3dPolylineVertex
 10
497198.4591645168
 20
9928500.838967549
 30
90.4000015258789
 70
    32
  0
VERTEX
  5
1F9
330
5E
100
AcDbEntity
  8
HR_lin.dxf
 62
     1
100
AcDbVertex
100
AcDb3dPolylineVertex
 10
497219.6001409485
 20
9928486.65436327
 30
85.19999694824219
 70
    32
  0
VERTEX
  5
1FA
330
5E
100
AcDbEntity
  8
HR_lin.dxf
 62
     1
100
AcDbVertex
100
AcDb3dPolylineVertex
 10
497242.2247083785
 20
9928468.416991556
 30
81.80000305175781
 70
    32
  0
VERTEX
  5
1FB
330
5E
100
AcDbEntity
  8
HR_lin.dxf
 62
     1
100
AcDbVertex
100
AcDb3dPolylineVertex
 10
497260.2131316874
 20
9928445.94260556
 30
77.80000305175781
 70
    32
  0
VERTEX
  5
1FC
330
5E
100
AcDbEntity
  8
HR_lin.dxf
 62
     1
100
AcDbVertex
100
AcDb3dPolylineVertex
 10
497272.8235990027
 20
9928424.573495034
 30
74.5999984741211
 70
    32
  0
VERTEX
  5
1FD
330
5E
100
AcDbEntity
  8
HR_lin.dxf
 62
     1
100
AcDbVertex
100
AcDb3dPolylineVertex
 10
497280.2415736705
 20
9928400.993755264
 30
75.0999984741211
 70
    32
  0
VERTEX
  5
1FE
330
5E
100
AcDbEntity
  8
HR_lin.dxf
 62
     1
100
AcDbVertex
100
AcDb3dPolylineVertex
 10
497280.0562462086
 20
9928376.308676785
 30
74.0999984741211
 70
    32
  0
VERTEX
  5
1FF
330
5E
100
AcDbEntity
  8
HR_lin.dxf
 62
     1
100
AcDbVertex
100
AcDb3dPolylineVertex
 10
497275.7911065859
 20
9928349.412974605
 30
73.9000015258789
 70
    32
  0
VERTEX
  5
200
330
5E
100
AcDbEntity
  8
HR_lin.dxf
 62
     1
100
AcDbVertex
100
AcDb3dPolylineVertex
 10
497269.1151612291
 20
9928322.885694664
 30
74.0
 70
    32
  0
VERTEX
  5
201
330
5E
100
AcDbEntity
  8
HR_lin.dxf
 62
     1
100
AcDbVertex
100
AcDb3dPolylineVertex
 10
497264.1082205546
 20
9928299.305894671
 30
77.0999984741211
 70
    32
  0
VERTEX
  5
202
330
5E
100
AcDbEntity
  8
HR_lin.dxf
 62
     1
100
AcDbVertex
100
AcDb3dPolylineVertex
 10
497259.101265984
 20
9928278.673566563
 30
77.5999984741211
 70
    32
  0
VERTEX
  5
203
330
5E
100
AcDbEntity
  8
HR_lin.dxf
 62
     1
100
AcDbVertex
100
AcDb3dPolylineVertex
 10
497255.9487665383
 20
9928260.067634407
 30
79.0999984741211
 70
    32
  0
VERTEX
  5
204
330
5E
100
AcDbEntity
  8
HR_lin.dxf
 62
     1
100
AcDbVertex
100
AcDb3dPolylineVertex
 10
497255.9488536755
 20
9928242.198585588
 30
78.4000015258789
 70
    32
  0
VERTEX
  5
205
330
5E
100
AcDbEntity
  8
HR_lin.dxf
 62
     1
100
AcDbVertex
100
AcDb3dPolylineVertex
 10
497256.6907177177
 20
9928226.17171036
 30
78.5
 70
    32
  0
VERTEX
  5
206
330
5E
100
AcDbEntity
  8
HR_lin.dxf
 62
     1
100
AcDbVertex
100
AcDb3dPolylineVertex
 10
497259.1016069896
 20
9928208.671107274
 30
79.5
 70
    32
  0
VERTEX
  5
207
330
5E
100
AcDbEntity
  8
HR_lin.dxf
 62
     1
100
AcDbVertex
100
AcDb3dPolylineVertex
 10
497264.6650946455
 20
9928189.328349533
 30
79.5999984741211
 70
    32
  0
VERTEX
  5
208
330
5E
100
AcDbEntity
  8
HR_lin.dxf
 62
     1
100
AcDbVertex
100
AcDb3dPolylineVertex
 10
497271.5267069433
 20
9928169.985598039
 30
81.0999984741211
 70
    32
  0
VERTEX
  5
209
330
5E
100
AcDbEntity
  8
HR_lin.dxf
 62
     1
100
AcDbVertex
100
AcDb3dPolylineVertex
 10
497283.580819057
 20
9928150.642871594
 30
82.0999984741211
 70
    32
  0
VERTEX
  5
20A
330
5E
100
AcDbEntity
  8
HR_lin.dxf
 62
     1
100
AcDbVertex
100
AcDb3dPolylineVertex
 10
497295.6349284693
 20
9928131.668578904
 30
85.80000305175781
 70
    32
  0
VERTEX
  5
20B
330
5E
100
AcDbEntity
  8
HR_lin.dxf
 62
     1
100
AcDbVertex
100
AcDb3dPolylineVertex
 10
497308.9871426402
 20
9928116.747066157
 30
87.5
 70
    32
  0
VERTEX
  5
20C
330
5E
100
AcDbEntity
  8
HR_lin.dxf
 62
     1
100
AcDbVertex
100
AcDb3dPolylineVertex
 10
497321.041232915
 20
9928101.457112925
 30
90.5999984741211
 70
    32
  0
VERTEX
  5
20D
330
5E
100
AcDbEntity
  8
HR_lin.dxf
 62
     1
100
AcDbVertex
100
AcDb3dPolylineVertex
 10
497334.9497648201
 20
9928090.772593211
 30
93.80000305175781
 70
    32
  0
VERTEX
  5
20E
330
5E
100
AcDbEntity
  8
HR_lin.dxf
 62
     1
100
AcDbVertex
100
AcDb3dPolylineVertex
 10
497346.8183683243
 20
9928083.772403495
 30
95.80000305175781
 70
    32
  0
VERTEX
  5
20F
330
5E
100
AcDbEntity
  8
HR_lin.dxf
 62
     1
100
AcDbVertex
100
AcDb3dPolylineVertex
 10
497358.3160439599
 20
9928084.14089171
 30
96.30000305175781
 70
    32
  0
VERTEX
  5
210
330
5E
100
AcDbEntity
  8
HR_lin.dxf
 62
     1
100
AcDbVertex
100
AcDb3dPolylineVertex
 10
497365.3629808085
 20
9928089.85165176
 30
95.4000015258789
 70
    32
  0
VERTEX
  5
211
330
5E
100
AcDbEntity
  8
HR_lin.dxf
 62
     1
100
AcDbVertex
100
AcDb3dPolylineVertex
 10
497367.4028714293
 20
9928094.088652277
 30
95.69999694824219
 70
    32
  0
VERTEX
  5
212
330
5E
100
AcDbEntity
  8
HR_lin.dxf
 62
     1
100
AcDbVertex
100
AcDb3dPolylineVertex
 10
497368.7009816847
 20
9928097.220347324
 30
96.0
 70
    32
  0
VERTEX
  5
213
330
5E
100
AcDbEntity
  8
HR_lin.dxf
 62
     1
100
AcDbVertex
100
AcDb3dPolylineVertex
 10
497374.6352350287
 20
9928104.036404015
 30
95.9000015258789
 70
    32
  0
VERTEX
  5
214
330
5E
100
AcDbEntity
  8
HR_lin.dxf
 62
     1
100
AcDbVertex
100
AcDb3dPolylineVertex
 10
497381.4967086586
 20
9928113.431502925
 30
97.5999984741211
 70
    32
  0
VERTEX
  5
215
330
5E
100
AcDbEntity
  8
HR_lin.dxf
 62
     1
100
AcDbVertex
100
AcDb3dPolylineVertex
 10
497390.39809313
 20
9928122.82661122
 30
99.30000305175781
 70
    32
  0
VERTEX
  5
216
330
5E
100
AcDbEntity
  8
HR_lin.dxf
 62
     1
100
AcDbVertex
100
AcDb3dPolylineVertex
 10
497403.5647396789
 20
9928133.511258071
 30
100.5
 70
    32
  0
VERTEX
  5
217
330
5E
100
AcDbEntity
  8
HR_lin.dxf
 62
     1
100
AcDbVertex
100
AcDb3dPolylineVertex
 10
497421.3675525629
 20
9928143.090623904
 30
102.0999984741211
 70
    32
  0
VERTEX
  5
218
330
5E
100
AcDbEntity
  8
HR_lin.dxf
 62
     1
100
AcDbVertex
100
AcDb3dPolylineVertex
 10
497443.2502009768
 20
9928149.722535782
 30
104.9000015258789
 70
    32
  0
VERTEX
  5
219
330
5E
100
AcDbEntity
  8
HR_lin.dxf
 62
     1
100
AcDbVertex
100
AcDb3dPolylineVertex
 10
497465.1328530902
 20
9928155.617578803
 30
106.4000015258789
 70
    32
  0
VERTEX
  5
21A
330
5E
100
AcDbEntity
  8
HR_lin.dxf
 62
     1
100
AcDbVertex
100
AcDb3dPolylineVertex
 10
497487.7572824634
 20
9928163.539011225
 30
106.0
 70
    32
  0
VERTEX
  5
21B
330
5E
100
AcDbEntity
  8
HR_lin.dxf
 62
     1
100
AcDbVertex
100
AcDb3dPolylineVertex
 10
497513.5342911324
 20
9928173.85527761
 30
103.6999969482422
 70
    32
  0
VERTEX
  5
21C
330
5E
100
AcDbEntity
  8
HR_lin.dxf
 62
     1
100
AcDbVertex
100
AcDb3dPolylineVertex
 10
497539.6821847981
 20
9928186.197931346
 30
101.8000030517578
 70
    32
  0
VERTEX
  5
21D
330
5E
100
AcDbEntity
  8
HR_lin.dxf
 62
     1
100
AcDbVertex
100
AcDb3dPolylineVertex
 10
497567.1282127062
 20
9928196.69841949
 30
99.5
 70
    32
  0
VERTEX
  5
21E
330
5E
100
AcDbEntity
  8
HR_lin.dxf
 62
     1
100
AcDbVertex
100
AcDb3dPolylineVertex
 10
497596.0578359819
 20
9928201.856619762
 30
98.0999984741211
 70
    32
  0
VERTEX
  5
21F
330
5E
100
AcDbEntity
  8
HR_lin.dxf
 62
     1
100
AcDbVertex
100
AcDb3dPolylineVertex
 10
497628.3255245343
 20
9928200.198803833
 30
97.5999984741211
 70
    32
  0
VERTEX
  5
220
330
5E
100
AcDbEntity
  8
HR_lin.dxf
 62
     1
100
AcDbVertex
100
AcDb3dPolylineVertex
 10
497662.0768073354
 20
9928193.014482414
 30
97.0
 70
    32
  0
VERTEX
  5
221
330
5E
100
AcDbEntity
  8
HR_lin.dxf
 62
     1
100
AcDbVertex
100
AcDb3dPolylineVertex
 10
497691.006487867
 20
9928184.356403265
 30
100.4000015258789
 70
    32
  0
VERTEX
  5
222
330
5E
100
AcDbEntity
  8
HR_lin.dxf
 62
     1
100
AcDbVertex
100
AcDb3dPolylineVertex
 10
497717.154453718
 20
9928179.935302211
 30
104.0
 70
    32
  0
VERTEX
  5
223
330
5E
100
AcDbEntity
  8
HR_lin.dxf
 62
     1
100
AcDbVertex
100
AcDb3dPolylineVertex
 10
497742.3751670061
 20
9928180.488055043
 30
108.9000015258789
 70
    32
  0
VERTEX
  5
224
330
5E
100
AcDbEntity
  8
HR_lin.dxf
 62
     1
100
AcDbVertex
100
AcDb3dPolylineVertex
 10
497767.0395300186
 20
9928183.804059422
 30
110.5
 70
    32
  0
VERTEX
  5
225
330
5E
100
AcDbEntity
  8
HR_lin.dxf
 62
     1
100
AcDbVertex
100
AcDb3dPolylineVertex
 10
497792.0747810667
 20
9928188.409583116
 30
110.6999969482422
 70
    32
  0
VERTEX
  5
226
330
5E
100
AcDbEntity
  8
HR_lin.dxf
 62
     1
100
AcDbVertex
100
AcDb3dPolylineVertex
 10
497814.6992029525
 20
9928199.646908034
 30
111.6999969482422
 70
    32
  0
VERTEX
  5
227
330
5E
100
AcDbEntity
  8
HR_lin.dxf
 62
     1
100
AcDbVertex
100
AcDb3dPolylineVertex
 10
497836.3963857311
 20
9928212.910615355
 30
112.3000030517578
 70
    32
  0
VERTEX
  5
228
330
5E
100
AcDbEntity
  8
HR_lin.dxf
 62
     1
100
AcDbVertex
100
AcDb3dPolylineVertex
 10
497857.3517710444
 20
9928229.490224825
 30
112.1999969482422
 70
    32
  0
VERTEX
  5
229
330
5E
100
AcDbEntity
  8
HR_lin.dxf
 62
     1
100
AcDbVertex
100
AcDb3dPolylineVertex
 10
497879.4198308848
 20
9928247.543573594
 30
110.1999969482422
 70
    32
  0
VERTEX
  5
22A
330
5E
100
AcDbEntity
  8
HR_lin.dxf
 62
     1
100
AcDbVertex
100
AcDb3dPolylineVertex
 10
497902.9714595798
 20
9928266.702228917
 30
109.5999984741211
 70
    32
  0
VERTEX
  5
22B
330
5E
100
AcDbEntity
  8
HR_lin.dxf
 62
     1
100
AcDbVertex
100
AcDb3dPolylineVertex
 10
497926.5230831943
 20
9928287.7030531
 30
108.1999969482422
 70
    32
  0
VERTEX
  5
22C
330
5E
100
AcDbEntity
  8
HR_lin.dxf
 62
     1
100
AcDbVertex
100
AcDb3dPolylineVertex
 10
497950.4455981237
 20
9928309.624962531
 30
108.5999984741211
 70
    32
  0
VERTEX
  5
22D
330
5E
100
AcDbEntity
  8
HR_lin.dxf
 62
     1
100
AcDbVertex
100
AcDb3dPolylineVertex
 10
497972.6990925717
 20
9928332.65216681
 30
107.0
 70
    32
  0
VERTEX
  5
22E
330
5E
100
AcDbEntity
  8
HR_lin.dxf
 62
     1
100
AcDbVertex
100
AcDb3dPolylineVertex
 10
497997.1779506801
 20
9928354.574076118
 30
106.1999969482422
 70
    32
  0
VERTEX
  5
22F
330
5E
100
AcDbEntity
  8
HR_lin.dxf
 62
     1
100
AcDbVertex
100
AcDb3dPolylineVertex
 10
498022.2131495377
 20
9928376.680203233
 30
105.0999984741211
 70
    32
  0
VERTEX
  5
230
330
5E
100
AcDbEntity
  8
HR_lin.dxf
 62
     1
100
AcDbVertex
100
AcDb3dPolylineVertex
 10
498052.2554225659
 20
9928393.996704776
 30
104.4000015258789
 70
    32
  0
VERTEX
  5
231
330
5E
100
AcDbEntity
  8
HR_lin.dxf
 62
     1
100
AcDbVertex
100
AcDb3dPolylineVertex
 10
498082.854043205
 20
9928409.471036667
 30
104.5
 70
    32
  0
VERTEX
  5
232
330
5E
100
AcDbEntity
  8
HR_lin.dxf
 62
     1
100
AcDbVertex
100
AcDb3dPolylineVertex
 10
498115.6780322746
 20
9928422.366336452
 30
103.1999969482422
 70
    32
  0
VERTEX
  5
233
330
5E
100
AcDbEntity
  8
HR_lin.dxf
 62
     1
100
AcDbVertex
100
AcDb3dPolylineVertex
 10
498148.131129804
 20
9928435.261633065
 30
104.1999969482422
 70
    32
  0
VERTEX
  5
234
330
5E
100
AcDbEntity
  8
HR_lin.dxf
 62
     1
100
AcDbVertex
100
AcDb3dPolylineVertex
 10
498179.6570056048
 20
9928445.20945298
 30
104.5999984741211
 70
    32
  0
VERTEX
  5
235
330
5E
100
AcDbEntity
  8
HR_lin.dxf
 62
     1
100
AcDbVertex
100
AcDb3dPolylineVertex
 10
498212.4810134323
 20
9928453.499322332
 30
103.1999969482422
 70
    32
  0
VERTEX
  5
236
330
5E
100
AcDbEntity
  8
HR_lin.dxf
 62
     1
100
AcDbVertex
100
AcDb3dPolylineVertex
 10
498244.3777930256
 20
9928460.683884947
 30
101.0999984741211
 70
    32
  0
VERTEX
  5
237
330
5E
100
AcDbEntity
  8
HR_lin.dxf
 62
     1
100
AcDbVertex
100
AcDb3dPolylineVertex
 10
498273.8637707518
 20
9928467.131570423
 30
100.0999984741211
 70
    32
  0
VERTEX
  5
238
330
5E
100
AcDbEntity
  8
HR_lin.dxf
 62
     1
100
AcDbVertex
100
AcDb3dPolylineVertex
 10
498300.9389325656
 20
9928477.447803795
 30
100.0
 70
    32
  0
VERTEX
  5
239
330
5E
100
AcDbEntity
  8
HR_lin.dxf
 62
     1
100
AcDbVertex
100
AcDb3dPolylineVertex
 10
498325.6032762784
 20
9928492.55367033
 30
99.69999694824219
 70
    32
  0
VERTEX
  5
23A
330
5E
100
AcDbEntity
  8
HR_lin.dxf
 62
     1
100
AcDbVertex
100
AcDb3dPolylineVertex
 10
498345.2605559801
 20
9928510.606992865
 30
98.19999694824219
 70
    32
  0
VERTEX
  5
23B
330
5E
100
AcDbEntity
  8
HR_lin.dxf
 62
     1
100
AcDbVertex
100
AcDb3dPolylineVertex
 10
498361.9506949405
 20
9928527.739221154
 30
96.0999984741211
 70
    32
  0
VERTEX
  5
23C
330
5E
100
AcDbEntity
  8
HR_lin.dxf
 62
     1
100
AcDbVertex
100
AcDb3dPolylineVertex
 10
498379.0117254487
 20
9928545.792534905
 30
93.0
 70
    32
  0
VERTEX
  5
23D
330
5E
100
AcDbEntity
  8
HR_lin.dxf
 62
     1
100
AcDbVertex
100
AcDb3dPolylineVertex
 10
498398.1126669455
 20
9928564.582721828
 30
91.5
 70
    32
  0
VERTEX
  5
23E
330
5E
100
AcDbEntity
  8
HR_lin.dxf
 62
     1
100
AcDbVertex
100
AcDb3dPolylineVertex
 10
498418.8826340477
 20
9928581.53074289
 30
90.69999694824219
 70
    32
  0
VERTEX
  5
23F
330
5E
100
AcDbEntity
  8
HR_lin.dxf
 62
     1
100
AcDbVertex
100
AcDb3dPolylineVertex
 10
498438.3544738305
 20
9928599.399844488
 30
90.19999694824219
 70
    32
  0
VERTEX
  5
240
330
5E
100
AcDbEntity
  8
HR_lin.dxf
 62
     1
100
AcDbVertex
100
AcDb3dPolylineVertex
 10
498456.7136223233
 20
9928622.058583926
 30
90.0999984741211
 70
    32
  0
VERTEX
  5
241
330
5E
100
AcDbEntity
  8
HR_lin.dxf
 62
     1
100
AcDbVertex
100
AcDb3dPolylineVertex
 10
498477.4835769279
 20
9928645.085763179
 30
89.4000015258789
 70
    32
  0
VERTEX
  5
242
330
5E
100
AcDbEntity
  8
HR_lin.dxf
 62
     1
100
AcDbVertex
100
AcDb3dPolylineVertex
 10
498498.0680885524
 20
9928667.376073185
 30
91.0999984741211
 70
    32
  0
VERTEX
  5
243
330
5E
100
AcDbEntity
  8
HR_lin.dxf
 62
     1
100
AcDbVertex
100
AcDb3dPolylineVertex
 10
498523.8451160797
 20
9928685.982056295
 30
90.69999694824219
 70
    32
  0
VERTEX
  5
244
330
5E
100
AcDbEntity
  8
HR_lin.dxf
 62
     1
100
AcDbVertex
100
AcDb3dPolylineVertex
 10
498551.8475069881
 20
9928703.666958965
 30
89.30000305175781
 70
    32
  0
VERTEX
  5
245
330
5E
100
AcDbEntity
  8
HR_lin.dxf
 62
     1
100
AcDbVertex
100
AcDb3dPolylineVertex
 10
498581.1480299616
 20
9928719.693910614
 30
88.80000305175781
 70
    32
  0
VERTEX
  5
246
330
5E
100
AcDbEntity
  8
HR_lin.dxf
 62
     1
100
AcDbVertex
100
AcDb3dPolylineVertex
 10
498612.6739198973
 20
9928733.32604539
 30
89.80000305175781
 70
    32
  0
VERTEX
  5
247
330
5E
100
AcDbEntity
  8
HR_lin.dxf
 62
     1
100
AcDbVertex
100
AcDb3dPolylineVertex
 10
498644.9415985948
 20
9928746.589746188
 30
92.19999694824219
 70
    32
  0
VERTEX
  5
248
330
5E
100
AcDbEntity
  8
HR_lin.dxf
 62
     1
100
AcDbVertex
100
AcDb3dPolylineVertex
 10
498676.0965999158
 20
9928759.48500855
 30
94.4000015258789
 70
    32
  0
VERTEX
  5
249
330
5E
100
AcDbEntity
  8
HR_lin.dxf
 62
     1
100
AcDbVertex
100
AcDb3dPolylineVertex
 10
498705.7680354501
 20
9928769.801228045
 30
97.19999694824219
 70
    32
  0
VERTEX
  5
24A
330
5E
100
AcDbEntity
  8
HR_lin.dxf
 62
     1
100
AcDbVertex
100
AcDb3dPolylineVertex
 10
498735.8103744042
 20
9928776.064673206
 30
99.5999984741211
 70
    32
  0
VERTEX
  5
24B
330
5E
100
AcDbEntity
  8
HR_lin.dxf
 62
     1
100
AcDbVertex
100
AcDb3dPolylineVertex
 10
498764.554588885
 20
9928781.77546299
 30
101.3000030517578
 70
    32
  0
VERTEX
  5
24C
330
5E
100
AcDbEntity
  8
HR_lin.dxf
 62
     1
100
AcDbVertex
100
AcDb3dPolylineVertex
 10
498792.5570164772
 20
9928787.854683688
 30
102.0
 70
    32
  0
VERTEX
  5
24D
330
5E
100
AcDbEntity
  8
HR_lin.dxf
 62
     1
100
AcDbVertex
100
AcDb3dPolylineVertex
 10
498820.5594462878
 20
9928793.197035069
 30
100.6999969482422
 70
    32
  0
VERTEX
  5
24E
330
5E
100
AcDbEntity
  8
HR_lin.dxf
 62
     1
100
AcDbVertex
100
AcDb3dPolylineVertex
 10
498849.6745605065
 20
9928796.513000533
 30
97.5
 70
    32
  0
VERTEX
  5
24F
330
5E
100
AcDbEntity
  8
HR_lin.dxf
 62
     1
100
AcDbVertex
100
AcDb3dPolylineVertex
 10
498878.418782797
 20
9928799.27631282
 30
96.0
 70
    32
  0
VERTEX
  5
250
330
5E
100
AcDbEntity
  8
HR_lin.dxf
 62
     1
100
AcDbVertex
100
AcDb3dPolylineVertex
 10
498902.1559341443
 20
9928808.302991297
 30
92.9000015258789
 70
    32
  0
VERTEX
  5
251
330
5E
100
AcDbEntity
  8
HR_lin.dxf
 62
     1
100
AcDbVertex
100
AcDb3dPolylineVertex
 10
498922.3695931932
 20
9928821.014001679
 30
90.4000015258789
 70
    32
  0
VERTEX
  5
252
330
5E
100
AcDbEntity
  8
HR_lin.dxf
 62
     1
100
AcDbVertex
100
AcDb3dPolylineVertex
 10
498935.7217287097
 20
9928832.988130571
 30
87.5999984741211
 70
    32
  0
VERTEX
  5
253
330
5E
100
AcDbEntity
  8
HR_lin.dxf
 62
     1
100
AcDbVertex
100
AcDb3dPolylineVertex
 10
498950.7428829008
 20
9928845.883347122
 30
84.5999984741211
 70
    32
  0
VERTEX
  5
254
330
5E
100
AcDbEntity
  8
HR_lin.dxf
 62
     1
100
AcDbVertex
100
AcDb3dPolylineVertex
 10
498967.6184929241
 20
9928865.041943934
 30
83.69999694824219
 70
    32
  0
VERTEX
  5
255
330
5E
100
AcDbEntity
  8
HR_lin.dxf
 62
     1
100
AcDbVertex
100
AcDb3dPolylineVertex
 10
498983.0105218316
 20
9928889.174395995
 30
83.9000015258789
 70
    32
  0
VERTEX
  5
256
330
5E
100
AcDbEntity
  8
HR_lin.dxf
 62
     1
100
AcDbVertex
100
AcDb3dPolylineVertex
 10
498997.6607664361
 20
9928912.754195355
 30
83.4000015258789
 70
    32
  0
VERTEX
  5
257
330
5E
100
AcDbEntity
  8
HR_lin.dxf
 62
     1
100
AcDbVertex
100
AcDb3dPolylineVertex
 10
499012.8673540998
 20
9928935.228693396
 30
84.19999694824219
 70
    32
  0
VERTEX
  5
258
330
5E
100
AcDbEntity
  8
HR_lin.dxf
 62
     1
100
AcDbVertex
100
AcDb3dPolylineVertex
 10
499029.5575177695
 20
9928956.966325615
 30
83.9000015258789
 70
    32
  0
VERTEX
  5
259
330
5E
100
AcDbEntity
  8
HR_lin.dxf
 62
     1
100
AcDbVertex
100
AcDb3dPolylineVertex
 10
499049.2148313294
 20
9928977.78287739
 30
86.0999984741211
 70
    32
  0
VERTEX
  5
25A
330
5E
100
AcDbEntity
  8
HR_lin.dxf
 62
     1
100
AcDbVertex
100
AcDb3dPolylineVertex
 10
499071.097514506
 20
9928993.80979066
 30
88.0999984741211
 70
    32
  0
VERTEX
  5
25B
330
5E
100
AcDbEntity
  8
HR_lin.dxf
 62
     1
100
AcDbVertex
100
AcDb3dPolylineVertex
 10
499096.5036987136
 20
9929001.915378625
 30
91.19999694824219
 70
    32
  0
VERTEX
  5
25C
330
5E
100
AcDbEntity
  8
HR_lin.dxf
 62
     1
100
AcDbVertex
100
AcDb3dPolylineVertex
 10
499122.8371262954
 20
9929004.126023587
 30
94.30000305175781
 70
    32
  0
VERTEX
  5
25D
330
5E
100
AcDbEntity
  8
HR_lin.dxf
 62
     1
100
AcDbVertex
100
AcDb3dPolylineVertex
 10
499149.1705619494
 20
9929000.994374974
 30
97.19999694824219
 70
    32
  0
VERTEX
  5
25E
330
5E
100
AcDbEntity
  8
HR_lin.dxf
 62
     1
100
AcDbVertex
100
AcDb3dPolylineVertex
 10
499175.5040003476
 20
9928995.836338393
 30
99.30000305175781
 70
    32
  0
VERTEX
  5
25F
330
5E
100
AcDbEntity
  8
HR_lin.dxf
 62
     1
100
AcDbVertex
100
AcDb3dPolylineVertex
 10
499201.4665437597
 20
9928991.415167985
 30
101.9000015258789
 70
    32
  0
VERTEX
  5
260
330
5E
100
AcDbEntity
  8
HR_lin.dxf
 62
     1
100
AcDbVertex
100
AcDb3dPolylineVertex
 10
499225.3891749404
 20
9928985.704474779
 30
104.8000030517578
 70
    32
  0
VERTEX
  5
261
330
5E
100
AcDbEntity
  8
HR_lin.dxf
 62
     1
100
AcDbVertex
100
AcDb3dPolylineVertex
 10
499246.7155456738
 20
9928984.783418547
 30
106.5
 70
    32
  0
VERTEX
  5
262
330
5E
100
AcDbEntity
  8
HR_lin.dxf
 62
     1
100
AcDbVertex
100
AcDb3dPolylineVertex
 10
499266.9292262128
 20
9928991.599473132
 30
105.9000015258789
 70
    32
  0
VERTEX
  5
263
330
5E
100
AcDbEntity
  8
HR_lin.dxf
 62
     1
100
AcDbVertex
100
AcDb3dPolylineVertex
 10
499285.473879453
 20
9929004.310468165
 30
106.4000015258789
 70
    32
  0
VERTEX
  5
264
330
5E
100
AcDbEntity
  8
HR_lin.dxf
 62
     1
100
AcDbVertex
100
AcDb3dPolylineVertex
 10
499298.6405734339
 20
9929021.811097376
 30
106.0999984741211
 70
    32
  0
VERTEX
  5
265
330
5E
100
AcDbEntity
  8
HR_lin.dxf
 62
     1
100
AcDbVertex
100
AcDb3dPolylineVertex
 10
499304.7602844544
 20
9929046.496179793
 30
105.3000030517578
 70
    32
  0
VERTEX
  5
266
330
5E
100
AcDbEntity
  8
HR_lin.dxf
 62
     1
100
AcDbVertex
100
AcDb3dPolylineVertex
 10
499309.0255274503
 20
9929072.28656173
 30
102.4000015258789
 70
    32
  0
VERTEX
  5
267
330
5E
100
AcDbEntity
  8
HR_lin.dxf
 62
     1
100
AcDbVertex
100
AcDb3dPolylineVertex
 10
499309.0254986087
 20
9929096.050551705
 30
100.1999969482422
 70
    32
  0
VERTEX
  5
268
330
5E
100
AcDbEntity
  8
HR_lin.dxf
 62
     1
100
AcDbVertex
100
AcDb3dPolylineVertex
 10
499306.800110531
 20
9929118.525020123
 30
99.5
 70
    32
  0
VERTEX
  5
269
330
5E
100
AcDbEntity
  8
HR_lin.dxf
 62
     1
100
AcDbVertex
100
AcDb3dPolylineVertex
 10
499303.2765948336
 20
9929141.183703905
 30
99.69999694824219
 70
    32
  0
VERTEX
  5
26A
330
5E
100
AcDbEntity
  8
HR_lin.dxf
 62
     1
100
AcDbVertex
100
AcDb3dPolylineVertex
 10
499298.084053019
 20
9929168.079376047
 30
99.5
 70
    32
  0
VERTEX
  5
26B
330
5E
100
AcDbEntity
  8
HR_lin.dxf
 62
     1
100
AcDbVertex
100
AcDb3dPolylineVertex
 10
499291.5933802875
 20
9929197.369867198
 30
98.9000015258789
 70
    32
  0
VERTEX
  5
26C
330
5E
100
AcDbEntity
  8
HR_lin.dxf
 62
     1
100
AcDbVertex
100
AcDb3dPolylineVertex
 10
499288.6261965942
 20
9929225.92349475
 30
100.0999984741211
 70
    32
  0
VERTEX
  5
26D
330
5E
100
AcDbEntity
  8
HR_lin.dxf
 62
     1
100
AcDbVertex
100
AcDb3dPolylineVertex
 10
499283.062757177
 20
9929254.845552959
 30
98.5
 70
    32
  0
VERTEX
  5
26E
330
5E
100
AcDbEntity
  8
HR_lin.dxf
 62
     1
100
AcDbVertex
100
AcDb3dPolylineVertex
 10
499273.9758312495
 20
9929281.372785939
 30
99.19999694824219
 70
    32
  0
VERTEX
  5
26F
330
5E
100
AcDbEntity
  8
HR_lin.dxf
 62
     1
100
AcDbVertex
100
AcDb3dPolylineVertex
 10
499262.8489907235
 20
9929307.163148226
 30
98.9000015258789
 70
    32
  0
VERTEX
  5
270
330
5E
100
AcDbEntity
  8
HR_lin.dxf
 62
     1
100
AcDbVertex
100
AcDb3dPolylineVertex
 10
499250.4240222593
 20
9929332.400857659
 30
98.5999984741211
 70
    32
  0
VERTEX
  5
271
330
5E
100
AcDbEntity
  8
HR_lin.dxf
 62
     1
100
AcDbVertex
100
AcDb3dPolylineVertex
 10
499233.1774383491
 20
9929355.612173636
 30
98.0999984741211
 70
    32
  0
VERTEX
  5
272
330
5E
100
AcDbEntity
  8
HR_lin.dxf
 62
     1
100
AcDbVertex
100
AcDb3dPolylineVertex
 10
499212.7782579164
 20
9929378.270833831
 30
97.4000015258789
 70
    32
  0
VERTEX
  5
273
330
5E
100
AcDbEntity
  8
HR_lin.dxf
 62
     1
100
AcDbVertex
100
AcDb3dPolylineVertex
 10
499191.2663915256
 20
9929403.324312398
 30
99.0
 70
    32
  0
VERTEX
  5
274
330
5E
100
AcDbEntity
  8
HR_lin.dxf
 62
     1
100
AcDbVertex
100
AcDb3dPolylineVertex
 10
499169.5690737055
 20
9929430.219959635
 30
100.4000015258789
 70
    32
  0
VERTEX
  5
275
330
5E
100
AcDbEntity
  8
HR_lin.dxf
 62
     1
100
AcDbVertex
100
AcDb3dPolylineVertex
 10
499147.871753305
 20
9929457.484039998
 30
102.4000015258789
 70
    32
  0
VERTEX
  5
276
330
5E
100
AcDbEntity
  8
HR_lin.dxf
 62
     1
100
AcDbVertex
100
AcDb3dPolylineVertex
 10
499128.9561333652
 20
9929484.932340749
 30
103.1999969482422
 70
    32
  0
VERTEX
  5
277
330
5E
100
AcDbEntity
  8
HR_lin.dxf
 62
     1
100
AcDbVertex
100
AcDb3dPolylineVertex
 10
499116.7165966906
 20
9929513.670170026
 30
105.4000015258789
 70
    32
  0
VERTEX
  5
278
330
5E
100
AcDbEntity
  8
HR_lin.dxf
 62
     1
100
AcDbVertex
100
AcDb3dPolylineVertex
 10
499109.2986765919
 20
9929542.960657466
 30
109.3000030517578
 70
    32
  0
VERTEX
  5
279
330
5E
100
AcDbEntity
  8
HR_lin.dxf
 62
     1
100
AcDbVertex
100
AcDb3dPolylineVertex
 10
499102.8079902368
 20
9929572.251146242
 30
110.3000030517578
 70
    32
  0
VERTEX
  5
27A
330
5E
100
AcDbEntity
  8
HR_lin.dxf
 62
     1
100
AcDbVertex
100
AcDb3dPolylineVertex
 10
499097.0590901476
 20
9929601.910070037
 30
110.6999969482422
 70
    32
  0
VERTEX
  5
27B
330
5E
100
AcDbEntity
  8
HR_lin.dxf
 62
     1
100
AcDbVertex
100
AcDb3dPolylineVertex
 10
499089.0848313457
 20
9929628.621518644
 30
112.0
 70
    32
  0
VERTEX
  5
27C
330
5E
100
AcDbEntity
  8
HR_lin.dxf
 62
     1
100
AcDbVertex
100
AcDb3dPolylineVertex
 10
499077.0307431509
 20
9929653.306573866
 30
113.0999984741211
 70
    32
  0
VERTEX
  5
27D
330
5E
100
AcDbEntity
  8
HR_lin.dxf
 62
     1
100
AcDbVertex
100
AcDb3dPolylineVertex
 10
499059.2278043107
 20
9929675.044147857
 30
112.9000015258789
 70
    32
  0
VERTEX
  5
27E
330
5E
100
AcDbEntity
  8
HR_lin.dxf
 62
     1
100
AcDbVertex
100
AcDb3dPolylineVertex
 10
499039.384948015
 20
9929696.781717889
 30
112.0
 70
    32
  0
VERTEX
  5
27F
330
5E
100
AcDbEntity
  8
HR_lin.dxf
 62
     1
100
AcDbVertex
100
AcDb3dPolylineVertex
 10
499021.3965528472
 20
9929722.387846846
 30
110.3000030517578
 70
    32
  0
VERTEX
  5
280
330
5E
100
AcDbEntity
  8
HR_lin.dxf
 62
     1
100
AcDbVertex
100
AcDb3dPolylineVertex
 10
499009.3424515562
 20
9929751.86254194
 30
109.3000030517578
 70
    32
  0
VERTEX
  5
281
330
5E
100
AcDbEntity
  8
HR_lin.dxf
 62
     1
100
AcDbVertex
100
AcDb3dPolylineVertex
 10
498998.7719230006
 20
9929782.258324219
 30
110.0999984741211
 70
    32
  0
VERTEX
  5
282
330
5E
100
AcDbEntity
  8
HR_lin.dxf
 62
     1
100
AcDbVertex
100
AcDb3dPolylineVertex
 10
498987.8304996798
 20
9929812.469888661
 30
112.0999984741211
 70
    32
  0
VERTEX
  5
283
330
5E
100
AcDbEntity
  8
HR_lin.dxf
 62
     1
100
AcDbVertex
100
AcDb3dPolylineVertex
 10
498978.9289903376
 20
9929843.602541367
 30
114.3000030517578
 70
    32
  0
VERTEX
  5
284
330
5E
100
AcDbEntity
  8
HR_lin.dxf
 62
     1
100
AcDbVertex
100
AcDb3dPolylineVertex
 10
498972.438291167
 20
9929874.550981252
 30
117.8000030517578
 70
    32
  0
VERTEX
  5
285
330
5E
100
AcDbEntity
  8
HR_lin.dxf
 62
     1
100
AcDbVertex
100
AcDb3dPolylineVertex
 10
498971.5110000427
 20
9929906.052081916
 30
121.9000015258789
 70
    32
  0
VERTEX
  5
286
330
5E
100
AcDbEntity
  8
HR_lin.dxf
 62
     1
100
AcDbVertex
100
AcDb3dPolylineVertex
 10
498978.3724860212
 20
9929935.711026685
 30
126.1999969482422
 70
    32
  0
VERTEX
  5
287
330
5E
100
AcDbEntity
  8
HR_lin.dxf
 62
     1
100
AcDbVertex
100
AcDb3dPolylineVertex
 10
498990.2410498369
 20
9929960.948772792
 30
126.1999969482422
 70
    32
  0
VERTEX
  5
288
330
5E
100
AcDbEntity
  8
HR_lin.dxf
 62
     1
100
AcDbVertex
100
AcDb3dPolylineVertex
 10
499005.6331098427
 20
9929985.081222873
 30
124.4000015258789
 70
    32
  0
VERTEX
  5
289
330
5E
100
AcDbEntity
  8
HR_lin.dxf
 62
     1
100
AcDbVertex
100
AcDb3dPolylineVertex
 10
499020.0979323101
 20
9930011.424274592
 30
120.8000030517578
 70
    32
  0
VERTEX
  5
28A
330
5E
100
AcDbEntity
  8
HR_lin.dxf
 62
     1
100
AcDbVertex
100
AcDb3dPolylineVertex
 10
499032.1519438323
 20
9930038.319972778
 30
117.6999969482422
 70
    32
  0
VERTEX
  5
28B
330
5E
100
AcDbEntity
  8
HR_lin.dxf
 62
     1
100
AcDbVertex
100
AcDb3dPolylineVertex
 10
499044.7622996413
 20
9930063.926152796
 30
116.0999984741211
 70
    32
  0
VERTEX
  5
28C
330
5E
100
AcDbEntity
  8
HR_lin.dxf
 62
     1
100
AcDbVertex
100
AcDb3dPolylineVertex
 10
499056.4454258871
 20
9930086.76907642
 30
113.0999984741211
 70
    32
  0
VERTEX
  5
28D
330
5E
100
AcDbEntity
  8
HR_lin.dxf
 62
     1
100
AcDbVertex
100
AcDb3dPolylineVertex
 10
499067.7576652347
 20
9930105.743442792
 30
110.0999984741211
 70
    32
  0
VERTEX
  5
28E
330
5E
100
AcDbEntity
  8
HR_lin.dxf
 62
     1
100
AcDbVertex
100
AcDb3dPolylineVertex
 10
499078.142674068
 20
9930122.138769854
 30
107.9000015258789
 70
    32
  0
VERTEX
  5
28F
330
5E
100
AcDbEntity
  8
HR_lin.dxf
 62
     1
100
AcDbVertex
100
AcDb3dPolylineVertex
 10
499088.5276884365
 20
9930135.402408212
 30
105.8000030517578
 70
    32
  0
VERTEX
  5
290
330
5E
100
AcDbEntity
  8
HR_lin.dxf
 62
     1
100
AcDbVertex
100
AcDb3dPolylineVertex
 10
499099.6544976186
 20
9930144.797491148
 30
104.8000030517578
 70
    32
  0
VERTEX
  5
291
330
5E
100
AcDbEntity
  8
HR_lin.dxf
 62
     1
100
AcDbVertex
100
AcDb3dPolylineVertex
 10
499108.5559480056
 20
9930150.508231027
 30
105.1999969482422
 70
    32
  0
VERTEX
  5
292
330
5E
100
AcDbEntity
  8
HR_lin.dxf
 62
     1
100
AcDbVertex
100
AcDb3dPolylineVertex
 10
499112.6357798707
 20
9930152.90305792
 30
105.8000030517578
 70
    32
  0
VERTEX
  5
293
330
5E
100
AcDbEntity
  8
HR_lin.dxf
 62
     1
100
AcDbVertex
100
AcDb3dPolylineVertex
 10
499115.0465901134
 20
9930154.008363437
 30
105.8000030517578
 70
    32
  0
VERTEX
  5
294
330
5E
100
AcDbEntity
  8
HR_lin.dxf
 62
     1
100
AcDbVertex
100
AcDb3dPolylineVertex
 10
499121.1663397671
 20
9930156.403193386
 30
105.6999969482422
 70
    32
  0
VERTEX
  5
295
330
5E
100
AcDbEntity
  8
HR_lin.dxf
 62
     1
100
AcDbVertex
100
AcDb3dPolylineVertex
 10
499130.9950302964
 20
9930159.1664628
 30
105.0999984741211
 70
    32
  0
VERTEX
  5
296
330
5E
100
AcDbEntity
  8
HR_lin.dxf
 62
     1
100
AcDbVertex
100
AcDb3dPolylineVertex
 10
499144.3472161428
 20
9930161.377086358
 30
105.1999969482422
 70
    32
  0
VERTEX
  5
297
330
5E
100
AcDbEntity
  8
HR_lin.dxf
 62
     1
100
AcDbVertex
100
AcDb3dPolylineVertex
 10
499161.7792398512
 20
9930162.113979777
 30
105.1999969482422
 70
    32
  0
VERTEX
  5
298
330
5E
100
AcDbEntity
  8
HR_lin.dxf
 62
     1
100
AcDbVertex
100
AcDb3dPolylineVertex
 10
499180.880289225
 20
9930161.377139276
 30
107.0999984741211
 70
    32
  0
VERTEX
  5
299
330
5E
100
AcDbEntity
  8
HR_lin.dxf
 62
     1
100
AcDbVertex
100
AcDb3dPolylineVertex
 10
499202.3921521437
 20
9930159.534999657
 30
109.8000030517578
 70
    32
  0
VERTEX
  5
29A
330
5E
100
AcDbEntity
  8
HR_lin.dxf
 62
     1
100
AcDbVertex
100
AcDb3dPolylineVertex
 10
499223.9040152977
 20
9930157.324425299
 30
112.6999969482422
 70
    32
  0
VERTEX
  5
29B
330
5E
100
AcDbEntity
  8
HR_lin.dxf
 62
     1
100
AcDbVertex
100
AcDb3dPolylineVertex
 10
499247.0849045428
 20
9930153.08746565
 30
115.4000015258789
 70
    32
  0
VERTEX
  5
29C
330
5E
100
AcDbEntity
  8
HR_lin.dxf
 62
     1
100
AcDbVertex
100
AcDb3dPolylineVertex
 10
499267.1131970688
 20
9930145.903029568
 30
116.5
 70
    32
  0
VERTEX
  5
29D
330
5E
100
AcDbEntity
  8
HR_lin.dxf
 62
     1
100
AcDbVertex
100
AcDb3dPolylineVertex
 10
499286.5851547189
 20
9930133.192083016
 30
116.3000030517578
 70
    32
  0
VERTEX
  5
29E
330
5E
100
AcDbEntity
  8
HR_lin.dxf
 62
     1
100
AcDbVertex
100
AcDb3dPolylineVertex
 10
499302.5336230438
 20
9930115.875707323
 30
114.8000030517578
 70
    32
  0
VERTEX
  5
29F
330
5E
100
AcDbEntity
  8
HR_lin.dxf
 62
     1
100
AcDbVertex
100
AcDb3dPolylineVertex
 10
499316.9985156727
 20
9930097.085593674
 30
113.1999969482422
 70
    32
  0
VERTEX
  5
2A0
330
5E
100
AcDbEntity
  8
HR_lin.dxf
 62
     1
100
AcDbVertex
100
AcDb3dPolylineVertex
 10
499333.8742171657
 20
9930079.769218208
 30
111.3000030517578
 70
    32
  0
VERTEX
  5
2A1
330
5E
100
AcDbEntity
  8
HR_lin.dxf
 62
     1
100
AcDbVertex
100
AcDb3dPolylineVertex
 10
499353.5316245838
 20
9930061.347543549
 30
106.1999969482422
 70
    32
  0
VERTEX
  5
2A2
330
5E
100
AcDbEntity
  8
HR_lin.dxf
 62
     1
100
AcDbVertex
100
AcDb3dPolylineVertex
 10
499377.6397569549
 20
9930045.320693647
 30
105.3000030517578
 70
    32
  0
VERTEX
  5
2A3
330
5E
100
AcDbEntity
  8
HR_lin.dxf
 62
     1
100
AcDbVertex
100
AcDb3dPolylineVertex
 10
499402.1187793306
 20
9930031.87288071
 30
103.5999984741211
 70
    32
  0
VERTEX
  5
2A4
330
5E
100
AcDbEntity
  8
HR_lin.dxf
 62
     1
100
AcDbVertex
100
AcDb3dPolylineVertex
 10
499427.3395841951
 20
9930022.846274756
 30
101.1999969482422
 70
    32
  0
VERTEX
  5
2A5
330
5E
100
AcDbEntity
  8
HR_lin.dxf
 62
     1
100
AcDbVertex
100
AcDb3dPolylineVertex
 10
499453.3021719683
 20
9930018.609309629
 30
100.8000030517578
 70
    32
  0
VERTEX
  5
2A6
330
5E
100
AcDbEntity
  8
HR_lin.dxf
 62
     1
100
AcDbVertex
100
AcDb3dPolylineVertex
 10
499481.119224536
 20
9930019.898854109
 30
106.5999984741211
 70
    32
  0
VERTEX
  5
2A7
330
5E
100
AcDbEntity
  8
HR_lin.dxf
 62
     1
100
AcDbVertex
100
AcDb3dPolylineVertex
 10
499509.1217240179
 20
9930021.372614373
 30
109.1999969482422
 70
    32
  0
VERTEX
  5
2A8
330
5E
100
AcDbEntity
  8
HR_lin.dxf
 62
     1
100
AcDbVertex
100
AcDb3dPolylineVertex
 10
499533.7861766771
 20
9930023.583238468
 30
109.9000015258789
 70
    32
  0
VERTEX
  5
2A9
330
5E
100
AcDbEntity
  8
HR_lin.dxf
 62
     1
100
AcDbVertex
100
AcDb3dPolylineVertex
 10
499554.1853476829
 20
9930025.978075199
 30
113.0
 70
    32
  0
VERTEX
  5
2AA
330
5E
100
AcDbEntity
  8
HR_lin.dxf
 62
     1
100
AcDbVertex
100
AcDb3dPolylineVertex
 10
499575.326306864
 20
9930028.557128722
 30
113.6999969482422
 70
    32
  0
VERTEX
  5
2AB
330
5E
100
AcDbEntity
  8
HR_lin.dxf
 62
     1
100
AcDbVertex
100
AcDb3dPolylineVertex
 10
499598.8780766158
 20
9930032.60991891
 30
113.1999969482422
 70
    32
  0
VERTEX
  5
2AC
330
5E
100
AcDbEntity
  8
HR_lin.dxf
 62
     1
100
AcDbVertex
100
AcDb3dPolylineVertex
 10
499626.8805783999
 20
9930032.057286786
 30
111.1999969482422
 70
    32
  0
VERTEX
  5
2AD
330
5E
100
AcDbEntity
  8
HR_lin.dxf
 62
     1
100
AcDbVertex
100
AcDb3dPolylineVertex
 10
499655.2539767827
 20
9930027.083446255
 30
109.9000015258789
 70
    32
  0
VERTEX
  5
2AE
330
5E
100
AcDbEntity
  8
HR_lin.dxf
 62
     1
100
AcDbVertex
100
AcDb3dPolylineVertex
 10
499683.4419285181
 20
9930020.451651502
 30
110.8000030517578
 70
    32
  0
VERTEX
  5
2AF
330
5E
100
AcDbEntity
  8
HR_lin.dxf
 62
     1
100
AcDbVertex
100
AcDb3dPolylineVertex
 10
499712.3716674533
 20
9930014.372506654
 30
107.3000030517578
 70
    32
  0
VERTEX
  5
2B0
330
5E
100
AcDbEntity
  8
HR_lin.dxf
 62
     1
100
AcDbVertex
100
AcDb3dPolylineVertex
 10
499741.857747825
 20
9930006.08275697
 30
106.9000015258789
 70
    32
  0
VERTEX
  5
2B1
330
5E
100
AcDbEntity
  8
HR_lin.dxf
 62
     1
100
AcDbVertex
100
AcDb3dPolylineVertex
 10
499774.6818761798
 20
9929991.345413154
 30
105.0
 70
    32
  0
VERTEX
  5
2B2
330
5E
100
AcDbEntity
  8
HR_lin.dxf
 62
     1
100
AcDbVertex
100
AcDb3dPolylineVertex
 10
499802.8698282386
 20
9929974.581679234
 30
106.5
 70
    32
  0
VERTEX
  5
2B3
330
5E
100
AcDbEntity
  8
HR_lin.dxf
 62
     1
100
AcDbVertex
100
AcDb3dPolylineVertex
 10
499827.9051797218
 20
9929957.449509058
 30
108.8000030517578
 70
    32
  0
VERTEX
  5
2B4
330
5E
100
AcDbEntity
  8
HR_lin.dxf
 62
     1
100
AcDbVertex
100
AcDb3dPolylineVertex
 10
499852.5696354708
 20
9929941.422639515
 30
110.8000030517578
 70
    32
  0
VERTEX
  5
2B5
330
5E
100
AcDbEntity
  8
HR_lin.dxf
 62
     1
100
AcDbVertex
100
AcDb3dPolylineVertex
 10
499876.863195469
 20
9929926.86950459
 30
113.0
 70
    32
  0
VERTEX
  5
2B6
330
5E
100
AcDbEntity
  8
HR_lin.dxf
 62
     1
100
AcDbVertex
100
AcDb3dPolylineVertex
 10
499900.9713073235
 20
9929912.316368602
 30
113.6999969482422
 70
    32
  0
VERTEX
  5
2B7
330
5E
100
AcDbEntity
  8
HR_lin.dxf
 62
     1
100
AcDbVertex
100
AcDb3dPolylineVertex
 10
499925.6357590363
 20
9929896.842146823
 30
115.0
 70
    32
  0
VERTEX
  5
2B8
330
5E
100
AcDbEntity
  8
HR_lin.dxf
 62
     1
100
AcDbVertex
100
AcDb3dPolylineVertex
 10
499949.3729746892
 20
9929878.604669344
 30
117.8000030517578
 70
    32
  0
VERTEX
  5
2B9
330
5E
100
AcDbEntity
  8
HR_lin.dxf
 62
     1
100
AcDbVertex
100
AcDb3dPolylineVertex
 10
499971.8120602877
 20
9929856.498634435
 30
119.1999969482422
 70
    32
  0
VERTEX
  5
2BA
330
5E
100
AcDbEntity
  8
HR_lin.dxf
 62
     1
100
AcDbVertex
100
AcDb3dPolylineVertex
 10
499992.3966744817
 20
9929834.024164671
 30
121.9000015258789
 70
    32
  0
VERTEX
  5
2BB
330
5E
100
AcDbEntity
  8
HR_lin.dxf
 62
     1
100
AcDbVertex
100
AcDb3dPolylineVertex
 10
500013.9085218942
 20
9929814.681382636
 30
122.5999984741211
 70
    32
  0
VERTEX
  5
2BC
330
5E
100
AcDbEntity
  8
HR_lin.dxf
 62
     1
100
AcDbVertex
100
AcDb3dPolylineVertex
 10
500036.3476031756
 20
9929802.891495526
 30
124.3000030517578
 70
    32
  0
VERTEX
  5
2BD
330
5E
100
AcDbEntity
  8
HR_lin.dxf
 62
     1
100
AcDbVertex
100
AcDb3dPolylineVertex
 10
500061.0120475397
 20
9929797.733418256
 30
124.9000015258789
 70
    32
  0
VERTEX
  5
2BE
330
5E
100
AcDbEntity
  8
HR_lin.dxf
 62
     1
100
AcDbVertex
100
AcDb3dPolylineVertex
 10
500087.7164090711
 20
9929799.575584512
 30
126.5
 70
    32
  0
VERTEX
  5
2BF
330
5E
100
AcDbEntity
  8
HR_lin.dxf
 62
     1
100
AcDbVertex
100
AcDb3dPolylineVertex
 10
500114.4207721283
 20
9929808.233777447
 30
129.3999938964844
 70
    32
  0
VERTEX
  5
2C0
330
5E
100
AcDbEntity
  8
HR_lin.dxf
 62
     1
100
AcDbVertex
100
AcDb3dPolylineVertex
 10
500140.0124552705
 20
9929821.12895974
 30
130.3999938964844
 70
    32
  0
VERTEX
  5
2C1
330
5E
100
AcDbEntity
  8
HR_lin.dxf
 62
     1
100
AcDbVertex
100
AcDb3dPolylineVertex
 10
500160.7825191797
 20
9929836.418962877
 30
130.1000061035156
 70
    32
  0
VERTEX
  5
2C2
330
5E
100
AcDbEntity
  8
HR_lin.dxf
 62
     1
100
AcDbVertex
100
AcDb3dPolylineVertex
 10
500181.9234782704
 20
9929852.261616053
 30
128.8999938964844
 70
    32
  0
VERTEX
  5
2C3
330
5E
100
AcDbEntity
  8
HR_lin.dxf
 62
     1
100
AcDbVertex
100
AcDb3dPolylineVertex
 10
500202.8789927476
 20
9929871.60439095
 30
126.0999984741211
 70
    32
  0
VERTEX
  5
2C4
330
5E
100
AcDbEntity
  8
HR_lin.dxf
 62
     1
100
AcDbVertex
100
AcDb3dPolylineVertex
 10
500221.0528048437
 20
9929893.157769796
 30
124.5
 70
    32
  0
VERTEX
  5
2C5
330
5E
100
AcDbEntity
  8
HR_lin.dxf
 62
     1
100
AcDbVertex
100
AcDb3dPolylineVertex
 10
500241.4519810767
 20
9929912.316326512
 30
123.3000030517578
 70
    32
  0
VERTEX
  5
2C6
330
5E
100
AcDbEntity
  8
HR_lin.dxf
 62
     1
100
AcDbVertex
100
AcDb3dPolylineVertex
 10
500263.3347342895
 20
9929930.553796973
 30
124.9000015258789
 70
    32
  0
VERTEX
  5
2C7
330
5E
100
AcDbEntity
  8
HR_lin.dxf
 62
     1
100
AcDbVertex
100
AcDb3dPolylineVertex
 10
500281.8794439152
 20
9929951.186088847
 30
128.6999969482422
 70
    32
  0
VERTEX
  5
2C8
330
5E
100
AcDbEntity
  8
HR_lin.dxf
 62
     1
100
AcDbVertex
100
AcDb3dPolylineVertex
 10
500298.5696854176
 20
9929972.9236829
 30
131.6999969482422
 70
    32
  0
VERTEX
  5
2C9
330
5E
100
AcDbEntity
  8
HR_lin.dxf
 62
     1
100
AcDbVertex
100
AcDb3dPolylineVertex
 10
500310.0674124791
 20
9929995.95079806
 30
137.3999938964844
 70
    32
  0
VERTEX
  5
2CA
330
5E
100
AcDbEntity
  8
HR_lin.dxf
 62
     1
100
AcDbVertex
100
AcDb3dPolylineVertex
 10
500315.2599399598
 20
9930016.214661913
 30
139.1999969482422
 70
    32
  0
VERTEX
  5
2CB
330
5E
100
AcDbEntity
  8
HR_lin.dxf
 62
     1
100
AcDbVertex
100
AcDb3dPolylineVertex
 10
500314.1472666427
 20
9930032.425755844
 30
139.6000061035156
 70
    32
  0
VERTEX
  5
2CC
330
5E
100
AcDbEntity
  8
HR_lin.dxf
 62
     1
100
AcDbVertex
100
AcDb3dPolylineVertex
 10
500311.1801211096
 20
9930045.136728346
 30
141.0
 70
    32
  0
VERTEX
  5
2CD
330
5E
100
AcDbEntity
  8
HR_lin.dxf
 62
     1
100
AcDbVertex
100
AcDb3dPolylineVertex
 10
500309.3256560744
 20
9930055.08444569
 30
141.0
 70
    32
  0
VERTEX
  5
2CE
330
5E
100
AcDbEntity
  8
HR_lin.dxf
 62
     1
100
AcDbVertex
100
AcDb3dPolylineVertex
 10
500307.4711921521
 20
9930067.242766658
 30
141.6000061035156
 70
    32
  0
VERTEX
  5
2CF
330
5E
100
AcDbEntity
  8
HR_lin.dxf
 62
     1
100
AcDbVertex
100
AcDb3dPolylineVertex
 10
500305.8021755227
 20
9930079.953738423
 30
142.0
 70
    32
  0
VERTEX
  5
2D0
330
5E
100
AcDbEntity
  8
HR_lin.dxf
 62
     1
100
AcDbVertex
100
AcDb3dPolylineVertex
 10
500304.874946855
 20
9930092.296275847
 30
140.6999969482422
 70
    32
  0
VERTEX
  5
2D1
330
5E
100
AcDbEntity
  8
HR_lin.dxf
 62
     1
100
AcDbVertex
100
AcDb3dPolylineVertex
 10
500305.6167423957
 20
9930106.112548137
 30
139.6999969482422
 70
    32
  0
VERTEX
  5
2D2
330
5E
100
AcDbEntity
  8
HR_lin.dxf
 62
     1
100
AcDbVertex
100
AcDb3dPolylineVertex
 10
500307.1003269063
 20
9930121.402555777
 30
140.1000061035156
 70
    32
  0
VERTEX
  5
2D3
330
5E
100
AcDbEntity
  8
HR_lin.dxf
 62
     1
100
AcDbVertex
100
AcDb3dPolylineVertex
 10
500310.6238289577
 20
9930136.139911406
 30
141.1999969482422
 70
    32
  0
VERTEX
  5
2D4
330
5E
100
AcDbEntity
  8
HR_lin.dxf
 62
     1
100
AcDbVertex
100
AcDb3dPolylineVertex
 10
500316.1872479783
 20
9930149.219313174
 30
142.0
 70
    32
  0
VERTEX
  5
2D5
330
5E
100
AcDbEntity
  8
HR_lin.dxf
 62
     1
100
AcDbVertex
100
AcDb3dPolylineVertex
 10
500325.6450564598
 20
9930163.588231487
 30
144.0
 70
    32
  0
VERTEX
  5
2D6
330
5E
100
AcDbEntity
  8
HR_lin.dxf
 62
     1
100
AcDbVertex
100
AcDb3dPolylineVertex
 10
500337.5136779645
 20
9930179.062450048
 30
146.6999969482422
 70
    32
  0
VERTEX
  5
2D7
330
5E
100
AcDbEntity
  8
HR_lin.dxf
 62
     1
100
AcDbVertex
100
AcDb3dPolylineVertex
 10
500349.9386419021
 20
9930195.273535898
 30
150.0
 70
    32
  0
VERTEX
  5
2D8
330
5E
100
AcDbEntity
  8
HR_lin.dxf
 62
     1
100
AcDbVertex
100
AcDb3dPolylineVertex
 10
500363.4762896341
 20
9930212.40570562
 30
153.0
 70
    32
  0
VERTEX
  5
2D9
330
5E
100
AcDbEntity
  8
HR_lin.dxf
 62
     1
100
AcDbVertex
100
AcDb3dPolylineVertex
 10
500375.5303589651
 20
9930225.853536615
 30
156.1999969482422
 70
    32
  0
VERTEX
  5
2DA
330
5E
100
AcDbEntity
  8
HR_lin.dxf
 62
     1
100
AcDbVertex
100
AcDb3dPolylineVertex
 10
500384.9881671029
 20
9930235.617029725
 30
158.1999969482422
 70
    32
  0
VERTEX
  5
2DB
330
5E
100
AcDbEntity
  8
HR_lin.dxf
 62
     1
100
AcDbVertex
100
AcDb3dPolylineVertex
 10
500394.8168690926
 20
9930244.459437583
 30
159.5
 70
    32
  0
VERTEX
  5
2DC
330
5E
100
AcDbEntity
  8
HR_lin.dxf
 62
     1
100
AcDbVertex
100
AcDb3dPolylineVertex
 10
500405.3873598175
 20
9930253.301844753
 30
161.6000061035156
 70
    32
  0
VERTEX
  5
2DD
330
5E
100
AcDbEntity
  8
HR_lin.dxf
 62
     1
100
AcDbVertex
100
AcDb3dPolylineVertex
 10
500416.8850865885
 20
9930262.32846803
 30
162.6999969482422
 70
    32
  0
VERTEX
  5
2DE
330
5E
100
AcDbEntity
  8
HR_lin.dxf
 62
     1
100
AcDbVertex
100
AcDb3dPolylineVertex
 10
500427.6410256887
 20
9930272.0919595
 30
163.1999969482422
 70
    32
  0
VERTEX
  5
2DF
330
5E
100
AcDbEntity
  8
HR_lin.dxf
 62
     1
100
AcDbVertex
100
AcDb3dPolylineVertex
 10
500435.8007048031
 20
9930280.565933952
 30
163.8999938964844
 70
    32
  0
VERTEX
  5
2E0
330
5E
100
AcDbEntity
  8
HR_lin.dxf
 62
     1
100
AcDbVertex
100
AcDb3dPolylineVertex
 10
500442.6622542285
 20
9930289.039909283
 30
163.8999938964844
 70
    32
  0
VERTEX
  5
2E1
330
5E
100
AcDbEntity
  8
HR_lin.dxf
 62
     1
100
AcDbVertex
100
AcDb3dPolylineVertex
 10
500446.9275429842
 20
9930295.671716858
 30
164.8000030517578
 70
    32
  0
VERTEX
  5
2E2
330
5E
100
AcDbEntity
  8
HR_lin.dxf
 62
     1
100
AcDbVertex
100
AcDb3dPolylineVertex
 10
500450.2655964688
 20
9930302.67195906
 30
165.1999969482422
 70
    32
  0
VERTEX
  5
2E3
330
5E
100
AcDbEntity
  8
HR_lin.dxf
 62
     1
100
AcDbVertex
100
AcDb3dPolylineVertex
 10
500454.3454395891
 20
9930311.145936402
 30
165.6000061035156
 70
    32
  0
VERTEX
  5
2E4
330
5E
100
AcDbEntity
  8
HR_lin.dxf
 62
     1
100
AcDbVertex
100
AcDb3dPolylineVertex
 10
500457.6834948523
 20
9930320.172565205
 30
166.1000061035156
 70
    32
  0
VERTEX
  5
2E5
330
5E
100
AcDbEntity
  8
HR_lin.dxf
 62
     1
100
AcDbVertex
100
AcDb3dPolylineVertex
 10
500461.3924448348
 20
9930329.567627626
 30
166.3999938964844
 70
    32
  0
VERTEX
  5
2E6
330
5E
100
AcDbEntity
  8
HR_lin.dxf
 62
     1
100
AcDbVertex
100
AcDb3dPolylineVertex
 10
500466.0286316143
 20
9930340.436425019
 30
167.3000030517578
 70
    32
  0
VERTEX
  5
2E7
330
5E
100
AcDbEntity
  8
HR_lin.dxf
 62
     1
100
AcDbVertex
100
AcDb3dPolylineVertex
 10
500469.9230313055
 20
9930352.778958717
 30
167.6000061035156
 70
    32
  0
VERTEX
  5
2E8
330
5E
100
AcDbEntity
  8
HR_lin.dxf
 62
     1
100
AcDbVertex
100
AcDb3dPolylineVertex
 10
500471.5920655333
 20
9930365.121494198
 30
166.6999969482422
 70
    32
  0
VERTEX
  5
2E9
330
5E
100
AcDbEntity
  8
HR_lin.dxf
 62
     1
100
AcDbVertex
100
AcDb3dPolylineVertex
 10
500471.0357371453
 20
9930381.148370834
 30
167.1999969482422
 70
    32
  0
VERTEX
  5
2EA
330
5E
100
AcDbEntity
  8
HR_lin.dxf
 62
     1
100
AcDbVertex
100
AcDb3dPolylineVertex
 10
500468.2540456441
 20
9930400.491154674
 30
167.3999938964844
 70
    32
  0
VERTEX
  5
2EB
330
5E
100
AcDbEntity
  8
HR_lin.dxf
 62
     1
100
AcDbVertex
100
AcDb3dPolylineVertex
 10
500464.9160130871
 20
9930420.570806801
 30
167.1999969482422
 70
    32
  0
VERTEX
  5
2EC
330
5E
100
AcDbEntity
  8
HR_lin.dxf
 62
     1
100
AcDbVertex
100
AcDb3dPolylineVertex
 10
500456.7563562009
 20
9930443.229500249
 30
167.1999969482422
 70
    32
  0
VERTEX
  5
2ED
330
5E
100
AcDbEntity
  8
HR_lin.dxf
 62
     1
100
AcDbVertex
100
AcDb3dPolylineVertex
 10
500446.0004393811
 20
9930467.361931294
 30
167.8000030517578
 70
    32
  0
VERTEX
  5
2EE
330
5E
100
AcDbEntity
  8
HR_lin.dxf
 62
     1
100
AcDbVertex
100
AcDb3dPolylineVertex
 10
500434.6881792767
 20
9930490.204843765
 30
167.1000061035156
 70
    32
  0
VERTEX
  5
2EF
330
5E
100
AcDbEntity
  8
HR_lin.dxf
 62
     1
100
AcDbVertex
100
AcDb3dPolylineVertex
 10
500427.8266511005
 20
9930513.784620598
 30
166.1999969482422
 70
    32
  0
VERTEX
  5
2F0
330
5E
100
AcDbEntity
  8
HR_lin.dxf
 62
     1
100
AcDbVertex
100
AcDb3dPolylineVertex
 10
500425.0449622177
 20
9930539.574997954
 30
167.3999938964844
 70
    32
  0
VERTEX
  5
2F1
330
5E
100
AcDbEntity
  8
HR_lin.dxf
 62
     1
100
AcDbVertex
100
AcDb3dPolylineVertex
 10
500428.0121361684
 20
9930565.181154104
 30
166.6000061035156
 70
    32
  0
VERTEX
  5
2F2
330
5E
100
AcDbEntity
  8
HR_lin.dxf
 62
     1
100
AcDbVertex
100
AcDb3dPolylineVertex
 10
500430.2375232785
 20
9930593.182131328
 30
166.5
 70
    32
  0
VERTEX
  5
2F3
330
5E
100
AcDbEntity
  8
HR_lin.dxf
 62
     1
100
AcDbVertex
100
AcDb3dPolylineVertex
 10
500431.1647808537
 20
9930622.288411273
 30
167.3000030517578
 70
    32
  0
VERTEX
  5
2F4
330
5E
100
AcDbEntity
  8
HR_lin.dxf
 62
     1
100
AcDbVertex
100
AcDb3dPolylineVertex
 10
500431.3502491307
 20
9930650.657823877
 30
169.6999969482422
 70
    32
  0
VERTEX
  5
2F5
330
5E
100
AcDbEntity
  8
HR_lin.dxf
 62
     1
100
AcDbVertex
100
AcDb3dPolylineVertex
 10
500433.2047410609
 20
9930677.185065558
 30
170.3000030517578
 70
    32
  0
VERTEX
  5
2F6
330
5E
100
AcDbEntity
  8
HR_lin.dxf
 62
     1
100
AcDbVertex
100
AcDb3dPolylineVertex
 10
500435.430125236
 20
9930700.396401554
 30
170.8000030517578
 70
    32
  0
VERTEX
  5
2F7
330
5E
100
AcDbEntity
  8
HR_lin.dxf
 62
     1
100
AcDbVertex
100
AcDb3dPolylineVertex
 10
500440.2517686542
 20
9930720.291830193
 30
171.3999938964844
 70
    32
  0
VERTEX
  5
2F8
330
5E
100
AcDbEntity
  8
HR_lin.dxf
 62
     1
100
AcDbVertex
100
AcDb3dPolylineVertex
 10
500452.3058490996
 20
9930732.265923709
 30
172.3999938964844
 70
    32
  0
VERTEX
  5
2F9
330
5E
100
AcDbEntity
  8
HR_lin.dxf
 62
     1
100
AcDbVertex
100
AcDb3dPolylineVertex
 10
500466.3998437494
 20
9930736.502902802
 30
172.6000061035156
 70
    32
  0
VERTEX
  5
2FA
330
5E
100
AcDbEntity
  8
HR_lin.dxf
 62
     1
100
AcDbVertex
100
AcDb3dPolylineVertex
 10
500481.6065165522
 20
9930734.108069887
 30
172.8999938964844
 70
    32
  0
VERTEX
  5
2FB
330
5E
100
AcDbEntity
  8
HR_lin.dxf
 62
     1
100
AcDbVertex
100
AcDb3dPolylineVertex
 10
500494.9587114564
 20
9930725.449861329
 30
174.3000030517578
 70
    32
  0
VERTEX
  5
2FC
330
5E
100
AcDbEntity
  8
HR_lin.dxf
 62
     1
100
AcDbVertex
100
AcDb3dPolylineVertex
 10
500507.0127696944
 20
9930710.344059797
 30
173.3000030517578
 70
    32
  0
VERTEX
  5
2FD
330
5E
100
AcDbEntity
  8
HR_lin.dxf
 62
     1
100
AcDbVertex
100
AcDb3dPolylineVertex
 10
500520.1795126163
 20
9930697.448860599
 30
172.5
 70
    32
  0
VERTEX
  5
2FE
330
5E
100
AcDbEntity
  8
HR_lin.dxf
 62
     1
100
AcDbVertex
100
AcDb3dPolylineVertex
 10
500537.7969947861
 20
9930691.185467768
 30
172.3000030517578
 70
    32
  0
VERTEX
  5
2FF
330
5E
100
AcDbEntity
  8
HR_lin.dxf
 62
     1
100
AcDbVertex
100
AcDb3dPolylineVertex
 10
500557.6398470784
 20
9930688.60641159
 30
172.3000030517578
 70
    32
  0
VERTEX
  5
300
330
5E
100
AcDbEntity
  8
HR_lin.dxf
 62
     1
100
AcDbVertex
100
AcDb3dPolylineVertex
 10
500577.853600472
 20
9930693.027599068
 30
173.0
 70
    32
  0
VERTEX
  5
301
330
5E
100
AcDbEntity
  8
HR_lin.dxf
 62
     1
100
AcDbVertex
100
AcDb3dPolylineVertex
 10
500597.5110178526
 20
9930702.606861463
 30
173.6000061035156
 70
    32
  0
VERTEX
  5
302
330
5E
100
AcDbEntity
  8
HR_lin.dxf
 62
     1
100
AcDbVertex
100
AcDb3dPolylineVertex
 10
500619.9501477262
 20
9930715.133591695
 30
173.0
 70
    32
  0
VERTEX
  5
303
330
5E
100
AcDbEntity
  8
HR_lin.dxf
 62
     1
100
AcDbVertex
100
AcDb3dPolylineVertex
 10
500643.3165166227
 20
9930729.318272736
 30
172.1999969482422
 70
    32
  0
VERTEX
  5
304
330
5E
100
AcDbEntity
  8
HR_lin.dxf
 62
     1
100
AcDbVertex
100
AcDb3dPolylineVertex
 10
500669.0937028291
 20
9930745.160902774
 30
171.6000061035156
 70
    32
  0
VERTEX
  5
305
330
5E
100
AcDbEntity
  8
HR_lin.dxf
 62
     1
100
AcDbVertex
100
AcDb3dPolylineVertex
 10
500694.6854408412
 20
9930758.977145273
 30
171.6999969482422
 70
    32
  0
VERTEX
  5
306
330
5E
100
AcDbEntity
  8
HR_lin.dxf
 62
     1
100
AcDbVertex
100
AcDb3dPolylineVertex
 10
500719.7208396393
 20
9930773.898689138
 30
170.0
 70
    32
  0
VERTEX
  5
307
330
5E
100
AcDbEntity
  8
HR_lin.dxf
 62
     1
100
AcDbVertex
100
AcDb3dPolylineVertex
 10
500738.8219322009
 20
9930792.873012723
 30
169.1000061035156
 70
    32
  0
VERTEX
  5
308
330
5E
100
AcDbEntity
  8
HR_lin.dxf
 62
     1
100
AcDbVertex
100
AcDb3dPolylineVertex
 10
500751.2469296525
 20
9930816.268551491
 30
167.6000061035156
 70
    32
  0
VERTEX
  5
309
330
5E
100
AcDbEntity
  8
HR_lin.dxf
 62
     1
100
AcDbVertex
100
AcDb3dPolylineVertex
 10
500761.8174580592
 20
9930841.874695996
 30
165.5
 70
    32
  0
VERTEX
  5
30A
330
5E
100
AcDbEntity
  8
HR_lin.dxf
 62
     1
100
AcDbVertex
100
AcDb3dPolylineVertex
 10
500769.9771737001
 20
9930868.401928306
 30
163.8000030517578
 70
    32
  0
VERTEX
  5
30B
330
5E
100
AcDbEntity
  8
HR_lin.dxf
 62
     1
100
AcDbVertex
100
AcDb3dPolylineVertex
 10
500777.7659955011
 20
9930894.92916098
 30
163.1000061035156
 70
    32
  0
VERTEX
  5
30C
330
5E
100
AcDbEntity
  8
HR_lin.dxf
 62
     1
100
AcDbVertex
100
AcDb3dPolylineVertex
 10
500782.7731028569
 20
9930917.403624035
 30
160.5
 70
    32
  0
VERTEX
  5
30D
330
5E
100
AcDbEntity
  8
HR_lin.dxf
 62
     1
100
AcDbVertex
100
AcDb3dPolylineVertex
 10
500787.9656559605
 20
9930938.404351065
 30
158.5
 70
    32
  0
VERTEX
  5
30E
330
5E
100
AcDbEntity
  8
HR_lin.dxf
 62
     1
100
AcDbVertex
100
AcDb3dPolylineVertex
 10
500794.0854447688
 20
9930958.483991956
 30
157.1999969482422
 70
    32
  0
VERTEX
  5
30F
330
5E
100
AcDbEntity
  8
HR_lin.dxf
 62
     1
100
AcDbVertex
100
AcDb3dPolylineVertex
 10
500805.9540958811
 20
9930974.69506862
 30
156.5
 70
    32
  0
VERTEX
  5
310
330
5E
100
AcDbEntity
  8
HR_lin.dxf
 62
     1
100
AcDbVertex
100
AcDb3dPolylineVertex
 10
500820.7898976831
 20
9930985.563848913
 30
154.6000061035156
 70
    32
  0
VERTEX
  5
311
330
5E
100
AcDbEntity
  8
HR_lin.dxf
 62
     1
100
AcDbVertex
100
AcDb3dPolylineVertex
 10
500832.8439767478
 20
9930987.221784558
 30
152.5
 70
    32
  0
VERTEX
  5
312
330
5E
100
AcDbEntity
  8
HR_lin.dxf
 62
     1
100
AcDbVertex
100
AcDb3dPolylineVertex
 10
500842.6726830775
 20
9930985.563817801
 30
150.8000030517578
 70
    32
  0
VERTEX
  5
313
330
5E
100
AcDbEntity
  8
HR_lin.dxf
 62
     1
100
AcDbVertex
100
AcDb3dPolylineVertex
 10
500856.2103309872
 20
9930980.405723127
 30
150.0
 70
    32
  0
VERTEX
  5
314
330
5E
100
AcDbEntity
  8
HR_lin.dxf
 62
     1
100
AcDbVertex
100
AcDb3dPolylineVertex
 10
500871.7878871869
 20
9930967.142078638
 30
149.0
 70
    32
  0
VERTEX
  5
315
330
5E
100
AcDbEntity
  8
HR_lin.dxf
 62
     1
100
AcDbVertex
100
AcDb3dPolylineVertex
 10
500886.0673010458
 20
9930947.062407976
 30
147.0
 70
    32
  0
VERTEX
  5
316
330
5E
100
AcDbEntity
  8
HR_lin.dxf
 62
     1
100
AcDbVertex
100
AcDb3dPolylineVertex
 10
500898.8631286257
 20
9930922.56153205
 30
145.3000030517578
 70
    32
  0
VERTEX
  5
317
330
5E
100
AcDbEntity
  8
HR_lin.dxf
 62
     1
100
AcDbVertex
100
AcDb3dPolylineVertex
 10
500910.5462732889
 20
9930899.350176306
 30
144.6000061035156
 70
    32
  0
VERTEX
  5
318
330
5E
100
AcDbEntity
  8
HR_lin.dxf
 62
     1
100
AcDbVertex
100
AcDb3dPolylineVertex
 10
500926.8656068681
 20
9930880.744237104
 30
144.6000061035156
 70
    32
  0
VERTEX
  5
319
330
5E
100
AcDbEntity
  8
HR_lin.dxf
 62
     1
100
AcDbVertex
100
AcDb3dPolylineVertex
 10
500942.4431614788
 20
9930869.138543325
 30
146.6999969482422
 70
    32
  0
VERTEX
  5
31A
330
5E
100
AcDbEntity
  8
HR_lin.dxf
 62
     1
100
AcDbVertex
100
AcDb3dPolylineVertex
 10
500956.9080440846
 20
9930865.085746551
 30
146.8999938964844
 70
    32
  0
VERTEX
  5
31B
330
5E
100
AcDbEntity
  8
HR_lin.dxf
 62
     1
100
AcDbVertex
100
AcDb3dPolylineVertex
 10
500971.1874877382
 20
9930866.191024775
 30
146.8999938964844
 70
    32
  0
VERTEX
  5
31C
330
5E
100
AcDbEntity
  8
HR_lin.dxf
 62
     1
100
AcDbVertex
100
AcDb3dPolylineVertex
 10
500986.5796234392
 20
9930872.085941892
 30
147.3999938964844
 70
    32
  0
VERTEX
  5
31D
330
5E
100
AcDbEntity
  8
HR_lin.dxf
 62
     1
100
AcDbVertex
100
AcDb3dPolylineVertex
 10
501000.4881923334
 20
9930884.612671932
 30
147.1000061035156
 70
    32
  0
VERTEX
  5
31E
330
5E
100
AcDbEntity
  8
HR_lin.dxf
 62
     1
100
AcDbVertex
100
AcDb3dPolylineVertex
 10
501018.8475013719
 20
9930899.53421446
 30
147.5
 70
    32
  0
VERTEX
  5
31F
330
5E
100
AcDbEntity
  8
HR_lin.dxf
 62
     1
100
AcDbVertex
100
AcDb3dPolylineVertex
 10
501041.2866505182
 20
9930913.53466433
 30
148.6999969482422
 70
    32
  0
VERTEX
  5
320
330
5E
100
AcDbEntity
  8
HR_lin.dxf
 62
     1
100
AcDbVertex
100
AcDb3dPolylineVertex
 10
501063.5403558516
 20
9930928.824632447
 30
149.3000030517578
 70
    32
  0
VERTEX
  5
321
330
5E
100
AcDbEntity
  8
HR_lin.dxf
 62
     1
100
AcDbVertex
100
AcDb3dPolylineVertex
 10
501080.6015459143
 20
9930948.7200335
 30
149.1999969482422
 70
    32
  0
VERTEX
  5
322
330
5E
100
AcDbEntity
  8
HR_lin.dxf
 62
     1
100
AcDbVertex
100
AcDb3dPolylineVertex
 10
501091.9138766241
 20
9930972.299784143
 30
150.3000030517578
 70
    32
  0
VERTEX
  5
323
330
5E
100
AcDbEntity
  8
HR_lin.dxf
 62
     1
100
AcDbVertex
100
AcDb3dPolylineVertex
 10
501097.1064499635
 20
9930997.905932693
 30
153.6000061035156
 70
    32
  0
VERTEX
  5
324
330
5E
100
AcDbEntity
  8
HR_lin.dxf
 62
     1
100
AcDbVertex
100
AcDb3dPolylineVertex
 10
501102.8553654329
 20
9931023.327863168
 30
155.8000030517578
 70
    32
  0
VERTEX
  5
325
330
5E
100
AcDbEntity
  8
HR_lin.dxf
 62
     1
100
AcDbVertex
100
AcDb3dPolylineVertex
 10
501114.1676970416
 20
9931046.170745492
 30
158.3000030517578
 70
    32
  0
VERTEX
  5
326
330
5E
100
AcDbEntity
  8
HR_lin.dxf
 62
     1
100
AcDbVertex
100
AcDb3dPolylineVertex
 10
501130.3016553245
 20
9931066.066146862
 30
159.6999969482422
 70
    32
  0
VERTEX
  5
327
330
5E
100
AcDbEntity
  8
HR_lin.dxf
 62
     1
100
AcDbVertex
100
AcDb3dPolylineVertex
 10
501145.8792722396
 20
9931085.777331913
 30
161.8000030517578
 70
    32
  0
VERTEX
  5
328
330
5E
100
AcDbEntity
  8
HR_lin.dxf
 62
     1
100
AcDbVertex
100
AcDb3dPolylineVertex
 10
501159.0460773236
 20
9931106.962257052
 30
162.1999969482422
 70
    32
  0
VERTEX
  5
329
330
5E
100
AcDbEntity
  8
HR_lin.dxf
 62
     1
100
AcDbVertex
100
AcDb3dPolylineVertex
 10
501170.1729705436
 20
9931132.384176174
 30
162.5
 70
    32
  0
VERTEX
  5
32A
330
5E
100
AcDbEntity
  8
HR_lin.dxf
 62
     1
100
AcDbVertex
100
AcDb3dPolylineVertex
 10
501177.0345850028
 20
9931162.964178683
 30
163.5
 70
    32
  0
VERTEX
  5
32B
330
5E
100
AcDbEntity
  8
HR_lin.dxf
 62
     1
100
AcDbVertex
100
AcDb3dPolylineVertex
 10
501184.0816514225
 20
9931195.386350367
 30
161.8000030517578
 70
    32
  0
VERTEX
  5
32C
330
5E
100
AcDbEntity
  8
HR_lin.dxf
 62
     1
100
AcDbVertex
100
AcDb3dPolylineVertex
 10
501190.7578240655
 20
9931227.992739663
 30
159.8999938964844
 70
    32
  0
VERTEX
  5
32D
330
5E
100
AcDbEntity
  8
HR_lin.dxf
 62
     1
100
AcDbVertex
100
AcDb3dPolylineVertex
 10
501200.0302598005
 20
9931259.8622557
 30
160.6999969482422
 70
    32
  0
VERTEX
  5
32E
330
5E
100
AcDbEntity
  8
HR_lin.dxf
 62
     1
100
AcDbVertex
100
AcDb3dPolylineVertex
 10
501208.1900119169
 20
9931291.731773863
 30
160.1000061035156
 70
    32
  0
VERTEX
  5
32F
330
5E
100
AcDbEntity
  8
HR_lin.dxf
 62
     1
100
AcDbVertex
100
AcDb3dPolylineVertex
 10
501213.9389455376
 20
9931322.311778124
 30
159.3999938964844
 70
    32
  0
VERTEX
  5
330
330
5E
100
AcDbEntity
  8
HR_lin.dxf
 62
     1
100
AcDbVertex
100
AcDb3dPolylineVertex
 10
501219.1315362299
 20
9931352.339132568
 30
157.8000030517578
 70
    32
  0
VERTEX
  5
331
330
5E
100
AcDbEntity
  8
HR_lin.dxf
 62
     1
100
AcDbVertex
100
AcDb3dPolylineVertex
 10
501219.5024948731
 20
9931383.103364814
 30
154.1000061035156
 70
    32
  0
VERTEX
  5
332
330
5E
100
AcDbEntity
  8
HR_lin.dxf
 62
     1
100
AcDbVertex
100
AcDb3dPolylineVertex
 10
501222.2842683992
 20
9931412.762290245
 30
151.6999969482422
 70
    32
  0
VERTEX
  5
333
330
5E
100
AcDbEntity
  8
HR_lin.dxf
 62
     1
100
AcDbVertex
100
AcDb3dPolylineVertex
 10
501231.9275986161
 20
9931442.23698436
 30
152.0
 70
    32
  0
VERTEX
  5
334
330
5E
100
AcDbEntity
  8
HR_lin.dxf
 62
     1
100
AcDbVertex
100
AcDb3dPolylineVertex
 10
501244.1671875961
 20
9931468.39576748
 30
152.1999969482422
 70
    32
  0
VERTEX
  5
335
330
5E
100
AcDbEntity
  8
HR_lin.dxf
 62
     1
100
AcDbVertex
100
AcDb3dPolylineVertex
 10
501260.3011672117
 20
9931490.870202757
 30
150.8000030517578
 70
    32
  0
VERTEX
  5
336
330
5E
100
AcDbEntity
  8
HR_lin.dxf
 62
     1
100
AcDbVertex
100
AcDb3dPolylineVertex
 10
501286.2638451877
 20
9931503.949551087
 30
150.0
 70
    32
  0
VERTEX
  5
337
330
5E
100
AcDbEntity
  8
HR_lin.dxf
 62
     1
100
AcDbVertex
100
AcDb3dPolylineVertex
 10
501312.597401365
 20
9931508.923351059
 30
149.3999938964844
 70
    32
  0
VERTEX
  5
338
330
5E
100
AcDbEntity
  8
HR_lin.dxf
 62
     1
100
AcDbVertex
100
AcDb3dPolylineVertex
 10
501339.4872937146
 20
9931510.949677173
 30
149.8999938964844
 70
    32
  0
VERTEX
  5
339
330
5E
100
AcDbEntity
  8
HR_lin.dxf
 62
     1
100
AcDbVertex
100
AcDb3dPolylineVertex
 10
501364.7081643955
 20
9931515.370826464
 30
150.1999969482422
 70
    32
  0
VERTEX
  5
33A
330
5E
100
AcDbEntity
  8
HR_lin.dxf
 62
     1
100
AcDbVertex
100
AcDb3dPolylineVertex
 10
501385.8492128219
 20
9931529.371266425
 30
150.6000061035156
 70
    32
  0
VERTEX
  5
33B
330
5E
100
AcDbEntity
  8
HR_lin.dxf
 62
     1
100
AcDbVertex
100
AcDb3dPolylineVertex
 10
501405.5066940399
 20
9931548.345567208
 30
151.1999969482422
 70
    32
  0
VERTEX
  5
33C
330
5E
100
AcDbEntity
  8
HR_lin.dxf
 62
     1
100
AcDbVertex
100
AcDb3dPolylineVertex
 10
501427.5749942247
 20
9931567.319861524
 30
149.8000030517578
 70
    32
  0
VERTEX
  5
33D
330
5E
100
AcDbEntity
  8
HR_lin.dxf
 62
     1
100
AcDbVertex
100
AcDb3dPolylineVertex
 10
501452.6104481467
 20
9931582.978242377
 30
150.5
 70
    32
  0
VERTEX
  5
33E
330
5E
100
AcDbEntity
  8
HR_lin.dxf
 62
     1
100
AcDbVertex
100
AcDb3dPolylineVertex
 10
501481.5402863123
 20
9931592.557452604
 30
151.3000030517578
 70
    32
  0
VERTEX
  5
33F
330
5E
100
AcDbEntity
  8
HR_lin.dxf
 62
     1
100
AcDbVertex
100
AcDb3dPolylineVertex
 10
501510.470117902
 20
9931599.189189998
 30
153.8999938964844
 70
    32
  0
VERTEX
  5
340
330
5E
100
AcDbEntity
  8
HR_lin.dxf
 62
     1
100
AcDbVertex
100
AcDb3dPolylineVertex
 10
501537.9163728131
 20
9931606.926231643
 30
154.3000030517578
 70
    32
  0
VERTEX
  5
341
330
5E
100
AcDbEntity
  8
HR_lin.dxf
 62
     1
100
AcDbVertex
100
AcDb3dPolylineVertex
 10
501561.2827845675
 20
9931615.400150687
 30
155.1000061035156
 70
    32
  0
VERTEX
  5
342
330
5E
100
AcDbEntity
  8
HR_lin.dxf
 62
     1
100
AcDbVertex
100
AcDb3dPolylineVertex
 10
501583.1656245202
 20
9931626.821544237
 30
154.6000061035156
 70
    32
  0
VERTEX
  5
343
330
5E
100
AcDbEntity
  8
HR_lin.dxf
 62
     1
100
AcDbVertex
100
AcDb3dPolylineVertex
 10
501601.1540670062
 20
9931638.242947562
 30
154.8999938964844
 70
    32
  0
VERTEX
  5
344
330
5E
100
AcDbEntity
  8
HR_lin.dxf
 62
     1
100
AcDbVertex
100
AcDb3dPolylineVertex
 10
501615.619001196
 20
9931647.637973383
 30
153.8000030517578
 70
    32
  0
VERTEX
  5
345
330
5E
100
AcDbEntity
  8
HR_lin.dxf
 62
     1
100
AcDbVertex
100
AcDb3dPolylineVertex
 10
501636.945485059
 20
9931653.348640585
 30
153.6000061035156
 70
    32
  0
VERTEX
  5
346
330
5E
100
AcDbEntity
  8
HR_lin.dxf
 62
     1
100
AcDbVertex
100
AcDb3dPolylineVertex
 10
501659.5700938571
 20
9931656.111831937
 30
152.0
 70
    32
  0
VERTEX
  5
347
330
5E
100
AcDbEntity
  8
HR_lin.dxf
 62
     1
100
AcDbVertex
100
AcDb3dPolylineVertex
 10
501684.0491742438
 20
9931657.40128142
 30
148.6999969482422
 70
    32
  0
VERTEX
  5
348
330
5E
100
AcDbEntity
  8
HR_lin.dxf
 62
     1
100
AcDbVertex
100
AcDb3dPolylineVertex
 10
501708.5282584916
 20
9931659.98024865
 30
145.6999969482422
 70
    32
  0
VERTEX
  5
349
330
5E
100
AcDbEntity
  8
HR_lin.dxf
 62
     1
100
AcDbVertex
100
AcDb3dPolylineVertex
 10
501733.3782353434
 20
9931661.638128955
 30
143.8000030517578
 70
    32
  0
VERTEX
  5
34A
330
5E
100
AcDbEntity
  8
HR_lin.dxf
 62
     1
100
AcDbVertex
100
AcDb3dPolylineVertex
 10
501756.744623207
 20
9931660.348541176
 30
142.1999969482422
 70
    32
  0
VERTEX
  5
34B
330
5E
100
AcDbEntity
  8
HR_lin.dxf
 62
     1
100
AcDbVertex
100
AcDb3dPolylineVertex
 10
501779.1837555094
 20
9931653.164012345
 30
138.0
 70
    32
  0
VERTEX
  5
34C
330
5E
100
AcDbEntity
  8
HR_lin.dxf
 62
     1
100
AcDbVertex
100
AcDb3dPolylineVertex
 10
501801.4374211603
 20
9931639.900323318
 30
134.3999938964844
 70
    32
  0
VERTEX
  5
34D
330
5E
100
AcDbEntity
  8
HR_lin.dxf
 62
     1
100
AcDbVertex
100
AcDb3dPolylineVertex
 10
501819.4257821627
 20
9931623.32074118
 30
131.6999969482422
 70
    32
  0
VERTEX
  5
34E
330
5E
100
AcDbEntity
  8
HR_lin.dxf
 62
     1
100
AcDbVertex
100
AcDb3dPolylineVertex
 10
501837.5996033812
 20
9931611.162365085
 30
129.6999969482422
 70
    32
  0
VERTEX
  5
34F
330
5E
100
AcDbEntity
  8
HR_lin.dxf
 62
     1
100
AcDbVertex
100
AcDb3dPolylineVertex
 10
501854.4753085542
 20
9931604.5305015
 30
128.6999969482422
 70
    32
  0
VERTEX
  5
350
330
5E
100
AcDbEntity
  8
HR_lin.dxf
 62
     1
100
AcDbVertex
100
AcDb3dPolylineVertex
 10
501872.8346128831
 20
9931603.977792637
 30
128.0
 70
    32
  0
VERTEX
  5
351
330
5E
100
AcDbEntity
  8
HR_lin.dxf
 62
     1
100
AcDbVertex
100
AcDb3dPolylineVertex
 10
501893.2338571883
 20
9931608.767368717
 30
127.4000015258789
 70
    32
  0
VERTEX
  5
352
330
5E
100
AcDbEntity
  8
HR_lin.dxf
 62
     1
100
AcDbVertex
100
AcDb3dPolylineVertex
 10
501915.3021410509
 20
9931617.057061074
 30
127.5999984741211
 70
    32
  0
VERTEX
  5
353
330
5E
100
AcDbEntity
  8
HR_lin.dxf
 62
     1
100
AcDbVertex
100
AcDb3dPolylineVertex
 10
501938.483118185
 20
9931627.557352582
 30
128.1999969482422
 70
    32
  0
VERTEX
  5
354
330
5E
100
AcDbEntity
  8
HR_lin.dxf
 62
     1
100
AcDbVertex
100
AcDb3dPolylineVertex
 10
501962.4058936214
 20
9931640.268244348
 30
128.5
 70
    32
  0
VERTEX
  5
355
330
5E
100
AcDbEntity
  8
HR_lin.dxf
 62
     1
100
AcDbVertex
100
AcDb3dPolylineVertex
 10
501986.5141231633
 20
9931654.637087258
 30
127.3000030517578
 70
    32
  0
VERTEX
  5
356
330
5E
100
AcDbEntity
  8
HR_lin.dxf
 62
     1
100
AcDbVertex
100
AcDb3dPolylineVertex
 10
502008.0260713333
 20
9931664.032079902
 30
128.1000061035156
 70
    32
  0
VERTEX
  5
357
330
5E
100
AcDbEntity
  8
HR_lin.dxf
 62
     1
100
AcDbVertex
100
AcDb3dPolylineVertex
 10
502027.3126253629
 20
9931666.426834624
 30
128.6000061035156
 70
    32
  0
VERTEX
  5
358
330
5E
100
AcDbEntity
  8
HR_lin.dxf
 62
     1
100
AcDbVertex
100
AcDb3dPolylineVertex
 10
502043.6319900404
 20
9931660.531835414
 30
125.6999969482422
 70
    32
  0
VERTEX
  5
359
330
5E
100
AcDbEntity
  8
HR_lin.dxf
 62
     1
100
AcDbVertex
100
AcDb3dPolylineVertex
 10
502060.3222340519
 20
9931650.2156272
 30
122.5999984741211
 70
    32
  0
VERTEX
  5
35A
330
5E
100
AcDbEntity
  8
HR_lin.dxf
 62
     1
100
AcDbVertex
100
AcDb3dPolylineVertex
 10
502080.5359763124
 20
9931638.609887311
 30
120.5999984741211
 70
    32
  0
VERTEX
  5
35B
330
5E
100
AcDbEntity
  8
HR_lin.dxf
 62
     1
100
AcDbVertex
100
AcDb3dPolylineVertex
 10
502105.7568029408
 20
9931627.372562803
 30
120.0
 70
    32
  0
VERTEX
  5
35C
330
5E
100
AcDbEntity
  8
HR_lin.dxf
 62
     1
100
AcDbVertex
100
AcDb3dPolylineVertex
 10
502135.7992647004
 20
9931616.135219764
 30
119.9000015258789
 70
    32
  0
VERTEX
  5
35D
330
5E
100
AcDbEntity
  8
HR_lin.dxf
 62
     1
100
AcDbVertex
100
AcDb3dPolylineVertex
 10
502164.3581396787
 20
9931603.424144836
 30
120.1999969482422
 70
    32
  0
VERTEX
  5
35E
330
5E
100
AcDbEntity
  8
HR_lin.dxf
 62
     1
100
AcDbVertex
100
AcDb3dPolylineVertex
 10
502192.1752260216
 20
9931591.44993912
 30
122.3000030517578
 70
    32
  0
VERTEX
  5
35F
330
5E
100
AcDbEntity
  8
HR_lin.dxf
 62
     1
100
AcDbVertex
100
AcDb3dPolylineVertex
 10
502217.2106024487
 20
9931580.581044333
 30
123.9000015258789
 70
    32
  0
VERTEX
  5
360
330
5E
100
AcDbEntity
  8
HR_lin.dxf
 62
     1
100
AcDbVertex
100
AcDb3dPolylineVertex
 10
502242.6168877067
 20
9931573.580703432
 30
127.1999969482422
 70
    32
  0
VERTEX
  5
361
330
5E
100
AcDbEntity
  8
HR_lin.dxf
 62
     1
100
AcDbVertex
100
AcDb3dPolylineVertex
 10
502267.6522780831
 20
9931566.764579812
 30
127.6999969482422
 70
    32
  0
VERTEX
  5
362
330
5E
100
AcDbEntity
  8
HR_lin.dxf
 62
     1
100
AcDbVertex
100
AcDb3dPolylineVertex
 10
502292.8731140465
 20
9931559.580020444
 30
129.8999938964844
 70
    32
  0
VERTEX
  5
363
330
5E
100
AcDbEntity
  8
HR_lin.dxf
 62
     1
100
AcDbVertex
100
AcDb3dPolylineVertex
 10
502319.021193528
 20
9931554.05340908
 30
132.8999938964844
 70
    32
  0
VERTEX
  5
364
330
5E
100
AcDbEntity
  8
HR_lin.dxf
 62
     1
100
AcDbVertex
100
AcDb3dPolylineVertex
 10
502343.8711530336
 20
9931551.842707194
 30
136.6999969482422
 70
    32
  0
VERTEX
  5
365
330
5E
100
AcDbEntity
  8
HR_lin.dxf
 62
     1
100
AcDbVertex
100
AcDb3dPolylineVertex
 10
502368.7211419817
 20
9931557.000683153
 30
137.3999938964844
 70
    32
  0
VERTEX
  5
366
330
5E
100
AcDbEntity
  8
HR_lin.dxf
 62
     1
100
AcDbVertex
100
AcDb3dPolylineVertex
 10
502394.127477831
 20
9931563.079740684
 30
137.3000030517578
 70
    32
  0
VERTEX
  5
367
330
5E
100
AcDbEntity
  8
HR_lin.dxf
 62
     1
100
AcDbVertex
100
AcDb3dPolylineVertex
 10
502416.1957676337
 20
9931571.369414492
 30
138.6999969482422
 70
    32
  0
VERTEX
  5
368
330
5E
100
AcDbEntity
  8
HR_lin.dxf
 62
     1
100
AcDbVertex
100
AcDb3dPolylineVertex
 10
502436.0387104837
 20
9931585.185605872
 30
139.1999969482422
 70
    32
  0
VERTEX
  5
369
330
5E
100
AcDbEntity
  8
HR_lin.dxf
 62
     1
100
AcDbVertex
100
AcDb3dPolylineVertex
 10
502455.5107722611
 20
9931602.1334867
 30
138.1000061035156
 70
    32
  0
VERTEX
  5
36A
330
5E
100
AcDbEntity
  8
HR_lin.dxf
 62
     1
100
AcDbVertex
100
AcDb3dPolylineVertex
 10
502476.0955181245
 20
9931618.528711328
 30
138.8000030517578
 70
    32
  0
VERTEX
  5
36B
330
5E
100
AcDbEntity
  8
HR_lin.dxf
 62
     1
100
AcDbVertex
100
AcDb3dPolylineVertex
 10
502496.1239185919
 20
9931634.002852757
 30
141.0
 70
    32
  0
VERTEX
  5
36C
330
5E
100
AcDbEntity
  8
HR_lin.dxf
 62
     1
100
AcDbVertex
100
AcDb3dPolylineVertex
 10
502513.5560504394
 20
9931648.555919722
 30
142.1000061035156
 70
    32
  0
VERTEX
  5
36D
330
5E
100
AcDbEntity
  8
HR_lin.dxf
 62
     1
100
AcDbVertex
100
AcDb3dPolylineVertex
 10
502527.6501183795
 20
9931661.08261378
 30
143.6999969482422
 70
    32
  0
VERTEX
  5
36E
330
5E
100
AcDbEntity
  8
HR_lin.dxf
 62
     1
100
AcDbVertex
100
AcDb3dPolylineVertex
 10
502538.9624772994
 20
9931674.530404344
 30
145.6999969482422
 70
    32
  0
VERTEX
  5
36F
330
5E
100
AcDbEntity
  8
HR_lin.dxf
 62
     1
100
AcDbVertex
100
AcDb3dPolylineVertex
 10
502546.009533256
 20
9931685.767609412
 30
147.1000061035156
 70
    32
  0
VERTEX
  5
370
330
5E
100
AcDbEntity
  8
HR_lin.dxf
 62
     1
100
AcDbVertex
100
AcDb3dPolylineVertex
 10
502552.5002331259
 20
9931693.873128254
 30
148.3000030517578
 70
    32
  0
VERTEX
  5
371
330
5E
100
AcDbEntity
  8
HR_lin.dxf
 62
     1
100
AcDbVertex
100
AcDb3dPolylineVertex
 10
502556.5800940722
 20
9931697.189016147
 30
148.6999969482422
 70
    32
  0
VERTEX
  5
372
330
5E
100
AcDbEntity
  8
HR_lin.dxf
 62
     1
100
AcDbVertex
100
AcDb3dPolylineVertex
 10
502559.1763600488
 20
9931697.189004911
 30
149.8000030517578
 70
    32
  0
VERTEX
  5
373
330
5E
100
AcDbEntity
  8
HR_lin.dxf
 62
     1
100
AcDbVertex
100
AcDb3dPolylineVertex
 10
502566.4088241701
 20
9931699.215360265
 30
149.6999969482422
 70
    32
  0
VERTEX
  5
374
330
5E
100
AcDbEntity
  8
HR_lin.dxf
 62
     1
100
AcDbVertex
100
AcDb3dPolylineVertex
 10
502576.7939042891
 20
9931702.899654564
 30
150.3999938964844
 70
    32
  0
VERTEX
  5
375
330
5E
100
AcDbEntity
  8
HR_lin.dxf
 62
     1
100
AcDbVertex
100
AcDb3dPolylineVertex
 10
502587.3644337674
 20
9931706.95238182
 30
150.8999938964844
 70
    32
  0
VERTEX
  5
376
330
5E
100
AcDbEntity
  8
HR_lin.dxf
 62
     1
100
AcDbVertex
100
AcDb3dPolylineVertex
 10
502600.1603391838
 20
9931712.110400952
 30
151.8999938964844
 70
    32
  0
VERTEX
  5
377
330
5E
100
AcDbEntity
  8
HR_lin.dxf
 62
     1
100
AcDbVertex
100
AcDb3dPolylineVertex
 10
502615.5525183507
 20
9931718.926361104
 30
150.8999938964844
 70
    32
  0
VERTEX
  5
378
330
5E
100
AcDbEntity
  8
HR_lin.dxf
 62
     1
100
AcDbVertex
100
AcDb3dPolylineVertex
 10
502631.5010585545
 20
9931729.795091828
 30
150.0
 70
    32
  0
VERTEX
  5
379
330
5E
100
AcDbEntity
  8
HR_lin.dxf
 62
     1
100
AcDbVertex
100
AcDb3dPolylineVertex
 10
502648.562292301
 20
9931742.321769927
 30
149.8000030517578
 70
    32
  0
VERTEX
  5
37A
330
5E
100
AcDbEntity
  8
HR_lin.dxf
 62
     1
100
AcDbVertex
100
AcDb3dPolylineVertex
 10
502666.550772281
 20
9931756.50639615
 30
148.8000030517578
 70
    32
  0
VERTEX
  5
37B
330
5E
100
AcDbEntity
  8
HR_lin.dxf
 62
     1
100
AcDbVertex
100
AcDb3dPolylineVertex
 10
502685.2810417747
 20
9931770.322584538
 30
147.1999969482422
 70
    32
  0
VERTEX
  5
37C
330
5E
100
AcDbEntity
  8
HR_lin.dxf
 62
     1
100
AcDbVertex
100
AcDb3dPolylineVertex
 10
502703.825868835
 20
9931785.05985808
 30
146.3999938964844
 70
    32
  0
VERTEX
  5
37D
330
5E
100
AcDbEntity
  8
HR_lin.dxf
 62
     1
100
AcDbVertex
100
AcDb3dPolylineVertex
 10
502720.8871108196
 20
9931798.691836044
 30
145.1000061035156
 70
    32
  0
VERTEX
  5
37E
330
5E
100
AcDbEntity
  8
HR_lin.dxf
 62
     1
100
AcDbVertex
100
AcDb3dPolylineVertex
 10
502738.5046863172
 20
9931810.113207266
 30
143.8999938964844
 70
    32
  0
VERTEX
  5
37F
330
5E
100
AcDbEntity
  8
HR_lin.dxf
 62
     1
100
AcDbVertex
100
AcDb3dPolylineVertex
 10
502757.0494961397
 20
9931820.613488793
 30
142.6000061035156
 70
    32
  0
VERTEX
  5
380
330
5E
100
AcDbEntity
  8
HR_lin.dxf
 62
     1
100
AcDbVertex
100
AcDb3dPolylineVertex
 10
502775.5942989765
 20
9931829.455816986
 30
141.3000030517578
 70
    32
  0
VERTEX
  5
381
330
5E
100
AcDbEntity
  8
HR_lin.dxf
 62
     1
100
AcDbVertex
100
AcDb3dPolylineVertex
 10
502793.3972866747
 20
9931832.955855822
 30
139.0
 70
    32
  0
VERTEX
  5
382
330
5E
100
AcDbEntity
  8
HR_lin.dxf
 62
     1
100
AcDbVertex
100
AcDb3dPolylineVertex
 10
502813.2401782521
 20
9931832.218894001
 30
135.5
 70
    32
  0
VERTEX
  5
383
330
5E
100
AcDbEntity
  8
HR_lin.dxf
 62
     1
100
AcDbVertex
100
AcDb3dPolylineVertex
 10
502835.4938862326
 20
9931830.929269047
 30
133.3000030517578
 70
    32
  0
VERTEX
  5
384
330
5E
100
AcDbEntity
  8
HR_lin.dxf
 62
     1
100
AcDbVertex
100
AcDb3dPolylineVertex
 10
502855.1513257676
 20
9931829.271221824
 30
130.8000030517578
 70
    32
  0
VERTEX
  5
385
330
5E
100
AcDbEntity
  8
HR_lin.dxf
 62
     1
100
AcDbVertex
100
AcDb3dPolylineVertex
 10
502875.9214813322
 20
9931833.876545748
 30
128.1000061035156
 70
    32
  0
VERTEX
  5
386
330
5E
100
AcDbEntity
  8
HR_lin.dxf
 62
     1
100
AcDbVertex
100
AcDb3dPolylineVertex
 10
502899.2879165314
 20
9931841.060893932
 30
126.0
 70
    32
  0
VERTEX
  5
387
330
5E
100
AcDbEntity
  8
HR_lin.dxf
 62
     1
100
AcDbVertex
100
AcDb3dPolylineVertex
 10
502923.5816004146
 20
9931850.271623392
 30
123.5999984741211
 70
    32
  0
VERTEX
  5
388
330
5E
100
AcDbEntity
  8
HR_lin.dxf
 62
     1
100
AcDbVertex
100
AcDb3dPolylineVertex
 10
502948.4316261401
 20
9931859.113915162
 30
119.6999969482422
 70
    32
  0
VERTEX
  5
389
330
5E
100
AcDbEntity
  8
HR_lin.dxf
 62
     1
100
AcDbVertex
100
AcDb3dPolylineVertex
 10
502974.0234413628
 20
9931867.587768242
 30
116.8000030517578
 70
    32
  0
VERTEX
  5
38A
330
5E
100
AcDbEntity
  8
HR_lin.dxf
 62
     1
100
AcDbVertex
100
AcDb3dPolylineVertex
 10
503000.3570469989
 20
9931875.877399512
 30
115.5999984741211
 70
    32
  0
VERTEX
  5
38B
330
5E
100
AcDbEntity
  8
HR_lin.dxf
 62
     1
100
AcDbVertex
100
AcDb3dPolylineVertex
 10
503026.1343020405
 20
9931882.509079676
 30
113.1999969482422
 70
    32
  0
VERTEX
  5
38C
330
5E
100
AcDbEntity
  8
HR_lin.dxf
 62
     1
100
AcDbVertex
100
AcDb3dPolylineVertex
 10
503051.726098653
 20
9931886.930155955
 30
113.0999984741211
 70
    32
  0
VERTEX
  5
38D
330
5E
100
AcDbEntity
  8
HR_lin.dxf
 62
     1
100
AcDbVertex
100
AcDb3dPolylineVertex
 10
503077.1324394077
 20
9931889.693279296
 30
112.1999969482422
 70
    32
  0
VERTEX
  5
38E
330
5E
100
AcDbEntity
  8
HR_lin.dxf
 62
     1
100
AcDbVertex
100
AcDb3dPolylineVertex
 10
503101.2406480036
 20
9931892.64062533
 30
111.9000015258789
 70
    32
  0
VERTEX
  5
38F
330
5E
100
AcDbEntity
  8
HR_lin.dxf
 62
     1
100
AcDbVertex
100
AcDb3dPolylineVertex
 10
503123.4943775189
 20
9931895.035329228
 30
112.9000015258789
 70
    32
  0
VERTEX
  5
390
330
5E
100
AcDbEntity
  8
HR_lin.dxf
 62
     1
100
AcDbVertex
100
AcDb3dPolylineVertex
 10
503143.8936337128
 20
9931897.982693078
 30
113.5
 70
    32
  0
VERTEX
  5
391
330
5E
100
AcDbEntity
  8
HR_lin.dxf
 62
     1
100
AcDbVertex
100
AcDb3dPolylineVertex
 10
503161.3257357716
 20
9931902.403807905
 30
112.0999984741211
 70
    32
  0
VERTEX
  5
392
330
5E
100
AcDbEntity
  8
HR_lin.dxf
 62
     1
100
AcDbVertex
100
AcDb3dPolylineVertex
 10
503175.6052300246
 20
9931907.193373084
 30
111.4000015258789
 70
    32
  0
VERTEX
  5
393
330
5E
100
AcDbEntity
  8
HR_lin.dxf
 62
     1
100
AcDbVertex
100
AcDb3dPolylineVertex
 10
503188.957485329
 20
9931911.798725937
 30
110.9000015258789
 70
    32
  0
VERTEX
  5
394
330
5E
100
AcDbEntity
  8
HR_lin.dxf
 62
     1
100
AcDbVertex
100
AcDb3dPolylineVertex
 10
503198.6007918779
 20
9931917.140966436
 30
110.5
 70
    32
  0
VERTEX
  5
395
330
5E
100
AcDbEntity
  8
HR_lin.dxf
 62
     1
100
AcDbVertex
100
AcDb3dPolylineVertex
 10
503205.8332850693
 20
9931923.588521708
 30
110.0999984741211
 70
    32
  0
VERTEX
  5
396
330
5E
100
AcDbEntity
  8
HR_lin.dxf
 62
     1
100
AcDbVertex
100
AcDb3dPolylineVertex
 10
503213.2512419711
 20
9931932.983547583
 30
110.3000030517578
 70
    32
  0
VERTEX
  5
397
330
5E
100
AcDbEntity
  8
HR_lin.dxf
 62
     1
100
AcDbVertex
100
AcDb3dPolylineVertex
 10
503220.1128632391
 20
9931943.66809526
 30
108.5
 70
    32
  0
VERTEX
  5
398
330
5E
100
AcDbEntity
  8
HR_lin.dxf
 62
     1
100
AcDbVertex
100
AcDb3dPolylineVertex
 10
503225.3054567938
 20
9931954.536868924
 30
107.1999969482422
 70
    32
  0
VERTEX
  5
399
330
5E
100
AcDbEntity
  8
HR_lin.dxf
 62
     1
100
AcDbVertex
100
AcDb3dPolylineVertex
 10
503229.9417214626
 20
9931967.984683305
 30
106.4000015258789
 70
    32
  0
VERTEX
  5
39A
330
5E
100
AcDbEntity
  8
HR_lin.dxf
 62
     1
100
AcDbVertex
100
AcDb3dPolylineVertex
 10
503235.8761342281
 20
9931984.011528308
 30
104.0
 70
    32
  0
VERTEX
  5
39B
330
5E
100
AcDbEntity
  8
HR_lin.dxf
 62
     1
100
AcDbVertex
100
AcDb3dPolylineVertex
 10
503241.0687795735
 20
9932004.275367865
 30
102.3000030517578
 70
    32
  0
VERTEX
  5
39C
330
5E
100
AcDbEntity
  8
HR_lin.dxf
 62
     1
100
AcDbVertex
100
AcDb3dPolylineVertex
 10
503247.0032241804
 20
9932026.012939172
 30
98.5
 70
    32
  0
VERTEX
  5
39D
330
5E
100
AcDbEntity
  8
HR_lin.dxf
 62
     1
100
AcDbVertex
100
AcDb3dPolylineVertex
 10
503249.4141749936
 20
9932049.96113347
 30
96.5
 70
    32
  0
VERTEX
  5
39E
330
5E
100
AcDbEntity
  8
HR_lin.dxf
 62
     1
100
AcDbVertex
100
AcDb3dPolylineVertex
 10
503249.414302916
 20
9932073.356689991
 30
94.19999694824219
 70
    32
  0
VERTEX
  5
39F
330
5E
100
AcDbEntity
  8
HR_lin.dxf
 62
     1
100
AcDbVertex
100
AcDb3dPolylineVertex
 10
503250.1562146096
 20
9932095.46272358
 30
93.30000305175781
 70
    32
  0
VERTEX
  5
3A0
330
5E
100
AcDbEntity
  8
HR_lin.dxf
 62
     1
100
AcDbVertex
100
AcDb3dPolylineVertex
 10
503253.4943801552
 20
9932114.989705231
 30
92.5999984741211
 70
    32
  0
VERTEX
  5
3A1
330
5E
100
AcDbEntity
  8
HR_lin.dxf
 62
     1
100
AcDbVertex
100
AcDb3dPolylineVertex
 10
503256.4616333498
 20
9932131.38500023
 30
93.5
 70
    32
  0
VERTEX
  5
3A2
330
5E
100
AcDbEntity
  8
HR_lin.dxf
 62
     1
100
AcDbVertex
100
AcDb3dPolylineVertex
 10
503258.3161820816
 20
9932144.464395666
 30
93.9000015258789
 70
    32
  0
VERTEX
  5
3A3
330
5E
100
AcDbEntity
  8
HR_lin.dxf
 62
     1
100
AcDbVertex
100
AcDb3dPolylineVertex
 10
503259.9852741457
 20
9932155.885839289
 30
93.9000015258789
 70
    32
  0
VERTEX
  5
3A4
330
5E
100
AcDbEntity
  8
HR_lin.dxf
 62
     1
100
AcDbVertex
100
AcDb3dPolylineVertex
 10
503261.4689145746
 20
9932166.570416003
 30
93.0999984741211
 70
    32
  0
VERTEX
  5
3A5
330
5E
100
AcDbEntity
  8
HR_lin.dxf
 62
     1
100
AcDbVertex
100
AcDb3dPolylineVertex
 10
503263.6943438798
 20
9932176.886554684
 30
92.69999694824219
 70
    32
  0
VERTEX
  5
3A6
330
5E
100
AcDbEntity
  8
HR_lin.dxf
 62
     1
100
AcDbVertex
100
AcDb3dPolylineVertex
 10
503263.8798349656
 20
9932184.807883807
 30
90.69999694824219
 70
    32
  0
VERTEX
  5
3A7
330
5E
100
AcDbEntity
  8
HR_lin.dxf
 62
     1
100
AcDbVertex
100
AcDb3dPolylineVertex
 10
503262.3962813932
 20
9932189.965967374
 30
89.80000305175781
 70
    32
  0
VERTEX
  5
3A8
330
5E
100
AcDbEntity
  8
HR_lin.dxf
 62
     1
100
AcDbVertex
100
AcDb3dPolylineVertex
 10
503263.6944317371
 20
9932192.913431939
 30
89.69999694824219
 70
    32
  0
VERTEX
  5
3A9
330
5E
100
AcDbEntity
  8
HR_lin.dxf
 62
     1
100
AcDbVertex
100
AcDb3dPolylineVertex
 10
503265.178034807
 20
9932196.781980382
 30
89.80000305175781
 70
    32
  0
VERTEX
  5
3AA
330
5E
100
AcDbEntity
  8
HR_lin.dxf
 62
     1
100
AcDbVertex
100
AcDb3dPolylineVertex
 10
503265.3635108649
 20
9932201.9400548
 30
90.80000305175781
 70
    32
  0
VERTEX
  5
3AB
330
5E
100
AcDbEntity
  8
HR_lin.dxf
 62
     1
100
AcDbVertex
100
AcDb3dPolylineVertex
 10
503263.5090586705
 20
9932206.545489462
 30
89.69999694824219
 70
    32
  0
VERTEX
  5
3AC
330
5E
100
AcDbEntity
  8
HR_lin.dxf
 62
     1
100
AcDbVertex
100
AcDb3dPolylineVertex
 10
503260.1710265614
 20
9932211.519366197
 30
88.80000305175781
 70
    32
  0
VERTEX
  5
3AD
330
5E
100
AcDbEntity
  8
HR_lin.dxf
 62
     1
100
AcDbVertex
100
AcDb3dPolylineVertex
 10
503252.9385957957
 20
9932217.230132109
 30
87.9000015258789
 70
    32
  0
VERTEX
  5
3AE
330
5E
100
AcDbEntity
  8
HR_lin.dxf
 62
     1
100
AcDbVertex
100
AcDb3dPolylineVertex
 10
503241.8117612278
 20
9932222.756702153
 30
87.0999984741211
 70
    32
  0
VERTEX
  5
3AF
330
5E
100
AcDbEntity
  8
HR_lin.dxf
 62
     1
100
AcDbVertex
100
AcDb3dPolylineVertex
 10
503226.605079979
 20
9932229.020162005
 30
86.5
 70
    32
  0
VERTEX
  5
3B0
330
5E
100
AcDbEntity
  8
HR_lin.dxf
 62
     1
100
AcDbVertex
100
AcDb3dPolylineVertex
 10
503211.0275109062
 20
9932236.757359281
 30
85.19999694824219
 70
    32
  0
VERTEX
  5
3B1
330
5E
100
AcDbEntity
  8
HR_lin.dxf
 62
     1
100
AcDbVertex
100
AcDb3dPolylineVertex
 10
503194.5227214851
 20
9932247.994683694
 30
84.69999694824219
 70
    32
  0
VERTEX
  5
3B2
330
5E
100
AcDbEntity
  8
HR_lin.dxf
 62
     1
100
AcDbVertex
100
AcDb3dPolylineVertex
 10
503180.4287797314
 20
9932264.390070146
 30
85.80000305175781
 70
    32
  0
VERTEX
  5
3B3
330
5E
100
AcDbEntity
  8
HR_lin.dxf
 62
     1
100
AcDbVertex
100
AcDb3dPolylineVertex
 10
503166.3348656782
 20
9932286.127748577
 30
87.9000015258789
 70
    32
  0
VERTEX
  5
3B4
330
5E
100
AcDbEntity
  8
HR_lin.dxf
 62
     1
100
AcDbVertex
100
AcDb3dPolylineVertex
 10
503158.9170858263
 20
9932310.812862933
 30
89.69999694824219
 70
    32
  0
VERTEX
  5
3B5
330
5E
100
AcDbEntity
  8
HR_lin.dxf
 62
     1
100
AcDbVertex
100
AcDb3dPolylineVertex
 10
503152.9828808143
 20
9932334.208450468
 30
91.0
 70
    32
  0
VERTEX
  5
3B6
330
5E
100
AcDbEntity
  8
HR_lin.dxf
 62
     1
100
AcDbVertex
100
AcDb3dPolylineVertex
 10
503148.5322556087
 20
9932357.235596124
 30
90.0999984741211
 70
    32
  0
VERTEX
  5
3B7
330
5E
100
AcDbEntity
  8
HR_lin.dxf
 62
     1
100
AcDbVertex
100
AcDb3dPolylineVertex
 10
503142.9689190129
 20
9932375.657323148
 30
90.80000305175781
 70
    32
  0
VERTEX
  5
3B8
330
5E
100
AcDbEntity
  8
HR_lin.dxf
 62
     1
100
AcDbVertex
100
AcDb3dPolylineVertex
 10
503139.8163636331
 20
9932386.526141372
 30
90.80000305175781
 70
    32
  0
VERTEX
  5
3B9
330
5E
100
AcDbEntity
  8
HR_lin.dxf
 62
     1
100
AcDbVertex
100
AcDb3dPolylineVertex
 10
503137.034698963
 20
9932396.47387274
 30
91.30000305175781
 70
    32
  0
VERTEX
  5
3BA
330
5E
100
AcDbEntity
  8
HR_lin.dxf
 62
     1
100
AcDbVertex
100
AcDb3dPolylineVertex
 10
503134.8093843638
 20
9932407.711120002
 30
92.5
 70
    32
  0
VERTEX
  5
3BB
330
5E
100
AcDbEntity
  8
HR_lin.dxf
 62
     1
100
AcDbVertex
100
AcDb3dPolylineVertex
 10
503133.3258532002
 20
9932417.474627545
 30
94.19999694824219
 70
    32
  0
VERTEX
  5
3BC
330
5E
100
AcDbEntity
  8
HR_lin.dxf
 62
     1
100
AcDbVertex
100
AcDb3dPolylineVertex
 10
503132.7695735384
 20
9932429.632950915
 30
95.19999694824219
 70
    32
  0
VERTEX
  5
3BD
330
5E
100
AcDbEntity
  8
HR_lin.dxf
 62
     1
100
AcDbVertex
100
AcDb3dPolylineVertex
 10
503131.471521861
 20
9932445.47561769
 30
95.9000015258789
 70
    32
  0
VERTEX
  5
3BE
330
5E
100
AcDbEntity
  8
HR_lin.dxf
 62
     1
100
AcDbVertex
100
AcDb3dPolylineVertex
 10
503128.1335470226
 20
9932461.870946059
 30
97.0
 70
    32
  0
VERTEX
  5
3BF
330
5E
100
AcDbEntity
  8
HR_lin.dxf
 62
     1
100
AcDbVertex
100
AcDb3dPolylineVertex
 10
503126.6500569973
 20
9932479.55578353
 30
97.69999694824219
 70
    32
  0
VERTEX
  5
3C0
330
5E
100
AcDbEntity
  8
HR_lin.dxf
 62
     1
100
AcDbVertex
100
AcDb3dPolylineVertex
 10
503123.6829889636
 20
9932498.161713613
 30
98.4000015258789
 70
    32
  0
VERTEX
  5
3C1
330
5E
100
AcDbEntity
  8
HR_lin.dxf
 62
     1
100
AcDbVertex
100
AcDb3dPolylineVertex
 10
503122.9412861961
 20
9932515.109679267
 30
99.19999694824219
 70
    32
  0
VERTEX
  5
3C2
330
5E
100
AcDbEntity
  8
HR_lin.dxf
 62
     1
100
AcDbVertex
100
AcDb3dPolylineVertex
 10
503120.5305517351
 20
9932531.873436637
 30
99.5999984741211
 70
    32
  0
VERTEX
  5
3C3
330
5E
100
AcDbEntity
  8
HR_lin.dxf
 62
     1
100
AcDbVertex
100
AcDb3dPolylineVertex
 10
503115.5235454052
 20
9932548.26877355
 30
98.80000305175781
 70
    32
  0
VERTEX
  5
3C4
330
5E
100
AcDbEntity
  8
HR_lin.dxf
 62
     1
100
AcDbVertex
100
AcDb3dPolylineVertex
 10
503110.1456498171
 20
9932565.953631153
 30
99.0
 70
    32
  0
VERTEX
  5
3C5
330
5E
100
AcDbEntity
  8
HR_lin.dxf
 62
     1
100
AcDbVertex
100
AcDb3dPolylineVertex
 10
503103.8405212204
 20
9932584.928012317
 30
99.0999984741211
 70
    32
  0
VERTEX
  5
3C6
330
5E
100
AcDbEntity
  8
HR_lin.dxf
 62
     1
100
AcDbVertex
100
AcDb3dPolylineVertex
 10
503094.9391183649
 20
9932603.165538901
 30
98.0999984741211
 70
    32
  0
VERTEX
  5
3C7
330
5E
100
AcDbEntity
  8
HR_lin.dxf
 62
     1
100
AcDbVertex
100
AcDb3dPolylineVertex
 10
503085.2959186961
 20
9932620.481984263
 30
97.5
 70
    32
  0
VERTEX
  5
3C8
330
5E
100
AcDbEntity
  8
HR_lin.dxf
 62
     1
100
AcDbVertex
100
AcDb3dPolylineVertex
 10
503073.2418961944
 20
9932637.798441803
 30
96.5999984741211
 70
    32
  0
VERTEX
  5
3C9
330
5E
100
AcDbEntity
  8
HR_lin.dxf
 62
     1
100
AcDbVertex
100
AcDb3dPolylineVertex
 10
503058.962514436
 20
9932658.246598974
 30
96.5999984741211
 70
    32
  0
VERTEX
  5
3CA
330
5E
100
AcDbEntity
  8
HR_lin.dxf
 62
     1
100
AcDbVertex
100
AcDb3dPolylineVertex
 10
503045.7958216883
 20
9932679.247401018
 30
96.19999694824219
 70
    32
  0
VERTEX
  5
3CB
330
5E
100
AcDbEntity
  8
HR_lin.dxf
 62
     1
100
AcDbVertex
100
AcDb3dPolylineVertex
 10
503034.6690511419
 20
9932699.511324508
 30
96.0
 70
    32
  0
VERTEX
  5
3CC
330
5E
100
AcDbEntity
  8
HR_lin.dxf
 62
     1
100
AcDbVertex
100
AcDb3dPolylineVertex
 10
503026.8803326736
 20
9932717.933061182
 30
95.19999694824219
 70
    32
  0
VERTEX
  5
3CD
330
5E
100
AcDbEntity
  8
HR_lin.dxf
 62
     1
100
AcDbVertex
100
AcDb3dPolylineVertex
 10
503025.3968321914
 20
9932734.328379273
 30
94.5999984741211
 70
    32
  0
VERTEX
  5
3CE
330
5E
100
AcDbEntity
  8
HR_lin.dxf
 62
     1
100
AcDbVertex
100
AcDb3dPolylineVertex
 10
503029.1058729102
 20
9932750.723671172
 30
93.5999984741211
 70
    32
  0
VERTEX
  5
3CF
330
5E
100
AcDbEntity
  8
HR_lin.dxf
 62
     1
100
AcDbVertex
100
AcDb3dPolylineVertex
 10
503036.7093154078
 20
9932766.197858501
 30
93.19999694824219
 70
    32
  0
VERTEX
  5
3D0
330
5E
100
AcDbEntity
  8
HR_lin.dxf
 62
     1
100
AcDbVertex
100
AcDb3dPolylineVertex
 10
503049.1343917974
 20
9932779.277200636
 30
92.30000305175781
 70
    32
  0
VERTEX
  5
3D1
330
5E
100
AcDbEntity
  8
HR_lin.dxf
 62
     1
100
AcDbVertex
100
AcDb3dPolylineVertex
 10
503065.2684206141
 20
9932791.067004807
 30
91.4000015258789
 70
    32
  0
VERTEX
  5
3D2
330
5E
100
AcDbEntity
  8
HR_lin.dxf
 62
     1
100
AcDbVertex
100
AcDb3dPolylineVertex
 10
503084.1841670325
 20
9932802.48836035
 30
90.19999694824219
 70
    32
  0
VERTEX
  5
3D3
330
5E
100
AcDbEntity
  8
HR_lin.dxf
 62
     1
100
AcDbVertex
100
AcDb3dPolylineVertex
 10
503105.5107344175
 20
9932813.357051948
 30
88.19999694824219
 70
    32
  0
VERTEX
  5
3D4
330
5E
100
AcDbEntity
  8
HR_lin.dxf
 62
     1
100
AcDbVertex
100
AcDb3dPolylineVertex
 10
503126.0954993421
 20
9932822.015142994
 30
86.5
 70
    32
  0
VERTEX
  5
3D5
330
5E
100
AcDbEntity
  8
HR_lin.dxf
 62
     1
100
AcDbVertex
100
AcDb3dPolylineVertex
 10
503145.7530252603
 20
9932830.673238214
 30
85.30000305175781
 70
    32
  0
VERTEX
  5
3D6
330
5E
100
AcDbEntity
  8
HR_lin.dxf
 62
     1
100
AcDbVertex
100
AcDb3dPolylineVertex
 10
503164.8542010635
 20
9932838.041816922
 30
83.69999694824219
 70
    32
  0
VERTEX
  5
3D7
330
5E
100
AcDbEntity
  8
HR_lin.dxf
 62
     1
100
AcDbVertex
100
AcDb3dPolylineVertex
 10
503182.286350907
 20
9932846.331488755
 30
82.19999694824219
 70
    32
  0
VERTEX
  5
3D8
330
5E
100
AcDbEntity
  8
HR_lin.dxf
 62
     1
100
AcDbVertex
100
AcDb3dPolylineVertex
 10
503196.1949942503
 20
9932855.35804674
 30
82.4000015258789
 70
    32
  0
VERTEX
  5
3D9
330
5E
100
AcDbEntity
  8
HR_lin.dxf
 62
     1
100
AcDbVertex
100
AcDb3dPolylineVertex
 10
503210.8454337681
 20
9932865.12146836
 30
82.69999694824219
 70
    32
  0
VERTEX
  5
3DA
330
5E
100
AcDbEntity
  8
HR_lin.dxf
 62
     1
100
AcDbVertex
100
AcDb3dPolylineVertex
 10
503227.1648982704
 20
9932873.595361866
 30
81.80000305175781
 70
    32
  0
VERTEX
  5
3DB
330
5E
100
AcDbEntity
  8
HR_lin.dxf
 62
     1
100
AcDbVertex
100
AcDb3dPolylineVertex
 10
503242.3716716882
 20
9932881.332393045
 30
83.19999694824219
 70
    32
  0
VERTEX
  5
3DC
330
5E
100
AcDbEntity
  8
HR_lin.dxf
 62
     1
100
AcDbVertex
100
AcDb3dPolylineVertex
 10
503258.691137215
 20
9932889.806285731
 30
83.5999984741211
 70
    32
  0
VERTEX
  5
3DD
330
5E
100
AcDbEntity
  8
HR_lin.dxf
 62
     1
100
AcDbVertex
100
AcDb3dPolylineVertex
 10
503275.5669469726
 20
9932898.280174969
 30
83.80000305175781
 70
    32
  0
VERTEX
  5
3DE
330
5E
100
AcDbEntity
  8
HR_lin.dxf
 62
     1
100
AcDbVertex
100
AcDb3dPolylineVertex
 10
503291.7009674775
 20
9932907.12250176
 30
82.9000015258789
 70
    32
  0
VERTEX
  5
3DF
330
5E
100
AcDbEntity
  8
HR_lin.dxf
 62
     1
100
AcDbVertex
100
AcDb3dPolylineVertex
 10
503306.7222936193
 20
9932914.675315425
 30
81.0999984741211
 70
    32
  0
VERTEX
  5
3E0
330
5E
100
AcDbEntity
  8
HR_lin.dxf
 62
     1
100
AcDbVertex
100
AcDb3dPolylineVertex
 10
503320.4454844805
 20
9932922.228135893
 30
79.4000015258789
 70
    32
  0
VERTEX
  5
3E1
330
5E
100
AcDbEntity
  8
HR_lin.dxf
 62
     1
100
AcDbVertex
100
AcDb3dPolylineVertex
 10
503331.7578560705
 20
9932930.517837318
 30
77.5
 70
    32
  0
VERTEX
  5
3E2
330
5E
100
AcDbEntity
  8
HR_lin.dxf
 62
     1
100
AcDbVertex
100
AcDb3dPolylineVertex
 10
503343.4411342192
 20
9932940.649706246
 30
75.9000015258789
 70
    32
  0
VERTEX
  5
3E3
330
5E
100
AcDbEntity
  8
HR_lin.dxf
 62
     1
100
AcDbVertex
100
AcDb3dPolylineVertex
 10
503356.0516629685
 20
9932952.623739563
 30
74.5
 70
    32
  0
VERTEX
  5
3E4
330
5E
100
AcDbEntity
  8
HR_lin.dxf
 62
     1
100
AcDbVertex
100
AcDb3dPolylineVertex
 10
503368.4767605787
 20
9932967.545245301
 30
74.0
 70
    32
  0
VERTEX
  5
3E5
330
5E
100
AcDbEntity
  8
HR_lin.dxf
 62
     1
100
AcDbVertex
100
AcDb3dPolylineVertex
 10
503378.1201432969
 20
9932983.203634316
 30
72.4000015258789
 70
    32
  0
VERTEX
  5
3E6
330
5E
100
AcDbEntity
  8
HR_lin.dxf
 62
     1
100
AcDbVertex
100
AcDb3dPolylineVertex
 10
503385.90903934
 20
9932997.57251478
 30
70.69999694824219
 70
    32
  0
VERTEX
  5
3E7
330
5E
100
AcDbEntity
  8
HR_lin.dxf
 62
     1
100
AcDbVertex
100
AcDb3dPolylineVertex
 10
503390.9162013489
 20
9933009.362373136
 30
70.69999694824219
 70
    32
  0
VERTEX
  5
3E8
330
5E
100
AcDbEntity
  8
HR_lin.dxf
 62
     1
100
AcDbVertex
100
AcDb3dPolylineVertex
 10
503395.1815570021
 20
9933018.573197963
 30
71.0999984741211
 70
    32
  0
VERTEX
  5
3E9
330
5E
100
AcDbEntity
  8
HR_lin.dxf
 62
     1
100
AcDbVertex
100
AcDb3dPolylineVertex
 10
503398.3342103671
 20
9933025.20499136
 30
71.4000015258789
 70
    32
  0
VERTEX
  5
3EA
330
5E
100
AcDbEntity
  8
HR_lin.dxf
 62
     1
100
AcDbVertex
100
AcDb3dPolylineVertex
 10
503401.8577586067
 20
9933031.652565675
 30
70.80000305175781
 70
    32
  0
VERTEX
  5
3EB
330
5E
100
AcDbEntity
  8
HR_lin.dxf
 62
     1
100
AcDbVertex
100
AcDb3dPolylineVertex
 10
503407.4212641484
 20
9933043.258203795
 30
70.4000015258789
 70
    32
  0
VERTEX
  5
3EC
330
5E
100
AcDbEntity
  8
HR_lin.dxf
 62
     1
100
AcDbVertex
100
AcDb3dPolylineVertex
 10
503413.1702262801
 20
9933056.337576637
 30
70.19999694824219
 70
    32
  0
VERTEX
  5
3ED
330
5E
100
AcDbEntity
  8
HR_lin.dxf
 62
     1
100
AcDbVertex
100
AcDb3dPolylineVertex
 10
503417.2501690783
 20
9933071.627562609
 30
71.5999984741211
 70
    32
  0
VERTEX
  5
3EE
330
5E
100
AcDbEntity
  8
HR_lin.dxf
 62
     1
100
AcDbVertex
100
AcDb3dPolylineVertex
 10
503419.8465351748
 20
9933088.207075803
 30
72.0
 70
    32
  0
VERTEX
  5
3EF
330
5E
100
AcDbEntity
  8
HR_lin.dxf
 62
     1
100
AcDbVertex
100
AcDb3dPolylineVertex
 10
503422.6283484036
 20
9933104.602370955
 30
72.69999694824219
 70
    32
  0
VERTEX
  5
3F0
330
5E
100
AcDbEntity
  8
HR_lin.dxf
 62
     1
100
AcDbVertex
100
AcDb3dPolylineVertex
 10
503425.0392688804
 20
9933121.550319128
 30
73.9000015258789
 70
    32
  0
VERTEX
  5
3F1
330
5E
100
AcDbEntity
  8
HR_lin.dxf
 62
     1
100
AcDbVertex
100
AcDb3dPolylineVertex
 10
503424.4830428648
 20
9933142.366840629
 30
75.19999694824219
 70
    32
  0
VERTEX
  5
3F2
330
5E
100
AcDbEntity
  8
HR_lin.dxf
 62
     1
100
AcDbVertex
100
AcDb3dPolylineVertex
 10
503422.2577948567
 20
9933165.025541332
 30
77.69999694824219
 70
    32
  0
VERTEX
  5
3F3
330
5E
100
AcDbEntity
  8
HR_lin.dxf
 62
     1
100
AcDbVertex
100
AcDb3dPolylineVertex
 10
503418.7344050665
 20
9933186.763164466
 30
80.19999694824219
 70
    32
  0
VERTEX
  5
3F4
330
5E
100
AcDbEntity
  8
HR_lin.dxf
 62
     1
100
AcDbVertex
100
AcDb3dPolylineVertex
 10
503415.7673497706
 20
9933206.842831625
 30
82.5999984741211
 70
    32
  0
VERTEX
  5
3F5
330
5E
100
AcDbEntity
  8
HR_lin.dxf
 62
     1
100
AcDbVertex
100
AcDb3dPolylineVertex
 10
503415.5820048304
 20
9933225.080313282
 30
84.5
 70
    32
  0
VERTEX
  5
3F6
330
5E
100
AcDbEntity
  8
HR_lin.dxf
 62
     1
100
AcDbVertex
100
AcDb3dPolylineVertex
 10
503418.9201667369
 20
9933242.212473163
 30
85.9000015258789
 70
    32
  0
VERTEX
  5
3F7
330
5E
100
AcDbEntity
  8
HR_lin.dxf
 62
     1
100
AcDbVertex
100
AcDb3dPolylineVertex
 10
503429.3053407655
 20
9933256.765555458
 30
86.4000015258789
 70
    32
  0
VERTEX
  5
3F8
330
5E
100
AcDbEntity
  8
HR_lin.dxf
 62
     1
100
AcDbVertex
100
AcDb3dPolylineVertex
 10
503443.0285638191
 20
9933268.371146994
 30
86.9000015258789
 70
    32
  0
VERTEX
  5
3F9
330
5E
100
AcDbEntity
  8
HR_lin.dxf
 62
     1
100
AcDbVertex
100
AcDb3dPolylineVertex
 10
503455.2681849548
 20
9933276.845058119
 30
87.30000305175781
 70
    32
  0
VERTEX
  5
3FA
330
5E
100
AcDbEntity
  8
HR_lin.dxf
 62
     1
100
AcDbVertex
100
AcDb3dPolylineVertex
 10
503461.0170942686
 20
9933280.160930835
 30
88.5999984741211
 70
    32
  0
VERTEX
  5
3FB
330
5E
100
AcDbEntity
  8
HR_lin.dxf
 62
     1
100
AcDbVertex
100
AcDb3dPolylineVertex
 10
503464.9115207362
 20
9933283.108380169
 30
89.0
 70
    32
  0
VERTEX
  5
3FC
330
5E
100
AcDbEntity
  8
HR_lin.dxf
 62
     1
100
AcDbVertex
100
AcDb3dPolylineVertex
 10
503472.7003653279
 20
9933287.529542955
 30
89.69999694824219
 70
    32
  0
VERTEX
  5
3FD
330
5E
100
AcDbEntity
  8
HR_lin.dxf
 62
     1
100
AcDbVertex
100
AcDb3dPolylineVertex
 10
503483.8272860757
 20
9933293.792856203
 30
89.30000305175781
 70
    32
  0
VERTEX
  5
3FE
330
5E
100
AcDbEntity
  8
HR_lin.dxf
 62
     1
100
AcDbVertex
100
AcDb3dPolylineVertex
 10
503495.8814580719
 20
9933301.898333672
 30
89.0
 70
    32
  0
VERTEX
  5
3FF
330
5E
100
AcDbEntity
  8
HR_lin.dxf
 62
     1
100
AcDbVertex
100
AcDb3dPolylineVertex
 10
503507.7501866565
 20
9933310.740679896
 30
90.19999694824219
 70
    32
  0
VERTEX
  5
400
330
5E
100
AcDbEntity
  8
HR_lin.dxf
 62
     1
100
AcDbVertex
100
AcDb3dPolylineVertex
 10
503520.9170553546
 20
9933320.135669285
 30
91.0
 70
    32
  0
VERTEX
  5
401
330
5E
100
AcDbEntity
  8
HR_lin.dxf
 62
     1
100
AcDbVertex
100
AcDb3dPolylineVertex
 10
503532.04400946
 20
9933331.92549101
 30
91.0
 70
    32
  0
VERTEX
  5
402
330
5E
100
AcDbEntity
  8
HR_lin.dxf
 62
     1
100
AcDbVertex
100
AcDb3dPolylineVertex
 10
503541.8728446328
 20
9933346.662791774
 30
90.30000305175781
 70
    32
  0
VERTEX
  5
403
330
5E
100
AcDbEntity
  8
HR_lin.dxf
 62
     1
100
AcDbVertex
100
AcDb3dPolylineVertex
 10
503550.2180986198
 20
9933361.952752022
 30
88.69999694824219
 70
    32
  0
VERTEX
  5
404
330
5E
100
AcDbEntity
  8
HR_lin.dxf
 62
     1
100
AcDbVertex
100
AcDb3dPolylineVertex
 10
503556.7088783971
 20
9933378.348024918
 30
88.30000305175781
 70
    32
  0
VERTEX
  5
405
330
5E
100
AcDbEntity
  8
HR_lin.dxf
 62
     1
100
AcDbVertex
100
AcDb3dPolylineVertex
 10
503562.6433109181
 20
9933394.190650094
 30
89.4000015258789
 70
    32
  0
VERTEX
  5
406
330
5E
100
AcDbEntity
  8
HR_lin.dxf
 62
     1
100
AcDbVertex
100
AcDb3dPolylineVertex
 10
503569.8758686567
 20
9933408.006880831
 30
89.0999984741211
 70
    32
  0
VERTEX
  5
407
330
5E
100
AcDbEntity
  8
HR_lin.dxf
 62
     1
100
AcDbVertex
100
AcDb3dPolylineVertex
 10
503575.4393729863
 20
9933418.32299877
 30
88.19999694824219
 70
    32
  0
VERTEX
  5
408
330
5E
100
AcDbEntity
  8
HR_lin.dxf
 62
     1
100
AcDbVertex
100
AcDb3dPolylineVertex
 10
503580.6319747631
 20
9933427.533816991
 30
88.30000305175781
 70
    32
  0
VERTEX
  5
409
330
5E
100
AcDbEntity
  8
HR_lin.dxf
 62
     1
100
AcDbVertex
100
AcDb3dPolylineVertex
 10
503586.0100247461
 20
9933436.744634077
 30
88.19999694824219
 70
    32
  0
VERTEX
  5
40A
330
5E
100
AcDbEntity
  8
HR_lin.dxf
 62
     1
100
AcDbVertex
100
AcDb3dPolylineVertex
 10
503591.7589679467
 20
9933445.402797993
 30
86.80000305175781
 70
    32
  0
VERTEX
  5
40B
330
5E
100
AcDbEntity
  8
HR_lin.dxf
 62
     1
100
AcDbVertex
100
AcDb3dPolylineVertex
 10
503597.5079080306
 20
9933453.50831093
 30
85.5999984741211
 70
    32
  0
VERTEX
  5
40C
330
5E
100
AcDbEntity
  8
HR_lin.dxf
 62
     1
100
AcDbVertex
100
AcDb3dPolylineVertex
 10
503602.8859508275
 20
9933461.429609044
 30
85.30000305175781
 70
    32
  0
VERTEX
  5
40D
330
5E
100
AcDbEntity
  8
HR_lin.dxf
 62
     1
100
AcDbVertex
100
AcDb3dPolylineVertex
 10
503607.3367465513
 20
9933468.245610764
 30
84.5999984741211
 70
    32
  0
VERTEX
  5
40E
330
5E
100
AcDbEntity
  8
HR_lin.dxf
 62
     1
100
AcDbVertex
100
AcDb3dPolylineVertex
 10
503612.3438889784
 20
9933475.430043098
 30
84.0999984741211
 70
    32
  0
VERTEX
  5
40F
330
5E
100
AcDbEntity
  8
HR_lin.dxf
 62
     1
100
AcDbVertex
100
AcDb3dPolylineVertex
 10
503617.351029326
 20
9933482.246041441
 30
84.0999984741211
 70
    32
  0
VERTEX
  5
410
330
5E
100
AcDbEntity
  8
HR_lin.dxf
 62
     1
100
AcDbVertex
100
AcDb3dPolylineVertex
 10
503621.8018220607
 20
9933488.509392135
 30
83.19999694824219
 70
    32
  0
VERTEX
  5
411
330
5E
100
AcDbEntity
  8
HR_lin.dxf
 62
     1
100
AcDbVertex
100
AcDb3dPolylineVertex
 10
503625.5108189711
 20
9933494.220096298
 30
82.4000015258789
 70
    32
  0
VERTEX
  5
412
330
5E
100
AcDbEntity
  8
HR_lin.dxf
 62
     1
100
AcDbVertex
100
AcDb3dPolylineVertex
 10
503627.5507816504
 20
9933499.746593436
 30
81.19999694824219
 70
    32
  0
VERTEX
  5
413
330
5E
100
AcDbEntity
  8
HR_lin.dxf
 62
     1
100
AcDbVertex
100
AcDb3dPolylineVertex
 10
503629.0343954057
 20
9933504.536225986
 30
80.69999694824219
 70
    32
  0
VERTEX
  5
414
330
5E
100
AcDbEntity
  8
HR_lin.dxf
 62
     1
100
AcDbVertex
100
AcDb3dPolylineVertex
 10
503633.299740229
 20
9933510.799577715
 30
79.30000305175781
 70
    32
  0
VERTEX
  5
415
330
5E
100
AcDbEntity
  8
HR_lin.dxf
 62
     1
100
AcDbVertex
100
AcDb3dPolylineVertex
 10
503641.08859121
 20
9933515.589172479
 30
78.5999984741211
 70
    32
  0
VERTEX
  5
416
330
5E
100
AcDbEntity
  8
HR_lin.dxf
 62
     1
100
AcDbVertex
100
AcDb3dPolylineVertex
 10
503650.9173488106
 20
9933516.510198358
 30
77.69999694824219
 70
    32
  0
VERTEX
  5
417
330
5E
100
AcDbEntity
  8
HR_lin.dxf
 62
     1
100
AcDbVertex
100
AcDb3dPolylineVertex
 10
503659.4479548104
 20
9933515.03641119
 30
76.4000015258789
 70
    32
  0
VERTEX
  5
418
330
5E
100
AcDbEntity
  8
HR_lin.dxf
 62
     1
100
AcDbVertex
100
AcDb3dPolylineVertex
 10
503667.9785597729
 20
9933513.378406921
 30
75.5
 70
    32
  0
VERTEX
  5
419
330
5E
100
AcDbEntity
  8
HR_lin.dxf
 62
     1
100
AcDbVertex
100
AcDb3dPolylineVertex
 10
503677.0655024516
 20
9933510.615097292
 30
74.69999694824219
 70
    32
  0
VERTEX
  5
41A
330
5E
100
AcDbEntity
  8
HR_lin.dxf
 62
     1
100
AcDbVertex
100
AcDb3dPolylineVertex
 10
503685.4106669555
 20
9933510.246612744
 30
75.19999694824219
 70
    32
  0
VERTEX
  5
41B
330
5E
100
AcDbEntity
  8
HR_lin.dxf
 62
     1
100
AcDbVertex
100
AcDb3dPolylineVertex
 10
503691.7159084529
 20
9933510.983442359
 30
75.0999984741211
 70
    32
  0
VERTEX
  5
41C
330
5E
100
AcDbEntity
  8
HR_lin.dxf
 62
     1
100
AcDbVertex
100
AcDb3dPolylineVertex
 10
503695.0539706701
 20
9933510.24655414
 30
74.30000305175781
 70
    32
  0
SEQEND
  5
41E
330
5E
100
AcDbEntity
  8
HR_lin.dxf
 62
     1
  0
ENDSEC
  0
SECTION
  2
OBJECTS
  0
DICTIONARY
  5
C
330
0
100
AcDbDictionary
281
     1
  3
ACAD_GROUP
350
D
  3
ACAD_LAYOUT
350
1A
  3
ACAD_MATERIAL
350
43
  3
ACAD_MLEADERSTYLE
350
5B
  3
ACAD_MLINESTYLE
350
17
  3
ACAD_PLOTSETTINGS
350
19
  3
ACAD_PLOTSTYLENAME
350
E
  3
ACAD_SCALELIST
350
47
  3
ACAD_TABLESTYLE
350
59
  3
ACAD_VISUALSTYLE
350
2A
  3
AcDbVariableDictionary
350
41F
  3
DWGPROPS
350
426
  0
DICTIONARY
  5
427
330
8
100
AcDbDictionary
280
     1
281
     1
  3
ACAD_XREC_ROUNDTRIP
360
428
  0
DICTIONARY
  5
D
102
{ACAD_REACTORS
330
C
102
}
330
C
100
AcDbDictionary
281
     1
  0
DICTIONARY
  5
1A
102
{ACAD_REACTORS
330
C
102
}
330
C
100
AcDbDictionary
281
     1
  3
Layout1
350
1E
  3
Layout2
350
26
  3
Model
350
22
  0
DICTIONARY
  5
43
102
{ACAD_REACTORS
330
C
102
}
330
C
100
AcDbDictionary
281
     1
  3
ByBlock
350
45
  3
ByLayer
350
44
  3
Global
350
46
  0
DICTIONARY
  5
5B
102
{ACAD_REACTORS
330
C
102
}
330
C
100
AcDbDictionary
281
     1
  3
Standard
350
5C
  0
DICTIONARY
  5
17
102
{ACAD_REACTORS
330
C
102
}
330
C
100
AcDbDictionary
281
     1
  3
Standard
350
18
  0
DICTIONARY
  5
19
102
{ACAD_REACTORS
330
C
102
}
330
C
100
AcDbDictionary
281
     1
  0
ACDBDICTIONARYWDFLT
  5
E
102
{ACAD_REACTORS
330
C
102
}
330
C
100
AcDbDictionary
281
     1
  3
Normal
350
F
100
AcDbDictionaryWithDefault
340
F
  0
DICTIONARY
  5
47
102
{ACAD_REACTORS
330
C
102
}
330
C
100
AcDbDictionary
281
     1
  3
A0
350
48
  3
A1
350
49
  3
A2
350
4A
  3
A3
350
4B
  3
A4
350
4C
  3
A5
350
4D
  3
A6
350
4E
  3
A7
350
4F
  3
A8
350
50
  3
A9
350
51
  3
B1
350
52
  3
B2
350
53
  3
B3
350
54
  3
B4
350
55
  3
B5
350
56
  3
B6
350
57
  3
B7
350
58
  0
DICTIONARY
  5
59
102
{ACAD_REACTORS
330
C
102
}
330
C
100
AcDbDictionary
281
     1
  3
Standard
350
5A
  0
DICTIONARY
  5
2A
102
{ACAD_REACTORS
330
C
102
}
330
C
100
AcDbDictionary
281
     1
  3
2dWireframe
350
2F
  3
Basic
350
32
  3
Brighten
350
36
  3
ColorChange
350
3A
  3
Conceptual
350
34
  3
Dim
350
35
  3
EdgeColorOff
350
3D
  3
Facepattern
350
39
  3
Flat
350
2B
  3
FlatWithEdges
350
2C
  3
Gouraud
350
2D
  3
GouraudWithEdges
350
2E
  3
Hidden
350
31
  3
JitterOff
350
3B
  3
Linepattern
350
38
  3
OverhangOff
350
3C
  3
Realistic
350
33
  3
Shaded
350
42
  3
Shaded with edges
350
41
  3
Shades of Gray
350
3E
  3
Sketchy
350
3F
  3
Thicken
350
37
  3
Wireframe
350
30
  3
X-Ray
350
40
  0
DICTIONARY
  5
41F
102
{ACAD_REACTORS
330
C
102
}
330
C
100
AcDbDictionary
281
     1
  3
CANNOSCALE
350
429
  3
CMLEADERSTYLE
350
421
  3
CTABLESTYLE
350
420
  3
DIMASSOC
350
424
  3
HIDETEXT
350
425
  3
MSLTSCALE
350
42A
  0
XRECORD
  5
426
102
{ACAD_REACTORS
330
C
102
}
330
C
100
AcDbXrecord
280
     1
  1
DWGPROPS COOKIE
  2

  3

  4

  6
Created by Global Mapper^M^J^MProjection: UTM^M^J^MDatum: WGS84^M^J^MGround Units: meters^M^J^MZONE: -50
  7

  8
damai.prasetyo
  9

300
Projection=UTM
301
Datum=WGS84
302
Ground Units=meters
303
ZONE=-50.000000
304
=
305
=
306
=
307
=
308
=
309
=
 40
0.0
 41
2461193.247263947
 42
2461193.247264352
  1

 90
        4
  0
XRECORD
  5
428
102
{ACAD_REACTORS
330
427
102
}
330
427
100
AcDbXrecord
280
     1
102
VTR_0.000_0.000_1.000_1.000_VISUALSTYLE
340
2F
102
VTR_0.000_0.000_1.000_1.000_GRIDDISPLAY
 70
     3
102
VTR_0.000_0.000_1.000_1.000_GRIDMAJOR
 70
     5
102
VTR_0.000_0.000_1.000_1.000_DEFAULTLIGHTING
280
     1
102
VTR_0.000_0.000_1.000_1.000_DEFAULTLIGHTINGTYPE
 70
     1
102
VTR_0.000_0.000_1.000_1.000_BRIGHTNESS
141
0.0
102
VTR_0.000_0.000_1.000_1.000_CONTRAST
142
0.0
  0
LAYOUT
  5
1E
102
{ACAD_REACTORS
330
1A
102
}
330
1A
100
AcDbPlotSettings
  1

  2
none_device
  4

  6

 40
0.0
 41
0.0
 42
0.0
 43
0.0
 44
0.0
 45
0.0
 46
0.0
 47
0.0
 48
0.0
 49
0.0
140
0.0
141
0.0
142
1.0
143
1.0
 70
   688
 72
     0
 73
     0
 74
     5
  7

 75
    16
147
1.0
148
0.0
149
0.0
100
AcDbLayout
  1
Layout1
 70
     1
 71
     1
 10
0.0
 20
0.0
 11
12.0
 21
9.0
 12
0.0
 22
0.0
 32
0.0
 14
1.000000000000000E+20
 24
1.000000000000000E+20
 34
1.000000000000000E+20
 15
-1.000000000000000E+20
 25
-1.000000000000000E+20
 35
-1.000000000000000E+20
146
0.0
 13
0.0
 23
0.0
 33
0.0
 16
1.0
 26
0.0
 36
0.0
 17
0.0
 27
1.0
 37
0.0
 76
     0
330
1B
  0
LAYOUT
  5
26
102
{ACAD_REACTORS
330
1A
102
}
330
1A
100
AcDbPlotSettings
  1

  2
none_device
  4

  6

 40
0.0
 41
0.0
 42
0.0
 43
0.0
 44
0.0
 45
0.0
 46
0.0
 47
0.0
 48
0.0
 49
0.0
140
0.0
141
0.0
142
1.0
143
1.0
 70
   688
 72
     0
 73
     0
 74
     5
  7

 75
    16
147
1.0
148
0.0
149
0.0
100
AcDbLayout
  1
Layout2
 70
     1
 71
     2
 10
0.0
 20
0.0
 11
0.0
 21
0.0
 12
0.0
 22
0.0
 32
0.0
 14
0.0
 24
0.0
 34
0.0
 15
0.0
 25
0.0
 35
0.0
146
0.0
 13
0.0
 23
0.0
 33
0.0
 16
1.0
 26
0.0
 36
0.0
 17
0.0
 27
1.0
 37
0.0
 76
     0
330
23
  0
LAYOUT
  5
22
102
{ACAD_REACTORS
330
1A
102
}
330
1A
100
AcDbPlotSettings
  1

  2
none_device
  4
Letter_(8.50_x_11.00_Inches)
  6

 40
6.35
 41
6.35
 42
6.35000508
 43
6.35000508
 44
215.9
 45
279.4
 46
0.0
 47
0.0
 48
0.0
 49
0.0
140
0.0
141
0.0
142
1.0
143
1.0
 70
  1712
 72
     0
 73
     0
 74
     0
  7

 75
     0
147
1.0
148
0.0
149
0.0
100
AcDbLayout
  1
Model
 70
     1
 71
     0
 10
486121.9944938668
 20
9926293.938863141
 11
503695.0539706701
 21
9933516.510198358
 12
0.0
 22
0.0
 32
0.0
 14
486121.9944938668
 24
9926293.938863141
 34
0.0
 15
503695.0539706701
 25
9933516.510198358
 35
0.0
146
0.0
 13
0.0
 23
0.0
 33
0.0
 16
1.0
 26
0.0
 36
0.0
 17
0.0
 27
1.0
 37
0.0
 76
     0
330
1F
331
29
  0
MATERIAL
  5
45
102
{ACAD_REACTORS
330
43
102
}
102
{ACAD_XDICTIONARY
360
45D
102
}
330
43
100
AcDbMaterial
  1
ByBlock
  0
MATERIAL
  5
44
102
{ACAD_REACTORS
330
43
102
}
102
{ACAD_XDICTIONARY
360
45B
102
}
330
43
100
AcDbMaterial
  1
ByLayer
  0
MATERIAL
  5
46
102
{ACAD_REACTORS
330
43
102
}
102
{ACAD_XDICTIONARY
360
45F
102
}
330
43
100
AcDbMaterial
  1
Global
  0
MLEADERSTYLE
  5
5C
102
{ACAD_REACTORS
330
5B
102
}
102
{ACAD_XDICTIONARY
360
462
102
}
330
5B
100
AcDbMLeaderStyle
170
     2
171
     1
172
     0
 90
        2
 40
0.0
 41
0.0
173
     1
 91
-1056964608
340
14
 92
       -2
290
     1
 42
0.09
291
     1
 43
0.36
  3
Standard
341
0
 44
0.18
300

342
11
174
     1
178
     6
175
     1
176
     0
 93
-1056964608
 45
0.18
292
     0
297
     0
 46
0.18
343
0
 94
-1056964608
 47
1.0
 49
1.0
140
1.0
293
     1
141
0.0
294
     1
177
     0
142
1.0
295
     0
296
     0
143
0.125
1001
ACAD_MLEADERVER
1070
     2
  0
MLINESTYLE
  5
18
102
{ACAD_REACTORS
330
17
102
}
330
17
100
AcDbMlineStyle
  2
Standard
 70
     0
  3

 62
   256
 51
90.0
 52
90.0
 71
     2
 49
0.5
 62
   256
  6
BYLAYER
 49
-0.5
 62
   256
  6
BYLAYER
  0
ACDBPLACEHOLDER
  5
F
102
{ACAD_REACTORS
330
E
102
}
330
E
  0
SCALE
  5
48
102
{ACAD_REACTORS
330
47
102
}
330
47
100
AcDbScale
 70
     0
300
1:1
140
1.0
141
1.0
290
     1
  0
SCALE
  5
49
102
{ACAD_REACTORS
330
47
102
}
330
47
100
AcDbScale
 70
     0
300
1/128" = 1'-0"
140
0.0078125
141
12.0
290
     0
  0
SCALE
  5
4A
102
{ACAD_REACTORS
330
47
102
}
330
47
100
AcDbScale
 70
     0
300
1/64" = 1'-0"
140
0.015625
141
12.0
290
     0
  0
SCALE
  5
4B
102
{ACAD_REACTORS
330
47
102
}
330
47
100
AcDbScale
 70
     0
300
1/32" = 1'-0"
140
0.03125
141
12.0
290
     0
  0
SCALE
  5
4C
102
{ACAD_REACTORS
330
47
102
}
330
47
100
AcDbScale
 70
     0
300
1/16" = 1'-0"
140
0.0625
141
12.0
290
     0
  0
SCALE
  5
4D
102
{ACAD_REACTORS
330
47
102
}
330
47
100
AcDbScale
 70
     0
300
3/32" = 1'-0"
140
0.09375
141
12.0
290
     0
  0
SCALE
  5
4E
102
{ACAD_REACTORS
330
47
102
}
330
47
100
AcDbScale
 70
     0
300
1/8" = 1'-0"
140
0.125
141
12.0
290
     0
  0
SCALE
  5
4F
102
{ACAD_REACTORS
330
47
102
}
330
47
100
AcDbScale
 70
     0
300
3/16" = 1'-0"
140
0.1875
141
12.0
290
     0
  0
SCALE
  5
50
102
{ACAD_REACTORS
330
47
102
}
330
47
100
AcDbScale
 70
     0
300
1/4" = 1'-0"
140
0.25
141
12.0
290
     0
  0
SCALE
  5
51
102
{ACAD_REACTORS
330
47
102
}
330
47
100
AcDbScale
 70
     0
300
3/8" = 1'-0"
140
0.375
141
12.0
290
     0
  0
SCALE
  5
52
102
{ACAD_REACTORS
330
47
102
}
330
47
100
AcDbScale
 70
     0
300
1/2" = 1'-0"
140
0.5
141
12.0
290
     0
  0
SCALE
  5
53
102
{ACAD_REACTORS
330
47
102
}
330
47
100
AcDbScale
 70
     0
300
3/4" = 1'-0"
140
0.75
141
12.0
290
     0
  0
SCALE
  5
54
102
{ACAD_REACTORS
330
47
102
}
330
47
100
AcDbScale
 70
     0
300
1" = 1'-0"
140
1.0
141
12.0
290
     0
  0
SCALE
  5
55
102
{ACAD_REACTORS
330
47
102
}
330
47
100
AcDbScale
 70
     0
300
1-1/2" = 1'-0"
140
1.5
141
12.0
290
     0
  0
SCALE
  5
56
102
{ACAD_REACTORS
330
47
102
}
330
47
100
AcDbScale
 70
     0
300
3" = 1'-0"
140
3.0
141
12.0
290
     0
  0
SCALE
  5
57
102
{ACAD_REACTORS
330
47
102
}
330
47
100
AcDbScale
 70
     0
300
6" = 1'-0"
140
6.0
141
12.0
290
     0
  0
SCALE
  5
58
102
{ACAD_REACTORS
330
47
102
}
330
47
100
AcDbScale
 70
     0
300
1'-0" = 1'-0"
140
12.0
141
12.0
290
     0
  0
TABLESTYLE
  5
5A
102
{ACAD_REACTORS
330
59
102
}
330
59
100
AcDbTableStyle
  3
Standard
 70
     0
 71
     0
 40
0.06
 41
0.06
280
     0
281
     0
  7
Standard
140
0.18
170
     2
 62
     0
 63
   257
283
     0
274
    -2
284
     1
 64
     0
275
    -2
285
     1
 65
     0
276
    -2
286
     1
 66
     0
277
    -2
287
     1
 67
     0
278
    -2
288
     1
 68
     0
279
    -2
289
     1
 69
     0
  7
Standard
140
0.25
170
     5
 62
     0
 63
   257
283
     0
274
    -2
284
     1
 64
     0
275
    -2
285
     1
 65
     0
276
    -2
286
     1
 66
     0
277
    -2
287
     1
 67
     0
278
    -2
288
     1
 68
     0
279
    -2
289
     1
 69
     0
  7
Standard
140
0.18
170
     5
 62
     0
 63
   257
283
     0
274
    -2
284
     1
 64
     0
275
    -2
285
     1
 65
     0
276
    -2
286
     1
 66
     0
277
    -2
287
     1
 67
     0
278
    -2
288
     1
 68
     0
279
    -2
289
     1
 69
     0
  0
VISUALSTYLE
  5
2F
102
{ACAD_REACTORS
330
2A
102
}
102
{ACAD_XDICTIONARY
360
433
102
}
330
2A
100
AcDbVisualStyle
  2
2dWireframe
 70
     4
 71
     0
 72
     2
 73
     0
 90
        0
 40
0.6
 41
30.0
 62
     5
 63
     7
 74
     1
 91
        4
 64
     7
 65
   257
 75
     1
175
     1
 42
1.0
 92
        0
 66
   257
 43
1.0
 76
     1
 77
     6
 78
     2
 67
     7
 79
     5
170
     0
171
     0
290
     0
174
     0
 93
        1
 44
0.0
173
     0
291
     0
 45
0.0
1001
ACAD
1000
AcDbSavedByObjectVersion
1070
     0
  0
VISUALSTYLE
  5
32
102
{ACAD_REACTORS
330
2A
102
}
102
{ACAD_XDICTIONARY
360
439
102
}
330
2A
100
AcDbVisualStyle
  2
Basic
 70
     7
 71
     1
 72
     0
 73
     1
 90
        0
 40
0.6
 41
30.0
 62
     5
 63
     7
 74
     0
 91
        4
 64
     7
 65
   257
 75
     1
175
     1
 42
1.0
 92
        8
 66
     7
 43
1.0
 76
     1
 77
     6
 78
     2
 67
     7
 79
     5
170
     0
171
     0
290
     0
174
     0
 93
        1
 44
0.0
173
     0
291
     1
 45
0.0
1001
ACAD
1000
AcDbSavedByObjectVersion
1070
     0
  0
VISUALSTYLE
  5
36
102
{ACAD_REACTORS
330
2A
102
}
102
{ACAD_XDICTIONARY
360
441
102
}
330
2A
100
AcDbVisualStyle
  2
Brighten
 70
    12
 71
     2
 72
     2
 73
     0
 90
        0
 40
0.6
 41
30.0
 62
     5
 63
     7
 74
     1
 91
        4
 64
     7
 65
   257
 75
     1
175
     1
 42
1.0
 92
        8
 66
     7
 43
1.0
 76
     1
 77
     6
 78
     2
 67
     7
 79
     5
170
     0
171
     0
290
     0
174
     0
 93
        1
 44
50.0
173
     0
291
     1
 45
0.0
1001
ACAD
1000
AcDbSavedByObjectVersion
1070
     0
  0
VISUALSTYLE
  5
3A
102
{ACAD_REACTORS
330
2A
102
}
102
{ACAD_XDICTIONARY
360
449
102
}
330
2A
100
AcDbVisualStyle
  2
ColorChange
 70
    16
 71
     2
 72
     2
 73
     3
 90
        0
 40
0.6
 41
30.0
 62
     5
 63
     8
 74
     1
 91
        4
 64
     7
 65
   257
 75
     1
175
     1
 42
1.0
 92
        8
 66
     8
 43
1.0
 76
     1
 77
     6
 78
     2
 67
     7
 79
     5
170
     0
171
     0
290
     0
174
     0
 93
        1
 44
0.0
173
     0
291
     1
 45
0.0
1001
ACAD
1000
AcDbSavedByObjectVersion
1070
     0
  0
VISUALSTYLE
  5
34
102
{ACAD_REACTORS
330
2A
102
}
102
{ACAD_XDICTIONARY
360
43D
102
}
330
2A
100
AcDbVisualStyle
  2
Conceptual
 70
     9
 71
     3
 72
     2
 73
     0
 90
        0
 40
0.6
 41
30.0
 62
     5
 63
     7
 74
     2
 91
        2
 64
     7
 65
   257
 75
     1
175
     1
 42
179.0
 92
        8
 66
     7
 43
1.0
 76
     1
 77
     6
 78
     2
 67
     7
 79
     3
170
     0
171
     0
290
     0
174
     0
 93
        1
 44
0.0
173
     0
291
     0
 45
0.0
1001
ACAD
1000
AcDbSavedByObjectVersion
1070
     0
  0
VISUALSTYLE
  5
35
102
{ACAD_REACTORS
330
2A
102
}
102
{ACAD_XDICTIONARY
360
43F
102
}
330
2A
100
AcDbVisualStyle
  2
Dim
 70
    11
 71
     2
 72
     2
 73
     0
 90
        0
 40
0.6
 41
30.0
 62
     5
 63
     7
 74
     1
 91
        4
 64
     7
 65
   257
 75
     1
175
     1
 42
1.0
 92
        8
 66
     7
 43
1.0
 76
     1
 77
     6
 78
     2
 67
     7
 79
     5
170
     0
171
     0
290
     0
174
     0
 93
        1
 44
-50.0
173
     0
291
     1
 45
0.0
1001
ACAD
1000
AcDbSavedByObjectVersion
1070
     0
  0
VISUALSTYLE
  5
3D
102
{ACAD_REACTORS
330
2A
102
}
102
{ACAD_XDICTIONARY
360
44F
102
}
330
2A
100
AcDbVisualStyle
  2
EdgeColorOff
 70
    22
 71
     2
 72
     2
 73
     0
 90
        0
 40
0.6
 41
30.0
 62
     5
 63
     7
 74
     1
 91
        4
 64
     7
 65
   257
 75
     1
175
     1
 42
1.0
 92
        8
 66
     7
 43
1.0
 76
     1
 77
     6
 78
     2
 67
     7
 79
     5
170
     0
171
     0
290
     0
174
     0
 93
        1
 44
0.0
173
     0
291
     1
 45
0.0
1001
ACAD
1000
AcDbSavedByObjectVersion
1070
     0
  0
VISUALSTYLE
  5
39
102
{ACAD_REACTORS
330
2A
102
}
102
{ACAD_XDICTIONARY
360
447
102
}
330
2A
100
AcDbVisualStyle
  2
Facepattern
 70
    15
 71
     2
 72
     2
 73
     0
 90
        0
 40
0.6
 41
30.0
 62
     5
 63
     7
 74
     1
 91
        4
 64
     7
 65
   257
 75
     1
175
     1
 42
1.0
 92
        8
 66
     7
 43
1.0
 76
     1
 77
     6
 78
     2
 67
     7
 79
     5
170
     0
171
     0
290
     0
174
     0
 93
        1
 44
0.0
173
     0
291
     1
 45
0.0
1001
ACAD
1000
AcDbSavedByObjectVersion
1070
     0
  0
VISUALSTYLE
  5
2B
102
{ACAD_REACTORS
330
2A
102
}
102
{ACAD_XDICTIONARY
360
42B
102
}
330
2A
100
AcDbVisualStyle
  2
Flat
 70
     0
 71
     2
 72
     1
 73
     1
 90
        2
 40
0.6
 41
30.0
 62
     5
 63
     7
 74
     0
 91
        0
 64
     7
 65
   257
 75
     1
175
     1
 42
1.0
 92
        8
 66
     7
 43
1.0
 76
     1
 77
     6
 78
     2
 67
     7
 79
     5
170
     0
171
     0
290
     0
174
     0
 93
       13
 44
0.0
173
     0
291
     1
 45
0.0
1001
ACAD
1000
AcDbSavedByObjectVersion
1070
     0
  0
VISUALSTYLE
  5
2C
102
{ACAD_REACTORS
330
2A
102
}
102
{ACAD_XDICTIONARY
360
42D
102
}
330
2A
100
AcDbVisualStyle
  2
FlatWithEdges
 70
     1
 71
     2
 72
     1
 73
     1
 90
        2
 40
0.6
 41
30.0
 62
     5
 63
     7
 74
     1
 91
        0
 64
     7
 65
   257
 75
     1
175
     1
 42
1.0
 92
        0
 66
   257
 43
1.0
 76
     1
 77
     6
 78
     2
 67
     7
 79
     5
170
     0
171
     0
290
     0
174
     0
 93
       13
 44
0.0
173
     0
291
     1
 45
0.0
1001
ACAD
1000
AcDbSavedByObjectVersion
1070
     0
  0
VISUALSTYLE
  5
2D
102
{ACAD_REACTORS
330
2A
102
}
102
{ACAD_XDICTIONARY
360
42F
102
}
330
2A
100
AcDbVisualStyle
  2
Gouraud
 70
     2
 71
     2
 72
     2
 73
     1
 90
        2
 40
0.6
 41
30.0
 62
     5
 63
     7
 74
     0
 91
        0
 64
     7
 65
   257
 75
     1
175
     1
 42
1.0
 92
        0
 66
     7
 43
1.0
 76
     1
 77
     6
 78
     2
 67
     7
 79
     5
170
     0
171
     0
290
     0
174
     0
 93
       13
 44
0.0
173
     0
291
     1
 45
0.0
1001
ACAD
1000
AcDbSavedByObjectVersion
1070
     0
  0
VISUALSTYLE
  5
2E
102
{ACAD_REACTORS
330
2A
102
}
102
{ACAD_XDICTIONARY
360
431
102
}
330
2A
100
AcDbVisualStyle
  2
GouraudWithEdges
 70
     3
 71
     2
 72
     2
 73
     1
 90
        2
 40
0.6
 41
30.0
 62
     5
 63
     7
 74
     1
 91
        0
 64
     7
 65
   257
 75
     1
175
     1
 42
1.0
 92
        0
 66
   257
 43
1.0
 76
     1
 77
     6
 78
     2
 67
     7
 79
     5
170
     0
171
     0
290
     0
174
     0
 93
       13
 44
0.0
173
     0
291
     1
 45
0.0
1001
ACAD
1000
AcDbSavedByObjectVersion
1070
     0
  0
VISUALSTYLE
  5
31
102
{ACAD_REACTORS
330
2A
102
}
102
{ACAD_XDICTIONARY
360
437
102
}
330
2A
100
AcDbVisualStyle
  2
Hidden
 70
     6
 71
     1
 72
     2
 73
     2
 90
        0
 40
0.6
 41
30.0
 62
     5
 63
     7
 74
     2
 91
        2
 64
     7
 65
   257
 75
     2
175
     1
 42
40.0
 92
        0
 66
   257
 43
1.0
 76
     1
 77
     6
 78
     2
 67
     7
 79
     3
170
     0
171
     0
290
     0
174
     0
 93
        1
 44
0.0
173
     0
291
     0
 45
0.0
1001
ACAD
1000
AcDbSavedByObjectVersion
1070
     0
  0
VISUALSTYLE
  5
3B
102
{ACAD_REACTORS
330
2A
102
}
102
{ACAD_XDICTIONARY
360
44B
102
}
330
2A
100
AcDbVisualStyle
  2
JitterOff
 70
    20
 71
     2
 72
     2
 73
     0
 90
        0
 40
0.6
 41
30.0
 62
     5
 63
     7
 74
     1
 91
        4
 64
     7
 65
   257
 75
     1
175
     1
 42
1.0
 92
       10
 66
     7
 43
1.0
 76
     1
 77
     6
 78
     2
 67
     7
 79
     5
170
     0
171
     0
290
     0
174
     0
 93
        1
 44
0.0
173
     0
291
     1
 45
0.0
1001
ACAD
1000
AcDbSavedByObjectVersion
1070
     0
  0
VISUALSTYLE
  5
38
102
{ACAD_REACTORS
330
2A
102
}
102
{ACAD_XDICTIONARY
360
445
102
}
330
2A
100
AcDbVisualStyle
  2
Linepattern
 70
    14
 71
     2
 72
     2
 73
     0
 90
        0
 40
0.6
 41
30.0
 62
     5
 63
     7
 74
     1
 91
        4
 64
     7
 65
   257
 75
     7
175
     7
 42
1.0
 92
        8
 66
     7
 43
1.0
 76
     1
 77
     6
 78
     2
 67
     7
 79
     5
170
     0
171
     0
290
     0
174
     0
 93
        1
 44
0.0
173
     0
291
     1
 45
0.0
1001
ACAD
1000
AcDbSavedByObjectVersion
1070
     0
  0
VISUALSTYLE
  5
3C
102
{ACAD_REACTORS
330
2A
102
}
102
{ACAD_XDICTIONARY
360
44D
102
}
330
2A
100
AcDbVisualStyle
  2
OverhangOff
 70
    21
 71
     2
 72
     2
 73
     0
 90
        0
 40
0.6
 41
30.0
 62
     5
 63
     7
 74
     1
 91
        4
 64
     7
 65
   257
 75
     1
175
     1
 42
1.0
 92
        9
 66
     7
 43
1.0
 76
     1
 77
     6
 78
     2
 67
     7
 79
     5
170
     0
171
     0
290
     0
174
     0
 93
        1
 44
0.0
173
     0
291
     1
 45
0.0
1001
ACAD
1000
AcDbSavedByObjectVersion
1070
     0
  0
VISUALSTYLE
  5
33
102
{ACAD_REACTORS
330
2A
102
}
102
{ACAD_XDICTIONARY
360
43B
102
}
330
2A
100
AcDbVisualStyle
  2
Realistic
 70
     8
 71
     2
 72
     3
 73
     0
 90
        2
 40
0.6
 41
30.0
 62
     5
 63
     7
 74
     0
 91
        0
 64
     7
 65
   257
 75
     1
175
     1
 42
1.0
 92
        8
 66
   257
 43
1.0
 76
     1
 77
     6
 78
     2
 67
     7
 79
     3
170
     0
171
     0
290
     0
174
     0
 93
       13
 44
0.0
173
     0
291
     0
 45
0.0
1001
ACAD
1000
AcDbSavedByObjectVersion
1070
     0
  0
VISUALSTYLE
  5
42
102
{ACAD_REACTORS
330
2A
102
}
102
{ACAD_XDICTIONARY
360
459
102
}
330
2A
100
AcDbVisualStyle
  2
Shaded
 70
    27
 71
     2
 72
     2
 73
     1
 90
        2
 40
0.6
 41
30.0
 62
     5
 63
     7
 74
     0
 91
        4
 64
     7
 65
   257
 75
     1
175
     1
 42
1.0
 92
        8
 66
   257
 43
1.0
 76
     1
 77
     6
 78
     2
 67
     8
 79
     3
170
     0
171
     0
290
     0
174
     0
 93
        5
 44
0.0
173
     0
291
     0
 45
0.0
1001
ACAD
1000
AcDbSavedByObjectVersion
1070
     0
  0
VISUALSTYLE
  5
41
102
{ACAD_REACTORS
330
2A
102
}
102
{ACAD_XDICTIONARY
360
457
102
}
330
2A
100
AcDbVisualStyle
  2
Shaded with edges
 70
    26
 71
     2
 72
     2
 73
     1
 90
        2
 40
0.6
 41
30.0
 62
     5
 63
     7
 74
     1
 91
       10
 64
     7
 65
   257
 75
     2
175
     1
 42
1.0
 92
        8
 66
   257
 43
1.0
 76
     1
 77
     6
 78
     2
 67
     7
 79
     3
170
     0
171
     0
290
     0
174
     0
 93
        5
 44
0.0
173
     0
291
     0
 45
0.0
1001
ACAD
1000
AcDbSavedByObjectVersion
1070
     0
  0
VISUALSTYLE
  5
3E
102
{ACAD_REACTORS
330
2A
102
}
102
{ACAD_XDICTIONARY
360
451
102
}
330
2A
100
AcDbVisualStyle
  2
Shades of Gray
 70
    23
 71
     2
 72
     2
 73
     3
 90
        0
 40
0.6
 41
30.0
 62
     5
 63
     7
 74
     2
 91
        2
 64
     7
 65
     7
 75
     1
175
     1
 42
40.0
 92
        8
 66
     7
 43
1.0
 76
     1
 77
     6
 78
     2
 67
     7
 79
     3
170
     0
171
     0
290
     0
174
     0
 93
        1
 44
0.0
173
     0
291
     0
 45
0.0
1001
ACAD
1000
AcDbSavedByObjectVersion
1070
     0
  0
VISUALSTYLE
  5
3F
102
{ACAD_REACTORS
330
2A
102
}
102
{ACAD_XDICTIONARY
360
453
102
}
330
2A
100
AcDbVisualStyle
  2
Sketchy
 70
    24
 71
     1
 72
     2
 73
     2
 90
        0
 40
0.6
 41
30.0
 62
     5
 63
     7
 74
     2
 91
        2
 64
     7
 65
     7
 75
     1
175
     1
 42
40.0
 92
       11
 66
     7
 43
1.0
 76
     1
 77
     6
 78
     2
 67
     7
 79
     6
170
     0
171
     0
290
     0
174
     0
 93
        1
 44
0.0
173
     0
291
     0
 45
0.0
1001
ACAD
1000
AcDbSavedByObjectVersion
1070
     0
  0
VISUALSTYLE
  5
37
102
{ACAD_REACTORS
330
2A
102
}
102
{ACAD_XDICTIONARY
360
443
102
}
330
2A
100
AcDbVisualStyle
  2
Thicken
 70
    13
 71
     2
 72
     2
 73
     0
 90
        0
 40
0.6
 41
30.0
 62
     5
 63
     7
 74
     1
 91
        4
 64
     7
 65
   257
 75
     1
175
     1
 42
1.0
 92
       12
 66
     7
 43
1.0
 76
     1
 77
     6
 78
     2
 67
     7
 79
     5
170
     0
171
     0
290
     0
174
     0
 93
        1
 44
0.0
173
     0
291
     1
 45
0.0
1001
ACAD
1000
AcDbSavedByObjectVersion
1070
     0
  0
VISUALSTYLE
  5
30
102
{ACAD_REACTORS
330
2A
102
}
102
{ACAD_XDICTIONARY
360
435
102
}
330
2A
100
AcDbVisualStyle
  2
Wireframe
 70
     5
 71
     0
 72
     2
 73
     0
 90
        0
 40
0.6
 41
30.0
 62
     5
 63
     7
 74
     1
 91
        4
 64
     7
 65
   257
 75
     1
175
     1
 42
1.0
 92
        0
 66
   257
 43
1.0
 76
     1
 77
     6
 78
     2
 67
     7
 79
     3
170
     0
171
     0
290
     0
174
     0
 93
        1
 44
0.0
173
     0
291
     0
 45
0.0
1001
ACAD
1000
AcDbSavedByObjectVersion
1070
     0
  0
VISUALSTYLE
  5
40
102
{ACAD_REACTORS
330
2A
102
}
102
{ACAD_XDICTIONARY
360
455
102
}
330
2A
100
AcDbVisualStyle
  2
X-Ray
 70
    25
 71
     2
 72
     2
 73
     1
 90
        1
 40
0.5
 41
30.0
 62
     5
 63
     7
 74
     1
 91
        0
 64
     7
 65
   257
 75
     1
175
     1
 42
1.0
 92
        8
 66
     7
 43
1.0
 76
     1
 77
     6
 78
     2
 67
     7
 79
     3
170
     0
171
     0
290
     0
174
     0
 93
       13
 44
0.0
173
     0
291
     0
 45
0.0
1001
ACAD
1000
AcDbSavedByObjectVersion
1070
     0
  0
DICTIONARYVAR
  5
429
102
{ACAD_REACTORS
330
41F
102
}
330
41F
100
DictionaryVariables
280
     0
  1
1:1
  0
DICTIONARYVAR
  5
421
102
{ACAD_REACTORS
330
41F
102
}
330
41F
100
DictionaryVariables
280
     0
  1
Standard
  0
DICTIONARYVAR
  5
420
102
{ACAD_REACTORS
330
41F
102
}
330
41F
100
DictionaryVariables
280
     0
  1
Standard
  0
DICTIONARYVAR
  5
424
102
{ACAD_REACTORS
330
41F
102
}
330
41F
100
DictionaryVariables
280
     0
  1
2
  0
DICTIONARYVAR
  5
425
102
{ACAD_REACTORS
330
41F
102
}
330
41F
100
DictionaryVariables
280
     0
  1
1
  0
DICTIONARYVAR
  5
42A
102
{ACAD_REACTORS
330
41F
102
}
330
41F
100
DictionaryVariables
280
     0
  1
1
  0
DICTIONARY
  5
45D
330
45
100
AcDbDictionary
280
     1
281
     1
  3
ACAD_XREC_ROUNDTRIP
360
45E
  0
DICTIONARY
  5
45B
330
44
100
AcDbDictionary
280
     1
281
     1
  3
ACAD_XREC_ROUNDTRIP
360
45C
  0
DICTIONARY
  5
45F
330
46
100
AcDbDictionary
280
     1
281
     1
  3
ACAD_XREC_ROUNDTRIP
360
460
  0
DICTIONARY
  5
462
330
5C
100
AcDbDictionary
280
     1
281
     1
  3
ACAD_XREC_ROUNDTRIP
360
463
  0
DICTIONARY
  5
433
330
2F
100
AcDbDictionary
280
     1
281
     1
  3
ACAD_XREC_ROUNDTRIP
360
434
  0
DICTIONARY
  5
439
330
32
100
AcDbDictionary
280
     1
281
     1
  3
ACAD_XREC_ROUNDTRIP
360
43A
  0
DICTIONARY
  5
441
330
36
100
AcDbDictionary
280
     1
281
     1
  3
ACAD_XREC_ROUNDTRIP
360
442
  0
DICTIONARY
  5
449
330
3A
100
AcDbDictionary
280
     1
281
     1
  3
ACAD_XREC_ROUNDTRIP
360
44A
  0
DICTIONARY
  5
43D
330
34
100
AcDbDictionary
280
     1
281
     1
  3
ACAD_XREC_ROUNDTRIP
360
43E
  0
DICTIONARY
  5
43F
330
35
100
AcDbDictionary
280
     1
281
     1
  3
ACAD_XREC_ROUNDTRIP
360
440
  0
DICTIONARY
  5
44F
330
3D
100
AcDbDictionary
280
     1
281
     1
  3
ACAD_XREC_ROUNDTRIP
360
450
  0
DICTIONARY
  5
447
330
39
100
AcDbDictionary
280
     1
281
     1
  3
ACAD_XREC_ROUNDTRIP
360
448
  0
DICTIONARY
  5
42B
330
2B
100
AcDbDictionary
280
     1
281
     1
  3
ACAD_XREC_ROUNDTRIP
360
42C
  0
DICTIONARY
  5
42D
330
2C
100
AcDbDictionary
280
     1
281
     1
  3
ACAD_XREC_ROUNDTRIP
360
42E
  0
DICTIONARY
  5
42F
330
2D
100
AcDbDictionary
280
     1
281
     1
  3
ACAD_XREC_ROUNDTRIP
360
430
  0
DICTIONARY
  5
431
330
2E
100
AcDbDictionary
280
     1
281
     1
  3
ACAD_XREC_ROUNDTRIP
360
432
  0
DICTIONARY
  5
437
330
31
100
AcDbDictionary
280
     1
281
     1
  3
ACAD_XREC_ROUNDTRIP
360
438
  0
DICTIONARY
  5
44B
330
3B
100
AcDbDictionary
280
     1
281
     1
  3
ACAD_XREC_ROUNDTRIP
360
44C
  0
DICTIONARY
  5
445
330
38
100
AcDbDictionary
280
     1
281
     1
  3
ACAD_XREC_ROUNDTRIP
360
446
  0
DICTIONARY
  5
44D
330
3C
100
AcDbDictionary
280
     1
281
     1
  3
ACAD_XREC_ROUNDTRIP
360
44E
  0
DICTIONARY
  5
43B
330
33
100
AcDbDictionary
280
     1
281
     1
  3
ACAD_XREC_ROUNDTRIP
360
43C
  0
DICTIONARY
  5
459
330
42
100
AcDbDictionary
280
     1
281
     1
  3
ACAD_XREC_ROUNDTRIP
360
45A
  0
DICTIONARY
  5
457
330
41
100
AcDbDictionary
280
     1
281
     1
  3
ACAD_XREC_ROUNDTRIP
360
458
  0
DICTIONARY
  5
451
330
3E
100
AcDbDictionary
280
     1
281
     1
  3
ACAD_XREC_ROUNDTRIP
360
452
  0
DICTIONARY
  5
453
330
3F
100
AcDbDictionary
280
     1
281
     1
  3
ACAD_XREC_ROUNDTRIP
360
454
  0
DICTIONARY
  5
443
330
37
100
AcDbDictionary
280
     1
281
     1
  3
ACAD_XREC_ROUNDTRIP
360
444
  0
DICTIONARY
  5
435
330
30
100
AcDbDictionary
280
     1
281
     1
  3
ACAD_XREC_ROUNDTRIP
360
436
  0
DICTIONARY
  5
455
330
40
100
AcDbDictionary
280
     1
281
     1
  3
ACAD_XREC_ROUNDTRIP
360
456
  0
XRECORD
  5
45E
102
{ACAD_REACTORS
330
45D
102
}
330
45D
100
AcDbXrecord
280
     1
102
MATERIAL
148
0.0
149
0.0
149
0.0
 93
        0
 94
      127
282
     0
 72
     1
 77
     1
171
     1
175
     1
179
     1
273
     0
  0
XRECORD
  5
45C
102
{ACAD_REACTORS
330
45B
102
}
330
45B
100
AcDbXrecord
280
     1
102
MATERIAL
148
0.0
149
0.0
149
0.0
 93
        0
 94
      127
282
     0
 72
     1
 77
     1
171
     1
175
     1
179
     1
273
     0
  0
XRECORD
  5
460
102
{ACAD_REACTORS
330
45F
102
}
330
45F
100
AcDbXrecord
280
     1
102
MATERIAL
148
0.0
149
0.0
149
0.0
 93
        0
 94
      127
282
     0
 72
     1
 77
     1
171
     1
175
     1
179
     1
273
     0
  0
XRECORD
  5
463
102
{ACAD_REACTORS
330
462
102
}
330
462
100
AcDbXrecord
280
     1
102
ACAD_ROUNDTRIP_2010_MLEADER_STYLE
  0
XRECORD
  5
434
102
{ACAD_REACTORS
330
433
102
}
330
433
100
AcDbXrecord
280
     1
102
RTVSPropertyOp0
 70
     1
102
RTVSPropertyOp1
 70
     1
102
RTVSPropertyOp2
 70
     1
102
RTVSPropertyOp3
 70
     1
102
RTVSPropertyOp4
 70
     1
102
RTVSPropertyOp5
 70
     1
102
RTVSPropertyOp6
 70
     1
102
RTVSPropertyOp7
 70
     1
102
RTVSPropertyOp8
 70
     1
102
RTVSPropertyOp9
 70
     1
102
RTVSPropertyOp10
 70
     1
102
RTVSPropertyOp11
 70
     1
102
RTVSPropertyOp12
 70
     1
102
RTVSPropertyOp13
 70
     1
102
RTVSPropertyOp14
 70
     1
102
RTVSPropertyOp15
 70
     1
102
RTVSPropertyOp16
 70
     1
102
RTVSPropertyOp17
 70
     1
102
RTVSPropertyOp18
 70
     1
102
RTVSPropertyOp19
 70
     1
102
RTVSPropertyOp20
 70
     1
102
RTVSPropertyOp21
 70
     1
102
RTVSPropertyOp22
 70
     1
102
RTVSPropertyOp23
 70
     1
102
RTVSPropertyOp24
 70
     1
102
RTVSPropertyOp25
 70
     1
102
RTVSPropertyOp26
 70
     1
102
RTVSPropertyOp27
 70
     1
102
RTVSPropertyOp28
 70
     1
102
RTVSPropertyOp29
 70
     1
102
RTVSPropertyOp30
 70
     1
102
RTVSPropertyOp31
 70
     1
102
RTVSPropertyOp32
 70
     1
102
RTVSPropertyOp33
 70
     1
102
RTVSPropertyOp34
 70
     1
102
RTVSPropertyOp35
 70
     1
102
RTVSPropertyOp36
 70
     1
102
RTVSPropertyOp37
 70
     1
102
RTVSPropertyOp38
 70
     1
102
RTVSPropertyOp39
 70
     1
102
RTVSPropertyOp40
 70
     1
102
RTVSPropertyOp41
 70
     1
102
RTVSPropertyOp42
 70
     1
102
RTVSPropertyOp43
 70
     1
102
RTVSPropertyOp44
 70
     1
102
RTVSPropertyOp45
 70
     1
102
RTVSPropertyOp46
 70
     1
102
RTVSPropertyOp47
 70
     1
102
RTVSPropertyOp48
 70
     1
102
RTVSPropertyOp49
 70
     1
102
RTVSPropertyOp50
 70
     1
102
RTVSPropertyOp51
 70
     0
102
RTVSPropertyOp52
 70
     0
102
RTVSPropertyOp53
 70
     1
102
RTVSPropertyOp54
 70
     1
102
RTVSPropertyOp55
 70
     1
102
RTVSPropertyOp56
 70
     1
102
RTVSPropertyOp57
 70
     1
102
RTVSPost2010Prop28
280
     1
102
RTVSPost2010PropOp28
 70
     1
102
RTVSPost2010Prop29
280
     1
102
RTVSPost2010PropOp29
 70
     1
102
RTVSPost2010Prop30
280
     0
102
RTVSPost2010PropOp30
 70
     1
102
RTVSPost2010Prop31
280
     0
102
RTVSPost2010PropOp31
 70
     1
102
RTVSPost2010Prop32
280
     0
102
RTVSPost2010PropOp32
 70
     1
102
RTVSPost2010Prop33
280
     0
102
RTVSPost2010PropOp33
 70
     1
102
RTVSPost2010Prop34
280
     0
102
RTVSPost2010PropOp34
 70
     1
102
RTVSPost2010Prop35
280
     0
102
RTVSPost2010PropOp35
 70
     1
102
RTVSPost2010Prop36
280
     0
102
RTVSPost2010PropOp36
 70
     1
102
RTVSPost2010Prop37
 90
       50
102
RTVSPost2010PropOp37
 70
     1
102
RTVSPost2010Prop38
140
0.0
102
RTVSPost2010PropOp38
 70
     1
102
RTVSPost2010Prop39
140
1.0
102
RTVSPost2010PropOp39
 70
     1
102
RTVSPost2010Prop40
 90
        0
102
RTVSPost2010PropOp40
 70
     1
102
RTVSPost2010Prop41ColorIndex
 90
       18
102
RTVSPost2010Prop41ColorRGB
 90
        0
102
RTVSPost2010PropOp41
 70
     1
102
RTVSPost2010Prop42
 90
       50
102
RTVSPost2010PropOp42
 70
     1
102
RTVSPost2010Prop43
 90
        3
102
RTVSPost2010PropOp43
 70
     1
102
RTVSPost2010Prop44ColorIndex
 90
        5
102
RTVSPost2010Prop44ColorRGB
 90
      255
102
RTVSPost2010PropOp44
 70
     1
102
RTVSPost2010Prop45
280
     0
102
RTVSPost2010PropOp45
 70
     1
102
RTVSPost2010Prop46
 90
       50
102
RTVSPost2010PropOp46
 70
     1
102
RTVSPost2010Prop47
 90
       50
102
RTVSPost2010PropOp47
 70
     1
102
RTVSPost2010Prop48
 90
       50
102
RTVSPost2010PropOp48
 70
     1
102
RTVSPost2010Prop49
280
     0
102
RTVSPost2010PropOp49
 70
     1
102
RTVSPost2010Prop50
 90
       50
102
RTVSPost2010PropOp50
 70
     1
102
RTVSPost2010Prop51ColorIndex
 90
      256
102
RTVSPost2010Prop51ColorRGB
 90
-16777216
102
RTVSPost2010PropOp51
 70
     0
102
RTVSPost2010Prop52
140
1.0
102
RTVSPost2010PropOp52
 70
     0
102
RTVSPost2010Prop53
 90
        2
102
RTVSPost2010PropOp53
 70
     1
102
RTVSPost2010Prop54
  1
strokes_ogs.tif
102
RTVSPost2010PropOp54
 70
     1
102
RTVSPost2010Prop55
280
     0
102
RTVSPost2010PropOp55
 70
     1
102
RTVSPost2010Prop56
140
1.0
102
RTVSPost2010PropOp56
 70
     1
102
RTVSPost2010Prop57
140
1.0
102
RTVSPost2010PropOp57
 70
     1
  0
XRECORD
  5
43A
102
{ACAD_REACTORS
330
439
102
}
330
439
100
AcDbXrecord
280
     1
102
RTVSPropertyOp0
 70
     1
102
RTVSPropertyOp1
 70
     1
102
RTVSPropertyOp2
 70
     1
102
RTVSPropertyOp3
 70
     1
102
RTVSPropertyOp4
 70
     1
102
RTVSPropertyOp5
 70
     1
102
RTVSPropertyOp6
 70
     1
102
RTVSPropertyOp7
 70
     1
102
RTVSPropertyOp8
 70
     1
102
RTVSPropertyOp9
 70
     1
102
RTVSPropertyOp10
 70
     1
102
RTVSPropertyOp11
 70
     1
102
RTVSPropertyOp12
 70
     1
102
RTVSPropertyOp13
 70
     1
102
RTVSPropertyOp14
 70
     1
102
RTVSPropertyOp15
 70
     1
102
RTVSPropertyOp16
 70
     1
102
RTVSPropertyOp17
 70
     1
102
RTVSPropertyOp18
 70
     1
102
RTVSPropertyOp19
 70
     1
102
RTVSPropertyOp20
 70
     1
102
RTVSPropertyOp21
 70
     1
102
RTVSPropertyOp22
 70
     1
102
RTVSPropertyOp23
 70
     1
102
RTVSPropertyOp24
 70
     1
102
RTVSPropertyOp25
 70
     1
102
RTVSPropertyOp26
 70
     1
102
RTVSPropertyOp27
 70
     1
102
RTVSPropertyOp28
 70
     1
102
RTVSPropertyOp29
 70
     1
102
RTVSPropertyOp30
 70
     1
102
RTVSPropertyOp31
 70
     1
102
RTVSPropertyOp32
 70
     1
102
RTVSPropertyOp33
 70
     1
102
RTVSPropertyOp34
 70
     1
102
RTVSPropertyOp35
 70
     1
102
RTVSPropertyOp36
 70
     1
102
RTVSPropertyOp37
 70
     1
102
RTVSPropertyOp38
 70
     1
102
RTVSPropertyOp39
 70
     1
102
RTVSPropertyOp40
 70
     1
102
RTVSPropertyOp41
 70
     1
102
RTVSPropertyOp42
 70
     1
102
RTVSPropertyOp43
 70
     1
102
RTVSPropertyOp44
 70
     1
102
RTVSPropertyOp45
 70
     1
102
RTVSPropertyOp46
 70
     1
102
RTVSPropertyOp47
 70
     1
102
RTVSPropertyOp48
 70
     1
102
RTVSPropertyOp49
 70
     1
102
RTVSPropertyOp50
 70
     1
102
RTVSPropertyOp51
 70
     0
102
RTVSPropertyOp52
 70
     0
102
RTVSPropertyOp53
 70
     1
102
RTVSPropertyOp54
 70
     1
102
RTVSPropertyOp55
 70
     1
102
RTVSPropertyOp56
 70
     1
102
RTVSPropertyOp57
 70
     1
102
RTVSPost2010Prop28
280
     0
102
RTVSPost2010PropOp28
 70
     1
102
RTVSPost2010Prop29
280
     1
102
RTVSPost2010PropOp29
 70
     1
102
RTVSPost2010Prop30
280
     1
102
RTVSPost2010PropOp30
 70
     1
102
RTVSPost2010Prop31
280
     0
102
RTVSPost2010PropOp31
 70
     1
102
RTVSPost2010Prop32
280
     0
102
RTVSPost2010PropOp32
 70
     1
102
RTVSPost2010Prop33
280
     0
102
RTVSPost2010PropOp33
 70
     1
102
RTVSPost2010Prop34
280
     0
102
RTVSPost2010PropOp34
 70
     1
102
RTVSPost2010Prop35
280
     0
102
RTVSPost2010PropOp35
 70
     1
102
RTVSPost2010Prop36
280
     0
102
RTVSPost2010PropOp36
 70
     1
102
RTVSPost2010Prop37
 90
       50
102
RTVSPost2010PropOp37
 70
     1
102
RTVSPost2010Prop38
140
0.0
102
RTVSPost2010PropOp38
 70
     1
102
RTVSPost2010Prop39
140
1.0
102
RTVSPost2010PropOp39
 70
     1
102
RTVSPost2010Prop40
 90
        0
102
RTVSPost2010PropOp40
 70
     1
102
RTVSPost2010Prop41ColorIndex
 90
       18
102
RTVSPost2010Prop41ColorRGB
 90
        0
102
RTVSPost2010PropOp41
 70
     1
102
RTVSPost2010Prop42
 90
       50
102
RTVSPost2010PropOp42
 70
     1
102
RTVSPost2010Prop43
 90
        3
102
RTVSPost2010PropOp43
 70
     1
102
RTVSPost2010Prop44ColorIndex
 90
        5
102
RTVSPost2010Prop44ColorRGB
 90
      255
102
RTVSPost2010PropOp44
 70
     1
102
RTVSPost2010Prop45
280
     0
102
RTVSPost2010PropOp45
 70
     1
102
RTVSPost2010Prop46
 90
       50
102
RTVSPost2010PropOp46
 70
     1
102
RTVSPost2010Prop47
 90
       50
102
RTVSPost2010PropOp47
 70
     1
102
RTVSPost2010Prop48
 90
       50
102
RTVSPost2010PropOp48
 70
     1
102
RTVSPost2010Prop49
280
     0
102
RTVSPost2010PropOp49
 70
     1
102
RTVSPost2010Prop50
 90
       50
102
RTVSPost2010PropOp50
 70
     1
102
RTVSPost2010Prop51ColorIndex
 90
      256
102
RTVSPost2010Prop51ColorRGB
 90
-16777216
102
RTVSPost2010PropOp51
 70
     0
102
RTVSPost2010Prop52
140
1.0
102
RTVSPost2010PropOp52
 70
     0
102
RTVSPost2010Prop53
 90
        2
102
RTVSPost2010PropOp53
 70
     1
102
RTVSPost2010Prop54
  1
strokes_ogs.tif
102
RTVSPost2010PropOp54
 70
     1
102
RTVSPost2010Prop55
280
     0
102
RTVSPost2010PropOp55
 70
     1
102
RTVSPost2010Prop56
140
1.0
102
RTVSPost2010PropOp56
 70
     1
102
RTVSPost2010Prop57
140
1.0
102
RTVSPost2010PropOp57
 70
     1
  0
XRECORD
  5
442
102
{ACAD_REACTORS
330
441
102
}
330
441
100
AcDbXrecord
280
     1
102
RTVSPropertyOp0
 70
     1
102
RTVSPropertyOp1
 70
     1
102
RTVSPropertyOp2
 70
     1
102
RTVSPropertyOp3
 70
     1
102
RTVSPropertyOp4
 70
     1
102
RTVSPropertyOp5
 70
     1
102
RTVSPropertyOp6
 70
     1
102
RTVSPropertyOp7
 70
     1
102
RTVSPropertyOp8
 70
     1
102
RTVSPropertyOp9
 70
     1
102
RTVSPropertyOp10
 70
     1
102
RTVSPropertyOp11
 70
     1
102
RTVSPropertyOp12
 70
     1
102
RTVSPropertyOp13
 70
     1
102
RTVSPropertyOp14
 70
     1
102
RTVSPropertyOp15
 70
     1
102
RTVSPropertyOp16
 70
     1
102
RTVSPropertyOp17
 70
     1
102
RTVSPropertyOp18
 70
     1
102
RTVSPropertyOp19
 70
     1
102
RTVSPropertyOp20
 70
     1
102
RTVSPropertyOp21
 70
     1
102
RTVSPropertyOp22
 70
     1
102
RTVSPropertyOp23
 70
     1
102
RTVSPropertyOp24
 70
     1
102
RTVSPropertyOp25
 70
     1
102
RTVSPropertyOp26
 70
     1
102
RTVSPropertyOp27
 70
     1
102
RTVSPropertyOp28
 70
     1
102
RTVSPropertyOp29
 70
     1
102
RTVSPropertyOp30
 70
     1
102
RTVSPropertyOp31
 70
     1
102
RTVSPropertyOp32
 70
     1
102
RTVSPropertyOp33
 70
     1
102
RTVSPropertyOp34
 70
     1
102
RTVSPropertyOp35
 70
     1
102
RTVSPropertyOp36
 70
     1
102
RTVSPropertyOp37
 70
     1
102
RTVSPropertyOp38
 70
     1
102
RTVSPropertyOp39
 70
     1
102
RTVSPropertyOp40
 70
     1
102
RTVSPropertyOp41
 70
     1
102
RTVSPropertyOp42
 70
     1
102
RTVSPropertyOp43
 70
     1
102
RTVSPropertyOp44
 70
     1
102
RTVSPropertyOp45
 70
     1
102
RTVSPropertyOp46
 70
     1
102
RTVSPropertyOp47
 70
     1
102
RTVSPropertyOp48
 70
     1
102
RTVSPropertyOp49
 70
     1
102
RTVSPropertyOp50
 70
     1
102
RTVSPropertyOp51
 70
     0
102
RTVSPropertyOp52
 70
     0
102
RTVSPropertyOp53
 70
     1
102
RTVSPropertyOp54
 70
     1
102
RTVSPropertyOp55
 70
     1
102
RTVSPropertyOp56
 70
     1
102
RTVSPropertyOp57
 70
     1
102
RTVSPost2010Prop28
280
     0
102
RTVSPost2010PropOp28
 70
     1
102
RTVSPost2010Prop29
280
     1
102
RTVSPost2010PropOp29
 70
     1
102
RTVSPost2010Prop30
280
     1
102
RTVSPost2010PropOp30
 70
     1
102
RTVSPost2010Prop31
280
     0
102
RTVSPost2010PropOp31
 70
     1
102
RTVSPost2010Prop32
280
     0
102
RTVSPost2010PropOp32
 70
     1
102
RTVSPost2010Prop33
280
     0
102
RTVSPost2010PropOp33
 70
     1
102
RTVSPost2010Prop34
280
     0
102
RTVSPost2010PropOp34
 70
     1
102
RTVSPost2010Prop35
280
     0
102
RTVSPost2010PropOp35
 70
     1
102
RTVSPost2010Prop36
280
     0
102
RTVSPost2010PropOp36
 70
     1
102
RTVSPost2010Prop37
 90
       50
102
RTVSPost2010PropOp37
 70
     1
102
RTVSPost2010Prop38
140
0.0
102
RTVSPost2010PropOp38
 70
     1
102
RTVSPost2010Prop39
140
1.0
102
RTVSPost2010PropOp39
 70
     1
102
RTVSPost2010Prop40
 90
        0
102
RTVSPost2010PropOp40
 70
     1
102
RTVSPost2010Prop41ColorIndex
 90
       18
102
RTVSPost2010Prop41ColorRGB
 90
        0
102
RTVSPost2010PropOp41
 70
     1
102
RTVSPost2010Prop42
 90
       50
102
RTVSPost2010PropOp42
 70
     1
102
RTVSPost2010Prop43
 90
        3
102
RTVSPost2010PropOp43
 70
     1
102
RTVSPost2010Prop44ColorIndex
 90
        5
102
RTVSPost2010Prop44ColorRGB
 90
      255
102
RTVSPost2010PropOp44
 70
     1
102
RTVSPost2010Prop45
280
     0
102
RTVSPost2010PropOp45
 70
     1
102
RTVSPost2010Prop46
 90
       50
102
RTVSPost2010PropOp46
 70
     1
102
RTVSPost2010Prop47
 90
       50
102
RTVSPost2010PropOp47
 70
     1
102
RTVSPost2010Prop48
 90
       50
102
RTVSPost2010PropOp48
 70
     1
102
RTVSPost2010Prop49
280
     0
102
RTVSPost2010PropOp49
 70
     1
102
RTVSPost2010Prop50
 90
       50
102
RTVSPost2010PropOp50
 70
     1
102
RTVSPost2010Prop51ColorIndex
 90
      256
102
RTVSPost2010Prop51ColorRGB
 90
-16777216
102
RTVSPost2010PropOp51
 70
     0
102
RTVSPost2010Prop52
140
1.0
102
RTVSPost2010PropOp52
 70
     0
102
RTVSPost2010Prop53
 90
        2
102
RTVSPost2010PropOp53
 70
     1
102
RTVSPost2010Prop54
  1
strokes_ogs.tif
102
RTVSPost2010PropOp54
 70
     1
102
RTVSPost2010Prop55
280
     0
102
RTVSPost2010PropOp55
 70
     1
102
RTVSPost2010Prop56
140
1.0
102
RTVSPost2010PropOp56
 70
     1
102
RTVSPost2010Prop57
140
1.0
102
RTVSPost2010PropOp57
 70
     1
  0
XRECORD
  5
44A
102
{ACAD_REACTORS
330
449
102
}
330
449
100
AcDbXrecord
280
     1
102
RTVSPropertyOp0
 70
     1
102
RTVSPropertyOp1
 70
     1
102
RTVSPropertyOp2
 70
     1
102
RTVSPropertyOp3
 70
     1
102
RTVSPropertyOp4
 70
     1
102
RTVSPropertyOp5
 70
     1
102
RTVSPropertyOp6
 70
     1
102
RTVSPropertyOp7
 70
     1
102
RTVSPropertyOp8
 70
     1
102
RTVSPropertyOp9
 70
     1
102
RTVSPropertyOp10
 70
     1
102
RTVSPropertyOp11
 70
     1
102
RTVSPropertyOp12
 70
     1
102
RTVSPropertyOp13
 70
     1
102
RTVSPropertyOp14
 70
     1
102
RTVSPropertyOp15
 70
     1
102
RTVSPropertyOp16
 70
     1
102
RTVSPropertyOp17
 70
     1
102
RTVSPropertyOp18
 70
     1
102
RTVSPropertyOp19
 70
     1
102
RTVSPropertyOp20
 70
     1
102
RTVSPropertyOp21
 70
     1
102
RTVSPropertyOp22
 70
     1
102
RTVSPropertyOp23
 70
     1
102
RTVSPropertyOp24
 70
     1
102
RTVSPropertyOp25
 70
     1
102
RTVSPropertyOp26
 70
     1
102
RTVSPropertyOp27
 70
     1
102
RTVSPropertyOp28
 70
     1
102
RTVSPropertyOp29
 70
     1
102
RTVSPropertyOp30
 70
     1
102
RTVSPropertyOp31
 70
     1
102
RTVSPropertyOp32
 70
     1
102
RTVSPropertyOp33
 70
     1
102
RTVSPropertyOp34
 70
     1
102
RTVSPropertyOp35
 70
     1
102
RTVSPropertyOp36
 70
     1
102
RTVSPropertyOp37
 70
     1
102
RTVSPropertyOp38
 70
     1
102
RTVSPropertyOp39
 70
     1
102
RTVSPropertyOp40
 70
     1
102
RTVSPropertyOp41
 70
     1
102
RTVSPropertyOp42
 70
     1
102
RTVSPropertyOp43
 70
     1
102
RTVSPropertyOp44
 70
     1
102
RTVSPropertyOp45
 70
     1
102
RTVSPropertyOp46
 70
     1
102
RTVSPropertyOp47
 70
     1
102
RTVSPropertyOp48
 70
     1
102
RTVSPropertyOp49
 70
     1
102
RTVSPropertyOp50
 70
     1
102
RTVSPropertyOp51
 70
     0
102
RTVSPropertyOp52
 70
     0
102
RTVSPropertyOp53
 70
     1
102
RTVSPropertyOp54
 70
     1
102
RTVSPropertyOp55
 70
     1
102
RTVSPropertyOp56
 70
     1
102
RTVSPropertyOp57
 70
     1
102
RTVSPost2010Prop28
280
     0
102
RTVSPost2010PropOp28
 70
     1
102
RTVSPost2010Prop29
280
     1
102
RTVSPost2010PropOp29
 70
     1
102
RTVSPost2010Prop30
280
     1
102
RTVSPost2010PropOp30
 70
     1
102
RTVSPost2010Prop31
280
     0
102
RTVSPost2010PropOp31
 70
     1
102
RTVSPost2010Prop32
280
     0
102
RTVSPost2010PropOp32
 70
     1
102
RTVSPost2010Prop33
280
     0
102
RTVSPost2010PropOp33
 70
     1
102
RTVSPost2010Prop34
280
     0
102
RTVSPost2010PropOp34
 70
     1
102
RTVSPost2010Prop35
280
     0
102
RTVSPost2010PropOp35
 70
     1
102
RTVSPost2010Prop36
280
     0
102
RTVSPost2010PropOp36
 70
     1
102
RTVSPost2010Prop37
 90
       50
102
RTVSPost2010PropOp37
 70
     1
102
RTVSPost2010Prop38
140
0.0
102
RTVSPost2010PropOp38
 70
     1
102
RTVSPost2010Prop39
140
1.0
102
RTVSPost2010PropOp39
 70
     1
102
RTVSPost2010Prop40
 90
        0
102
RTVSPost2010PropOp40
 70
     1
102
RTVSPost2010Prop41ColorIndex
 90
       18
102
RTVSPost2010Prop41ColorRGB
 90
        0
102
RTVSPost2010PropOp41
 70
     1
102
RTVSPost2010Prop42
 90
       50
102
RTVSPost2010PropOp42
 70
     1
102
RTVSPost2010Prop43
 90
        3
102
RTVSPost2010PropOp43
 70
     1
102
RTVSPost2010Prop44ColorIndex
 90
        5
102
RTVSPost2010Prop44ColorRGB
 90
      255
102
RTVSPost2010PropOp44
 70
     1
102
RTVSPost2010Prop45
280
     0
102
RTVSPost2010PropOp45
 70
     1
102
RTVSPost2010Prop46
 90
       50
102
RTVSPost2010PropOp46
 70
     1
102
RTVSPost2010Prop47
 90
       50
102
RTVSPost2010PropOp47
 70
     1
102
RTVSPost2010Prop48
 90
       50
102
RTVSPost2010PropOp48
 70
     1
102
RTVSPost2010Prop49
280
     0
102
RTVSPost2010PropOp49
 70
     1
102
RTVSPost2010Prop50
 90
       50
102
RTVSPost2010PropOp50
 70
     1
102
RTVSPost2010Prop51ColorIndex
 90
      256
102
RTVSPost2010Prop51ColorRGB
 90
-16777216
102
RTVSPost2010PropOp51
 70
     0
102
RTVSPost2010Prop52
140
1.0
102
RTVSPost2010PropOp52
 70
     0
102
RTVSPost2010Prop53
 90
        2
102
RTVSPost2010PropOp53
 70
     1
102
RTVSPost2010Prop54
  1
strokes_ogs.tif
102
RTVSPost2010PropOp54
 70
     1
102
RTVSPost2010Prop55
280
     0
102
RTVSPost2010PropOp55
 70
     1
102
RTVSPost2010Prop56
140
1.0
102
RTVSPost2010PropOp56
 70
     1
102
RTVSPost2010Prop57
140
1.0
102
RTVSPost2010PropOp57
 70
     1
  0
XRECORD
  5
43E
102
{ACAD_REACTORS
330
43D
102
}
330
43D
100
AcDbXrecord
280
     1
102
RTVSPropertyOp0
 70
     1
102
RTVSPropertyOp1
 70
     1
102
RTVSPropertyOp2
 70
     1
102
RTVSPropertyOp3
 70
     1
102
RTVSPropertyOp4
 70
     1
102
RTVSPropertyOp5
 70
     1
102
RTVSPropertyOp6
 70
     1
102
RTVSPropertyOp7
 70
     1
102
RTVSPropertyOp8
 70
     1
102
RTVSPropertyOp9
 70
     1
102
RTVSPropertyOp10
 70
     1
102
RTVSPropertyOp11
 70
     1
102
RTVSPropertyOp12
 70
     1
102
RTVSPropertyOp13
 70
     1
102
RTVSPropertyOp14
 70
     1
102
RTVSPropertyOp15
 70
     1
102
RTVSPropertyOp16
 70
     1
102
RTVSPropertyOp17
 70
     1
102
RTVSPropertyOp18
 70
     1
102
RTVSPropertyOp19
 70
     1
102
RTVSPropertyOp20
 70
     1
102
RTVSPropertyOp21
 70
     1
102
RTVSPropertyOp22
 70
     1
102
RTVSPropertyOp23
 70
     1
102
RTVSPropertyOp24
 70
     1
102
RTVSPropertyOp25
 70
     1
102
RTVSPropertyOp26
 70
     1
102
RTVSPropertyOp27
 70
     1
102
RTVSPropertyOp28
 70
     1
102
RTVSPropertyOp29
 70
     1
102
RTVSPropertyOp30
 70
     1
102
RTVSPropertyOp31
 70
     1
102
RTVSPropertyOp32
 70
     1
102
RTVSPropertyOp33
 70
     1
102
RTVSPropertyOp34
 70
     1
102
RTVSPropertyOp35
 70
     1
102
RTVSPropertyOp36
 70
     1
102
RTVSPropertyOp37
 70
     1
102
RTVSPropertyOp38
 70
     1
102
RTVSPropertyOp39
 70
     1
102
RTVSPropertyOp40
 70
     1
102
RTVSPropertyOp41
 70
     1
102
RTVSPropertyOp42
 70
     1
102
RTVSPropertyOp43
 70
     1
102
RTVSPropertyOp44
 70
     1
102
RTVSPropertyOp45
 70
     1
102
RTVSPropertyOp46
 70
     1
102
RTVSPropertyOp47
 70
     1
102
RTVSPropertyOp48
 70
     1
102
RTVSPropertyOp49
 70
     1
102
RTVSPropertyOp50
 70
     1
102
RTVSPropertyOp51
 70
     0
102
RTVSPropertyOp52
 70
     0
102
RTVSPropertyOp53
 70
     1
102
RTVSPropertyOp54
 70
     1
102
RTVSPropertyOp55
 70
     1
102
RTVSPropertyOp56
 70
     1
102
RTVSPropertyOp57
 70
     1
102
RTVSPost2010Prop28
280
     0
102
RTVSPost2010PropOp28
 70
     1
102
RTVSPost2010Prop29
280
     1
102
RTVSPost2010PropOp29
 70
     1
102
RTVSPost2010Prop30
280
     1
102
RTVSPost2010PropOp30
 70
     1
102
RTVSPost2010Prop31
280
     0
102
RTVSPost2010PropOp31
 70
     1
102
RTVSPost2010Prop32
280
     0
102
RTVSPost2010PropOp32
 70
     1
102
RTVSPost2010Prop33
280
     0
102
RTVSPost2010PropOp33
 70
     1
102
RTVSPost2010Prop34
280
     0
102
RTVSPost2010PropOp34
 70
     1
102
RTVSPost2010Prop35
280
     0
102
RTVSPost2010PropOp35
 70
     1
102
RTVSPost2010Prop36
280
     0
102
RTVSPost2010PropOp36
 70
     1
102
RTVSPost2010Prop37
 90
       50
102
RTVSPost2010PropOp37
 70
     1
102
RTVSPost2010Prop38
140
0.0
102
RTVSPost2010PropOp38
 70
     1
102
RTVSPost2010Prop39
140
1.0
102
RTVSPost2010PropOp39
 70
     1
102
RTVSPost2010Prop40
 90
        0
102
RTVSPost2010PropOp40
 70
     1
102
RTVSPost2010Prop41ColorIndex
 90
       18
102
RTVSPost2010Prop41ColorRGB
 90
        0
102
RTVSPost2010PropOp41
 70
     1
102
RTVSPost2010Prop42
 90
       50
102
RTVSPost2010PropOp42
 70
     1
102
RTVSPost2010Prop43
 90
        3
102
RTVSPost2010PropOp43
 70
     1
102
RTVSPost2010Prop44ColorIndex
 90
        5
102
RTVSPost2010Prop44ColorRGB
 90
      255
102
RTVSPost2010PropOp44
 70
     1
102
RTVSPost2010Prop45
280
     0
102
RTVSPost2010PropOp45
 70
     1
102
RTVSPost2010Prop46
 90
       50
102
RTVSPost2010PropOp46
 70
     1
102
RTVSPost2010Prop47
 90
       50
102
RTVSPost2010PropOp47
 70
     1
102
RTVSPost2010Prop48
 90
       50
102
RTVSPost2010PropOp48
 70
     1
102
RTVSPost2010Prop49
280
     0
102
RTVSPost2010PropOp49
 70
     1
102
RTVSPost2010Prop50
 90
       50
102
RTVSPost2010PropOp50
 70
     1
102
RTVSPost2010Prop51ColorIndex
 90
      256
102
RTVSPost2010Prop51ColorRGB
 90
-16777216
102
RTVSPost2010PropOp51
 70
     0
102
RTVSPost2010Prop52
140
1.0
102
RTVSPost2010PropOp52
 70
     0
102
RTVSPost2010Prop53
 90
        2
102
RTVSPost2010PropOp53
 70
     1
102
RTVSPost2010Prop54
  1
strokes_ogs.tif
102
RTVSPost2010PropOp54
 70
     1
102
RTVSPost2010Prop55
280
     0
102
RTVSPost2010PropOp55
 70
     1
102
RTVSPost2010Prop56
140
1.0
102
RTVSPost2010PropOp56
 70
     1
102
RTVSPost2010Prop57
140
1.0
102
RTVSPost2010PropOp57
 70
     1
  0
XRECORD
  5
440
102
{ACAD_REACTORS
330
43F
102
}
330
43F
100
AcDbXrecord
280
     1
102
RTVSPropertyOp0
 70
     1
102
RTVSPropertyOp1
 70
     1
102
RTVSPropertyOp2
 70
     1
102
RTVSPropertyOp3
 70
     1
102
RTVSPropertyOp4
 70
     1
102
RTVSPropertyOp5
 70
     1
102
RTVSPropertyOp6
 70
     1
102
RTVSPropertyOp7
 70
     1
102
RTVSPropertyOp8
 70
     1
102
RTVSPropertyOp9
 70
     1
102
RTVSPropertyOp10
 70
     1
102
RTVSPropertyOp11
 70
     1
102
RTVSPropertyOp12
 70
     1
102
RTVSPropertyOp13
 70
     1
102
RTVSPropertyOp14
 70
     1
102
RTVSPropertyOp15
 70
     1
102
RTVSPropertyOp16
 70
     1
102
RTVSPropertyOp17
 70
     1
102
RTVSPropertyOp18
 70
     1
102
RTVSPropertyOp19
 70
     1
102
RTVSPropertyOp20
 70
     1
102
RTVSPropertyOp21
 70
     1
102
RTVSPropertyOp22
 70
     1
102
RTVSPropertyOp23
 70
     1
102
RTVSPropertyOp24
 70
     1
102
RTVSPropertyOp25
 70
     1
102
RTVSPropertyOp26
 70
     1
102
RTVSPropertyOp27
 70
     1
102
RTVSPropertyOp28
 70
     1
102
RTVSPropertyOp29
 70
     1
102
RTVSPropertyOp30
 70
     1
102
RTVSPropertyOp31
 70
     1
102
RTVSPropertyOp32
 70
     1
102
RTVSPropertyOp33
 70
     1
102
RTVSPropertyOp34
 70
     1
102
RTVSPropertyOp35
 70
     1
102
RTVSPropertyOp36
 70
     1
102
RTVSPropertyOp37
 70
     1
102
RTVSPropertyOp38
 70
     1
102
RTVSPropertyOp39
 70
     1
102
RTVSPropertyOp40
 70
     1
102
RTVSPropertyOp41
 70
     1
102
RTVSPropertyOp42
 70
     1
102
RTVSPropertyOp43
 70
     1
102
RTVSPropertyOp44
 70
     1
102
RTVSPropertyOp45
 70
     1
102
RTVSPropertyOp46
 70
     1
102
RTVSPropertyOp47
 70
     1
102
RTVSPropertyOp48
 70
     1
102
RTVSPropertyOp49
 70
     1
102
RTVSPropertyOp50
 70
     1
102
RTVSPropertyOp51
 70
     0
102
RTVSPropertyOp52
 70
     0
102
RTVSPropertyOp53
 70
     1
102
RTVSPropertyOp54
 70
     1
102
RTVSPropertyOp55
 70
     1
102
RTVSPropertyOp56
 70
     1
102
RTVSPropertyOp57
 70
     1
102
RTVSPost2010Prop28
280
     0
102
RTVSPost2010PropOp28
 70
     1
102
RTVSPost2010Prop29
280
     1
102
RTVSPost2010PropOp29
 70
     1
102
RTVSPost2010Prop30
280
     1
102
RTVSPost2010PropOp30
 70
     1
102
RTVSPost2010Prop31
280
     0
102
RTVSPost2010PropOp31
 70
     1
102
RTVSPost2010Prop32
280
     0
102
RTVSPost2010PropOp32
 70
     1
102
RTVSPost2010Prop33
280
     0
102
RTVSPost2010PropOp33
 70
     1
102
RTVSPost2010Prop34
280
     0
102
RTVSPost2010PropOp34
 70
     1
102
RTVSPost2010Prop35
280
     0
102
RTVSPost2010PropOp35
 70
     1
102
RTVSPost2010Prop36
280
     0
102
RTVSPost2010PropOp36
 70
     1
102
RTVSPost2010Prop37
 90
       50
102
RTVSPost2010PropOp37
 70
     1
102
RTVSPost2010Prop38
140
0.0
102
RTVSPost2010PropOp38
 70
     1
102
RTVSPost2010Prop39
140
1.0
102
RTVSPost2010PropOp39
 70
     1
102
RTVSPost2010Prop40
 90
        0
102
RTVSPost2010PropOp40
 70
     1
102
RTVSPost2010Prop41ColorIndex
 90
       18
102
RTVSPost2010Prop41ColorRGB
 90
        0
102
RTVSPost2010PropOp41
 70
     1
102
RTVSPost2010Prop42
 90
       50
102
RTVSPost2010PropOp42
 70
     1
102
RTVSPost2010Prop43
 90
        3
102
RTVSPost2010PropOp43
 70
     1
102
RTVSPost2010Prop44ColorIndex
 90
        5
102
RTVSPost2010Prop44ColorRGB
 90
      255
102
RTVSPost2010PropOp44
 70
     1
102
RTVSPost2010Prop45
280
     0
102
RTVSPost2010PropOp45
 70
     1
102
RTVSPost2010Prop46
 90
       50
102
RTVSPost2010PropOp46
 70
     1
102
RTVSPost2010Prop47
 90
       50
102
RTVSPost2010PropOp47
 70
     1
102
RTVSPost2010Prop48
 90
       50
102
RTVSPost2010PropOp48
 70
     1
102
RTVSPost2010Prop49
280
     0
102
RTVSPost2010PropOp49
 70
     1
102
RTVSPost2010Prop50
 90
       50
102
RTVSPost2010PropOp50
 70
     1
102
RTVSPost2010Prop51ColorIndex
 90
      256
102
RTVSPost2010Prop51ColorRGB
 90
-16777216
102
RTVSPost2010PropOp51
 70
     0
102
RTVSPost2010Prop52
140
1.0
102
RTVSPost2010PropOp52
 70
     0
102
RTVSPost2010Prop53
 90
        2
102
RTVSPost2010PropOp53
 70
     1
102
RTVSPost2010Prop54
  1
strokes_ogs.tif
102
RTVSPost2010PropOp54
 70
     1
102
RTVSPost2010Prop55
280
     0
102
RTVSPost2010PropOp55
 70
     1
102
RTVSPost2010Prop56
140
1.0
102
RTVSPost2010PropOp56
 70
     1
102
RTVSPost2010Prop57
140
1.0
102
RTVSPost2010PropOp57
 70
     1
  0
XRECORD
  5
450
102
{ACAD_REACTORS
330
44F
102
}
330
44F
100
AcDbXrecord
280
     1
102
RTVSPropertyOp0
 70
     0
102
RTVSPropertyOp1
 70
     0
102
RTVSPropertyOp2
 70
     0
102
RTVSPropertyOp3
 70
     0
102
RTVSPropertyOp4
 70
     0
102
RTVSPropertyOp5
 70
     0
102
RTVSPropertyOp6
 70
     0
102
RTVSPropertyOp7
 70
     0
102
RTVSPropertyOp8
 70
     0
102
RTVSPropertyOp9
 70
     0
102
RTVSPropertyOp10
 70
     0
102
RTVSPropertyOp11
 70
     0
102
RTVSPropertyOp12
 70
     0
102
RTVSPropertyOp13
 70
     0
102
RTVSPropertyOp14
 70
     2
102
RTVSPropertyOp15
 70
     0
102
RTVSPropertyOp16
 70
     0
102
RTVSPropertyOp17
 70
     0
102
RTVSPropertyOp18
 70
     0
102
RTVSPropertyOp19
 70
     0
102
RTVSPropertyOp20
 70
     0
102
RTVSPropertyOp21
 70
     0
102
RTVSPropertyOp22
 70
     0
102
RTVSPropertyOp23
 70
     0
102
RTVSPropertyOp24
 70
     0
102
RTVSPropertyOp25
 70
     0
102
RTVSPropertyOp26
 70
     0
102
RTVSPropertyOp27
 70
     0
102
RTVSPropertyOp28
 70
     0
102
RTVSPropertyOp29
 70
     0
102
RTVSPropertyOp30
 70
     0
102
RTVSPropertyOp31
 70
     0
102
RTVSPropertyOp32
 70
     0
102
RTVSPropertyOp33
 70
     0
102
RTVSPropertyOp34
 70
     0
102
RTVSPropertyOp35
 70
     0
102
RTVSPropertyOp36
 70
     0
102
RTVSPropertyOp37
 70
     0
102
RTVSPropertyOp38
 70
     0
102
RTVSPropertyOp39
 70
     0
102
RTVSPropertyOp40
 70
     0
102
RTVSPropertyOp41
 70
     0
102
RTVSPropertyOp42
 70
     0
102
RTVSPropertyOp43
 70
     0
102
RTVSPropertyOp44
 70
     0
102
RTVSPropertyOp45
 70
     0
102
RTVSPropertyOp46
 70
     0
102
RTVSPropertyOp47
 70
     0
102
RTVSPropertyOp48
 70
     0
102
RTVSPropertyOp49
 70
     0
102
RTVSPropertyOp50
 70
     0
102
RTVSPropertyOp51
 70
     0
102
RTVSPropertyOp52
 70
     0
102
RTVSPropertyOp53
 70
     0
102
RTVSPropertyOp54
 70
     0
102
RTVSPropertyOp55
 70
     0
102
RTVSPropertyOp56
 70
     0
102
RTVSPropertyOp57
 70
     0
102
RTVSPost2010Prop28
280
     0
102
RTVSPost2010PropOp28
 70
     0
102
RTVSPost2010Prop29
280
     1
102
RTVSPost2010PropOp29
 70
     0
102
RTVSPost2010Prop30
280
     1
102
RTVSPost2010PropOp30
 70
     0
102
RTVSPost2010Prop31
280
     0
102
RTVSPost2010PropOp31
 70
     0
102
RTVSPost2010Prop32
280
     0
102
RTVSPost2010PropOp32
 70
     0
102
RTVSPost2010Prop33
280
     0
102
RTVSPost2010PropOp33
 70
     0
102
RTVSPost2010Prop34
280
     0
102
RTVSPost2010PropOp34
 70
     0
102
RTVSPost2010Prop35
280
     0
102
RTVSPost2010PropOp35
 70
     0
102
RTVSPost2010Prop36
280
     0
102
RTVSPost2010PropOp36
 70
     0
102
RTVSPost2010Prop37
 90
       50
102
RTVSPost2010PropOp37
 70
     0
102
RTVSPost2010Prop38
140
0.0
102
RTVSPost2010PropOp38
 70
     0
102
RTVSPost2010Prop39
140
1.0
102
RTVSPost2010PropOp39
 70
     0
102
RTVSPost2010Prop40
 90
        0
102
RTVSPost2010PropOp40
 70
     0
102
RTVSPost2010Prop41ColorIndex
 90
       18
102
RTVSPost2010Prop41ColorRGB
 90
        0
102
RTVSPost2010PropOp41
 70
     0
102
RTVSPost2010Prop42
 90
       50
102
RTVSPost2010PropOp42
 70
     0
102
RTVSPost2010Prop43
 90
        3
102
RTVSPost2010PropOp43
 70
     0
102
RTVSPost2010Prop44ColorIndex
 90
        5
102
RTVSPost2010Prop44ColorRGB
 90
      255
102
RTVSPost2010PropOp44
 70
     0
102
RTVSPost2010Prop45
280
     0
102
RTVSPost2010PropOp45
 70
     0
102
RTVSPost2010Prop46
 90
       50
102
RTVSPost2010PropOp46
 70
     0
102
RTVSPost2010Prop47
 90
       50
102
RTVSPost2010PropOp47
 70
     0
102
RTVSPost2010Prop48
 90
       50
102
RTVSPost2010PropOp48
 70
     0
102
RTVSPost2010Prop49
280
     0
102
RTVSPost2010PropOp49
 70
     0
102
RTVSPost2010Prop50
 90
       50
102
RTVSPost2010PropOp50
 70
     0
102
RTVSPost2010Prop51ColorIndex
 90
      256
102
RTVSPost2010Prop51ColorRGB
 90
-16777216
102
RTVSPost2010PropOp51
 70
     0
102
RTVSPost2010Prop52
140
1.0
102
RTVSPost2010PropOp52
 70
     0
102
RTVSPost2010Prop53
 90
        2
102
RTVSPost2010PropOp53
 70
     0
102
RTVSPost2010Prop54
  1
strokes_ogs.tif
102
RTVSPost2010PropOp54
 70
     0
102
RTVSPost2010Prop55
280
     0
102
RTVSPost2010PropOp55
 70
     0
102
RTVSPost2010Prop56
140
1.0
102
RTVSPost2010PropOp56
 70
     0
102
RTVSPost2010Prop57
140
1.0
102
RTVSPost2010PropOp57
 70
     0
  0
XRECORD
  5
448
102
{ACAD_REACTORS
330
447
102
}
330
447
100
AcDbXrecord
280
     1
102
RTVSPropertyOp0
 70
     1
102
RTVSPropertyOp1
 70
     1
102
RTVSPropertyOp2
 70
     1
102
RTVSPropertyOp3
 70
     1
102
RTVSPropertyOp4
 70
     1
102
RTVSPropertyOp5
 70
     1
102
RTVSPropertyOp6
 70
     1
102
RTVSPropertyOp7
 70
     1
102
RTVSPropertyOp8
 70
     1
102
RTVSPropertyOp9
 70
     1
102
RTVSPropertyOp10
 70
     1
102
RTVSPropertyOp11
 70
     1
102
RTVSPropertyOp12
 70
     1
102
RTVSPropertyOp13
 70
     1
102
RTVSPropertyOp14
 70
     1
102
RTVSPropertyOp15
 70
     1
102
RTVSPropertyOp16
 70
     1
102
RTVSPropertyOp17
 70
     1
102
RTVSPropertyOp18
 70
     1
102
RTVSPropertyOp19
 70
     1
102
RTVSPropertyOp20
 70
     1
102
RTVSPropertyOp21
 70
     1
102
RTVSPropertyOp22
 70
     1
102
RTVSPropertyOp23
 70
     1
102
RTVSPropertyOp24
 70
     1
102
RTVSPropertyOp25
 70
     1
102
RTVSPropertyOp26
 70
     1
102
RTVSPropertyOp27
 70
     1
102
RTVSPropertyOp28
 70
     1
102
RTVSPropertyOp29
 70
     1
102
RTVSPropertyOp30
 70
     1
102
RTVSPropertyOp31
 70
     1
102
RTVSPropertyOp32
 70
     1
102
RTVSPropertyOp33
 70
     1
102
RTVSPropertyOp34
 70
     1
102
RTVSPropertyOp35
 70
     1
102
RTVSPropertyOp36
 70
     1
102
RTVSPropertyOp37
 70
     1
102
RTVSPropertyOp38
 70
     1
102
RTVSPropertyOp39
 70
     1
102
RTVSPropertyOp40
 70
     1
102
RTVSPropertyOp41
 70
     1
102
RTVSPropertyOp42
 70
     1
102
RTVSPropertyOp43
 70
     1
102
RTVSPropertyOp44
 70
     1
102
RTVSPropertyOp45
 70
     1
102
RTVSPropertyOp46
 70
     1
102
RTVSPropertyOp47
 70
     1
102
RTVSPropertyOp48
 70
     1
102
RTVSPropertyOp49
 70
     1
102
RTVSPropertyOp50
 70
     1
102
RTVSPropertyOp51
 70
     0
102
RTVSPropertyOp52
 70
     0
102
RTVSPropertyOp53
 70
     1
102
RTVSPropertyOp54
 70
     1
102
RTVSPropertyOp55
 70
     1
102
RTVSPropertyOp56
 70
     1
102
RTVSPropertyOp57
 70
     1
102
RTVSPost2010Prop28
280
     0
102
RTVSPost2010PropOp28
 70
     1
102
RTVSPost2010Prop29
280
     1
102
RTVSPost2010PropOp29
 70
     1
102
RTVSPost2010Prop30
280
     1
102
RTVSPost2010PropOp30
 70
     1
102
RTVSPost2010Prop31
280
     0
102
RTVSPost2010PropOp31
 70
     1
102
RTVSPost2010Prop32
280
     0
102
RTVSPost2010PropOp32
 70
     1
102
RTVSPost2010Prop33
280
     0
102
RTVSPost2010PropOp33
 70
     1
102
RTVSPost2010Prop34
280
     0
102
RTVSPost2010PropOp34
 70
     1
102
RTVSPost2010Prop35
280
     0
102
RTVSPost2010PropOp35
 70
     1
102
RTVSPost2010Prop36
280
     0
102
RTVSPost2010PropOp36
 70
     1
102
RTVSPost2010Prop37
 90
       50
102
RTVSPost2010PropOp37
 70
     1
102
RTVSPost2010Prop38
140
0.0
102
RTVSPost2010PropOp38
 70
     1
102
RTVSPost2010Prop39
140
1.0
102
RTVSPost2010PropOp39
 70
     1
102
RTVSPost2010Prop40
 90
        0
102
RTVSPost2010PropOp40
 70
     1
102
RTVSPost2010Prop41ColorIndex
 90
       18
102
RTVSPost2010Prop41ColorRGB
 90
        0
102
RTVSPost2010PropOp41
 70
     1
102
RTVSPost2010Prop42
 90
       50
102
RTVSPost2010PropOp42
 70
     1
102
RTVSPost2010Prop43
 90
        3
102
RTVSPost2010PropOp43
 70
     1
102
RTVSPost2010Prop44ColorIndex
 90
        5
102
RTVSPost2010Prop44ColorRGB
 90
      255
102
RTVSPost2010PropOp44
 70
     1
102
RTVSPost2010Prop45
280
     0
102
RTVSPost2010PropOp45
 70
     1
102
RTVSPost2010Prop46
 90
       50
102
RTVSPost2010PropOp46
 70
     1
102
RTVSPost2010Prop47
 90
       50
102
RTVSPost2010PropOp47
 70
     1
102
RTVSPost2010Prop48
 90
       50
102
RTVSPost2010PropOp48
 70
     1
102
RTVSPost2010Prop49
280
     0
102
RTVSPost2010PropOp49
 70
     1
102
RTVSPost2010Prop50
 90
       50
102
RTVSPost2010PropOp50
 70
     1
102
RTVSPost2010Prop51ColorIndex
 90
      256
102
RTVSPost2010Prop51ColorRGB
 90
-16777216
102
RTVSPost2010PropOp51
 70
     0
102
RTVSPost2010Prop52
140
1.0
102
RTVSPost2010PropOp52
 70
     0
102
RTVSPost2010Prop53
 90
        2
102
RTVSPost2010PropOp53
 70
     1
102
RTVSPost2010Prop54
  1
strokes_ogs.tif
102
RTVSPost2010PropOp54
 70
     1
102
RTVSPost2010Prop55
280
     0
102
RTVSPost2010PropOp55
 70
     1
102
RTVSPost2010Prop56
140
1.0
102
RTVSPost2010PropOp56
 70
     1
102
RTVSPost2010Prop57
140
1.0
102
RTVSPost2010PropOp57
 70
     1
  0
XRECORD
  5
42C
102
{ACAD_REACTORS
330
42B
102
}
330
42B
100
AcDbXrecord
280
     1
102
RTVSPropertyOp0
 70
     1
102
RTVSPropertyOp1
 70
     1
102
RTVSPropertyOp2
 70
     1
102
RTVSPropertyOp3
 70
     1
102
RTVSPropertyOp4
 70
     1
102
RTVSPropertyOp5
 70
     1
102
RTVSPropertyOp6
 70
     1
102
RTVSPropertyOp7
 70
     1
102
RTVSPropertyOp8
 70
     1
102
RTVSPropertyOp9
 70
     1
102
RTVSPropertyOp10
 70
     1
102
RTVSPropertyOp11
 70
     1
102
RTVSPropertyOp12
 70
     1
102
RTVSPropertyOp13
 70
     1
102
RTVSPropertyOp14
 70
     1
102
RTVSPropertyOp15
 70
     1
102
RTVSPropertyOp16
 70
     1
102
RTVSPropertyOp17
 70
     1
102
RTVSPropertyOp18
 70
     1
102
RTVSPropertyOp19
 70
     1
102
RTVSPropertyOp20
 70
     1
102
RTVSPropertyOp21
 70
     1
102
RTVSPropertyOp22
 70
     1
102
RTVSPropertyOp23
 70
     1
102
RTVSPropertyOp24
 70
     1
102
RTVSPropertyOp25
 70
     1
102
RTVSPropertyOp26
 70
     1
102
RTVSPropertyOp27
 70
     1
102
RTVSPropertyOp28
 70
     1
102
RTVSPropertyOp29
 70
     1
102
RTVSPropertyOp30
 70
     1
102
RTVSPropertyOp31
 70
     1
102
RTVSPropertyOp32
 70
     1
102
RTVSPropertyOp33
 70
     1
102
RTVSPropertyOp34
 70
     1
102
RTVSPropertyOp35
 70
     1
102
RTVSPropertyOp36
 70
     1
102
RTVSPropertyOp37
 70
     1
102
RTVSPropertyOp38
 70
     1
102
RTVSPropertyOp39
 70
     1
102
RTVSPropertyOp40
 70
     1
102
RTVSPropertyOp41
 70
     1
102
RTVSPropertyOp42
 70
     1
102
RTVSPropertyOp43
 70
     1
102
RTVSPropertyOp44
 70
     1
102
RTVSPropertyOp45
 70
     1
102
RTVSPropertyOp46
 70
     1
102
RTVSPropertyOp47
 70
     1
102
RTVSPropertyOp48
 70
     1
102
RTVSPropertyOp49
 70
     1
102
RTVSPropertyOp50
 70
     1
102
RTVSPropertyOp51
 70
     0
102
RTVSPropertyOp52
 70
     0
102
RTVSPropertyOp53
 70
     1
102
RTVSPropertyOp54
 70
     1
102
RTVSPropertyOp55
 70
     1
102
RTVSPropertyOp56
 70
     1
102
RTVSPropertyOp57
 70
     1
102
RTVSPost2010Prop28
280
     0
102
RTVSPost2010PropOp28
 70
     1
102
RTVSPost2010Prop29
280
     1
102
RTVSPost2010PropOp29
 70
     1
102
RTVSPost2010Prop30
280
     1
102
RTVSPost2010PropOp30
 70
     1
102
RTVSPost2010Prop31
280
     0
102
RTVSPost2010PropOp31
 70
     1
102
RTVSPost2010Prop32
280
     0
102
RTVSPost2010PropOp32
 70
     1
102
RTVSPost2010Prop33
280
     0
102
RTVSPost2010PropOp33
 70
     1
102
RTVSPost2010Prop34
280
     0
102
RTVSPost2010PropOp34
 70
     1
102
RTVSPost2010Prop35
280
     0
102
RTVSPost2010PropOp35
 70
     1
102
RTVSPost2010Prop36
280
     0
102
RTVSPost2010PropOp36
 70
     1
102
RTVSPost2010Prop37
 90
       50
102
RTVSPost2010PropOp37
 70
     1
102
RTVSPost2010Prop38
140
0.0
102
RTVSPost2010PropOp38
 70
     1
102
RTVSPost2010Prop39
140
1.0
102
RTVSPost2010PropOp39
 70
     1
102
RTVSPost2010Prop40
 90
        0
102
RTVSPost2010PropOp40
 70
     1
102
RTVSPost2010Prop41ColorIndex
 90
       18
102
RTVSPost2010Prop41ColorRGB
 90
        0
102
RTVSPost2010PropOp41
 70
     1
102
RTVSPost2010Prop42
 90
       50
102
RTVSPost2010PropOp42
 70
     1
102
RTVSPost2010Prop43
 90
        3
102
RTVSPost2010PropOp43
 70
     1
102
RTVSPost2010Prop44ColorIndex
 90
        5
102
RTVSPost2010Prop44ColorRGB
 90
      255
102
RTVSPost2010PropOp44
 70
     1
102
RTVSPost2010Prop45
280
     0
102
RTVSPost2010PropOp45
 70
     1
102
RTVSPost2010Prop46
 90
       50
102
RTVSPost2010PropOp46
 70
     1
102
RTVSPost2010Prop47
 90
       50
102
RTVSPost2010PropOp47
 70
     1
102
RTVSPost2010Prop48
 90
       50
102
RTVSPost2010PropOp48
 70
     1
102
RTVSPost2010Prop49
280
     0
102
RTVSPost2010PropOp49
 70
     1
102
RTVSPost2010Prop50
 90
       50
102
RTVSPost2010PropOp50
 70
     1
102
RTVSPost2010Prop51ColorIndex
 90
      256
102
RTVSPost2010Prop51ColorRGB
 90
-16777216
102
RTVSPost2010PropOp51
 70
     0
102
RTVSPost2010Prop52
140
1.0
102
RTVSPost2010PropOp52
 70
     0
102
RTVSPost2010Prop53
 90
        2
102
RTVSPost2010PropOp53
 70
     1
102
RTVSPost2010Prop54
  1
strokes_ogs.tif
102
RTVSPost2010PropOp54
 70
     1
102
RTVSPost2010Prop55
280
     0
102
RTVSPost2010PropOp55
 70
     1
102
RTVSPost2010Prop56
140
1.0
102
RTVSPost2010PropOp56
 70
     1
102
RTVSPost2010Prop57
140
1.0
102
RTVSPost2010PropOp57
 70
     1
  0
XRECORD
  5
42E
102
{ACAD_REACTORS
330
42D
102
}
330
42D
100
AcDbXrecord
280
     1
102
RTVSPropertyOp0
 70
     1
102
RTVSPropertyOp1
 70
     1
102
RTVSPropertyOp2
 70
     1
102
RTVSPropertyOp3
 70
     1
102
RTVSPropertyOp4
 70
     1
102
RTVSPropertyOp5
 70
     1
102
RTVSPropertyOp6
 70
     1
102
RTVSPropertyOp7
 70
     1
102
RTVSPropertyOp8
 70
     1
102
RTVSPropertyOp9
 70
     1
102
RTVSPropertyOp10
 70
     1
102
RTVSPropertyOp11
 70
     1
102
RTVSPropertyOp12
 70
     1
102
RTVSPropertyOp13
 70
     1
102
RTVSPropertyOp14
 70
     1
102
RTVSPropertyOp15
 70
     1
102
RTVSPropertyOp16
 70
     1
102
RTVSPropertyOp17
 70
     1
102
RTVSPropertyOp18
 70
     1
102
RTVSPropertyOp19
 70
     1
102
RTVSPropertyOp20
 70
     1
102
RTVSPropertyOp21
 70
     1
102
RTVSPropertyOp22
 70
     1
102
RTVSPropertyOp23
 70
     1
102
RTVSPropertyOp24
 70
     1
102
RTVSPropertyOp25
 70
     1
102
RTVSPropertyOp26
 70
     1
102
RTVSPropertyOp27
 70
     1
102
RTVSPropertyOp28
 70
     1
102
RTVSPropertyOp29
 70
     1
102
RTVSPropertyOp30
 70
     1
102
RTVSPropertyOp31
 70
     1
102
RTVSPropertyOp32
 70
     1
102
RTVSPropertyOp33
 70
     1
102
RTVSPropertyOp34
 70
     1
102
RTVSPropertyOp35
 70
     1
102
RTVSPropertyOp36
 70
     1
102
RTVSPropertyOp37
 70
     1
102
RTVSPropertyOp38
 70
     1
102
RTVSPropertyOp39
 70
     1
102
RTVSPropertyOp40
 70
     1
102
RTVSPropertyOp41
 70
     1
102
RTVSPropertyOp42
 70
     1
102
RTVSPropertyOp43
 70
     1
102
RTVSPropertyOp44
 70
     1
102
RTVSPropertyOp45
 70
     1
102
RTVSPropertyOp46
 70
     1
102
RTVSPropertyOp47
 70
     1
102
RTVSPropertyOp48
 70
     1
102
RTVSPropertyOp49
 70
     1
102
RTVSPropertyOp50
 70
     1
102
RTVSPropertyOp51
 70
     0
102
RTVSPropertyOp52
 70
     0
102
RTVSPropertyOp53
 70
     1
102
RTVSPropertyOp54
 70
     1
102
RTVSPropertyOp55
 70
     1
102
RTVSPropertyOp56
 70
     1
102
RTVSPropertyOp57
 70
     1
102
RTVSPost2010Prop28
280
     0
102
RTVSPost2010PropOp28
 70
     1
102
RTVSPost2010Prop29
280
     1
102
RTVSPost2010PropOp29
 70
     1
102
RTVSPost2010Prop30
280
     1
102
RTVSPost2010PropOp30
 70
     1
102
RTVSPost2010Prop31
280
     0
102
RTVSPost2010PropOp31
 70
     1
102
RTVSPost2010Prop32
280
     0
102
RTVSPost2010PropOp32
 70
     1
102
RTVSPost2010Prop33
280
     0
102
RTVSPost2010PropOp33
 70
     1
102
RTVSPost2010Prop34
280
     0
102
RTVSPost2010PropOp34
 70
     1
102
RTVSPost2010Prop35
280
     0
102
RTVSPost2010PropOp35
 70
     1
102
RTVSPost2010Prop36
280
     0
102
RTVSPost2010PropOp36
 70
     1
102
RTVSPost2010Prop37
 90
       50
102
RTVSPost2010PropOp37
 70
     1
102
RTVSPost2010Prop38
140
0.0
102
RTVSPost2010PropOp38
 70
     1
102
RTVSPost2010Prop39
140
1.0
102
RTVSPost2010PropOp39
 70
     1
102
RTVSPost2010Prop40
 90
        0
102
RTVSPost2010PropOp40
 70
     1
102
RTVSPost2010Prop41ColorIndex
 90
       18
102
RTVSPost2010Prop41ColorRGB
 90
        0
102
RTVSPost2010PropOp41
 70
     1
102
RTVSPost2010Prop42
 90
       50
102
RTVSPost2010PropOp42
 70
     1
102
RTVSPost2010Prop43
 90
        3
102
RTVSPost2010PropOp43
 70
     1
102
RTVSPost2010Prop44ColorIndex
 90
        5
102
RTVSPost2010Prop44ColorRGB
 90
      255
102
RTVSPost2010PropOp44
 70
     1
102
RTVSPost2010Prop45
280
     0
102
RTVSPost2010PropOp45
 70
     1
102
RTVSPost2010Prop46
 90
       50
102
RTVSPost2010PropOp46
 70
     1
102
RTVSPost2010Prop47
 90
       50
102
RTVSPost2010PropOp47
 70
     1
102
RTVSPost2010Prop48
 90
       50
102
RTVSPost2010PropOp48
 70
     1
102
RTVSPost2010Prop49
280
     0
102
RTVSPost2010PropOp49
 70
     1
102
RTVSPost2010Prop50
 90
       50
102
RTVSPost2010PropOp50
 70
     1
102
RTVSPost2010Prop51ColorIndex
 90
      256
102
RTVSPost2010Prop51ColorRGB
 90
-16777216
102
RTVSPost2010PropOp51
 70
     0
102
RTVSPost2010Prop52
140
1.0
102
RTVSPost2010PropOp52
 70
     0
102
RTVSPost2010Prop53
 90
        2
102
RTVSPost2010PropOp53
 70
     1
102
RTVSPost2010Prop54
  1
strokes_ogs.tif
102
RTVSPost2010PropOp54
 70
     1
102
RTVSPost2010Prop55
280
     0
102
RTVSPost2010PropOp55
 70
     1
102
RTVSPost2010Prop56
140
1.0
102
RTVSPost2010PropOp56
 70
     1
102
RTVSPost2010Prop57
140
1.0
102
RTVSPost2010PropOp57
 70
     1
  0
XRECORD
  5
430
102
{ACAD_REACTORS
330
42F
102
}
330
42F
100
AcDbXrecord
280
     1
102
RTVSPropertyOp0
 70
     1
102
RTVSPropertyOp1
 70
     1
102
RTVSPropertyOp2
 70
     1
102
RTVSPropertyOp3
 70
     1
102
RTVSPropertyOp4
 70
     1
102
RTVSPropertyOp5
 70
     1
102
RTVSPropertyOp6
 70
     1
102
RTVSPropertyOp7
 70
     1
102
RTVSPropertyOp8
 70
     1
102
RTVSPropertyOp9
 70
     1
102
RTVSPropertyOp10
 70
     1
102
RTVSPropertyOp11
 70
     1
102
RTVSPropertyOp12
 70
     1
102
RTVSPropertyOp13
 70
     1
102
RTVSPropertyOp14
 70
     1
102
RTVSPropertyOp15
 70
     1
102
RTVSPropertyOp16
 70
     1
102
RTVSPropertyOp17
 70
     1
102
RTVSPropertyOp18
 70
     1
102
RTVSPropertyOp19
 70
     1
102
RTVSPropertyOp20
 70
     1
102
RTVSPropertyOp21
 70
     1
102
RTVSPropertyOp22
 70
     1
102
RTVSPropertyOp23
 70
     1
102
RTVSPropertyOp24
 70
     1
102
RTVSPropertyOp25
 70
     1
102
RTVSPropertyOp26
 70
     1
102
RTVSPropertyOp27
 70
     1
102
RTVSPropertyOp28
 70
     1
102
RTVSPropertyOp29
 70
     1
102
RTVSPropertyOp30
 70
     1
102
RTVSPropertyOp31
 70
     1
102
RTVSPropertyOp32
 70
     1
102
RTVSPropertyOp33
 70
     1
102
RTVSPropertyOp34
 70
     1
102
RTVSPropertyOp35
 70
     1
102
RTVSPropertyOp36
 70
     1
102
RTVSPropertyOp37
 70
     1
102
RTVSPropertyOp38
 70
     1
102
RTVSPropertyOp39
 70
     1
102
RTVSPropertyOp40
 70
     1
102
RTVSPropertyOp41
 70
     1
102
RTVSPropertyOp42
 70
     1
102
RTVSPropertyOp43
 70
     1
102
RTVSPropertyOp44
 70
     1
102
RTVSPropertyOp45
 70
     1
102
RTVSPropertyOp46
 70
     1
102
RTVSPropertyOp47
 70
     1
102
RTVSPropertyOp48
 70
     1
102
RTVSPropertyOp49
 70
     1
102
RTVSPropertyOp50
 70
     1
102
RTVSPropertyOp51
 70
     0
102
RTVSPropertyOp52
 70
     0
102
RTVSPropertyOp53
 70
     1
102
RTVSPropertyOp54
 70
     1
102
RTVSPropertyOp55
 70
     1
102
RTVSPropertyOp56
 70
     1
102
RTVSPropertyOp57
 70
     1
102
RTVSPost2010Prop28
280
     0
102
RTVSPost2010PropOp28
 70
     1
102
RTVSPost2010Prop29
280
     1
102
RTVSPost2010PropOp29
 70
     1
102
RTVSPost2010Prop30
280
     1
102
RTVSPost2010PropOp30
 70
     1
102
RTVSPost2010Prop31
280
     0
102
RTVSPost2010PropOp31
 70
     1
102
RTVSPost2010Prop32
280
     0
102
RTVSPost2010PropOp32
 70
     1
102
RTVSPost2010Prop33
280
     0
102
RTVSPost2010PropOp33
 70
     1
102
RTVSPost2010Prop34
280
     0
102
RTVSPost2010PropOp34
 70
     1
102
RTVSPost2010Prop35
280
     0
102
RTVSPost2010PropOp35
 70
     1
102
RTVSPost2010Prop36
280
     0
102
RTVSPost2010PropOp36
 70
     1
102
RTVSPost2010Prop37
 90
       50
102
RTVSPost2010PropOp37
 70
     1
102
RTVSPost2010Prop38
140
0.0
102
RTVSPost2010PropOp38
 70
     1
102
RTVSPost2010Prop39
140
1.0
102
RTVSPost2010PropOp39
 70
     1
102
RTVSPost2010Prop40
 90
        0
102
RTVSPost2010PropOp40
 70
     1
102
RTVSPost2010Prop41ColorIndex
 90
       18
102
RTVSPost2010Prop41ColorRGB
 90
        0
102
RTVSPost2010PropOp41
 70
     1
102
RTVSPost2010Prop42
 90
       50
102
RTVSPost2010PropOp42
 70
     1
102
RTVSPost2010Prop43
 90
        3
102
RTVSPost2010PropOp43
 70
     1
102
RTVSPost2010Prop44ColorIndex
 90
        5
102
RTVSPost2010Prop44ColorRGB
 90
      255
102
RTVSPost2010PropOp44
 70
     1
102
RTVSPost2010Prop45
280
     0
102
RTVSPost2010PropOp45
 70
     1
102
RTVSPost2010Prop46
 90
       50
102
RTVSPost2010PropOp46
 70
     1
102
RTVSPost2010Prop47
 90
       50
102
RTVSPost2010PropOp47
 70
     1
102
RTVSPost2010Prop48
 90
       50
102
RTVSPost2010PropOp48
 70
     1
102
RTVSPost2010Prop49
280
     0
102
RTVSPost2010PropOp49
 70
     1
102
RTVSPost2010Prop50
 90
       50
102
RTVSPost2010PropOp50
 70
     1
102
RTVSPost2010Prop51ColorIndex
 90
      256
102
RTVSPost2010Prop51ColorRGB
 90
-16777216
102
RTVSPost2010PropOp51
 70
     0
102
RTVSPost2010Prop52
140
1.0
102
RTVSPost2010PropOp52
 70
     0
102
RTVSPost2010Prop53
 90
        2
102
RTVSPost2010PropOp53
 70
     1
102
RTVSPost2010Prop54
  1
strokes_ogs.tif
102
RTVSPost2010PropOp54
 70
     1
102
RTVSPost2010Prop55
280
     0
102
RTVSPost2010PropOp55
 70
     1
102
RTVSPost2010Prop56
140
1.0
102
RTVSPost2010PropOp56
 70
     1
102
RTVSPost2010Prop57
140
1.0
102
RTVSPost2010PropOp57
 70
     1
  0
XRECORD
  5
432
102
{ACAD_REACTORS
330
431
102
}
330
431
100
AcDbXrecord
280
     1
102
RTVSPropertyOp0
 70
     1
102
RTVSPropertyOp1
 70
     1
102
RTVSPropertyOp2
 70
     1
102
RTVSPropertyOp3
 70
     1
102
RTVSPropertyOp4
 70
     1
102
RTVSPropertyOp5
 70
     1
102
RTVSPropertyOp6
 70
     1
102
RTVSPropertyOp7
 70
     1
102
RTVSPropertyOp8
 70
     1
102
RTVSPropertyOp9
 70
     1
102
RTVSPropertyOp10
 70
     1
102
RTVSPropertyOp11
 70
     1
102
RTVSPropertyOp12
 70
     1
102
RTVSPropertyOp13
 70
     1
102
RTVSPropertyOp14
 70
     1
102
RTVSPropertyOp15
 70
     1
102
RTVSPropertyOp16
 70
     1
102
RTVSPropertyOp17
 70
     1
102
RTVSPropertyOp18
 70
     1
102
RTVSPropertyOp19
 70
     1
102
RTVSPropertyOp20
 70
     1
102
RTVSPropertyOp21
 70
     1
102
RTVSPropertyOp22
 70
     1
102
RTVSPropertyOp23
 70
     1
102
RTVSPropertyOp24
 70
     1
102
RTVSPropertyOp25
 70
     1
102
RTVSPropertyOp26
 70
     1
102
RTVSPropertyOp27
 70
     1
102
RTVSPropertyOp28
 70
     1
102
RTVSPropertyOp29
 70
     1
102
RTVSPropertyOp30
 70
     1
102
RTVSPropertyOp31
 70
     1
102
RTVSPropertyOp32
 70
     1
102
RTVSPropertyOp33
 70
     1
102
RTVSPropertyOp34
 70
     1
102
RTVSPropertyOp35
 70
     1
102
RTVSPropertyOp36
 70
     1
102
RTVSPropertyOp37
 70
     1
102
RTVSPropertyOp38
 70
     1
102
RTVSPropertyOp39
 70
     1
102
RTVSPropertyOp40
 70
     1
102
RTVSPropertyOp41
 70
     1
102
RTVSPropertyOp42
 70
     1
102
RTVSPropertyOp43
 70
     1
102
RTVSPropertyOp44
 70
     1
102
RTVSPropertyOp45
 70
     1
102
RTVSPropertyOp46
 70
     1
102
RTVSPropertyOp47
 70
     1
102
RTVSPropertyOp48
 70
     1
102
RTVSPropertyOp49
 70
     1
102
RTVSPropertyOp50
 70
     1
102
RTVSPropertyOp51
 70
     0
102
RTVSPropertyOp52
 70
     0
102
RTVSPropertyOp53
 70
     1
102
RTVSPropertyOp54
 70
     1
102
RTVSPropertyOp55
 70
     1
102
RTVSPropertyOp56
 70
     1
102
RTVSPropertyOp57
 70
     1
102
RTVSPost2010Prop28
280
     0
102
RTVSPost2010PropOp28
 70
     1
102
RTVSPost2010Prop29
280
     1
102
RTVSPost2010PropOp29
 70
     1
102
RTVSPost2010Prop30
280
     1
102
RTVSPost2010PropOp30
 70
     1
102
RTVSPost2010Prop31
280
     0
102
RTVSPost2010PropOp31
 70
     1
102
RTVSPost2010Prop32
280
     0
102
RTVSPost2010PropOp32
 70
     1
102
RTVSPost2010Prop33
280
     0
102
RTVSPost2010PropOp33
 70
     1
102
RTVSPost2010Prop34
280
     0
102
RTVSPost2010PropOp34
 70
     1
102
RTVSPost2010Prop35
280
     0
102
RTVSPost2010PropOp35
 70
     1
102
RTVSPost2010Prop36
280
     0
102
RTVSPost2010PropOp36
 70
     1
102
RTVSPost2010Prop37
 90
       50
102
RTVSPost2010PropOp37
 70
     1
102
RTVSPost2010Prop38
140
0.0
102
RTVSPost2010PropOp38
 70
     1
102
RTVSPost2010Prop39
140
1.0
102
RTVSPost2010PropOp39
 70
     1
102
RTVSPost2010Prop40
 90
        0
102
RTVSPost2010PropOp40
 70
     1
102
RTVSPost2010Prop41ColorIndex
 90
       18
102
RTVSPost2010Prop41ColorRGB
 90
        0
102
RTVSPost2010PropOp41
 70
     1
102
RTVSPost2010Prop42
 90
       50
102
RTVSPost2010PropOp42
 70
     1
102
RTVSPost2010Prop43
 90
        3
102
RTVSPost2010PropOp43
 70
     1
102
RTVSPost2010Prop44ColorIndex
 90
        5
102
RTVSPost2010Prop44ColorRGB
 90
      255
102
RTVSPost2010PropOp44
 70
     1
102
RTVSPost2010Prop45
280
     0
102
RTVSPost2010PropOp45
 70
     1
102
RTVSPost2010Prop46
 90
       50
102
RTVSPost2010PropOp46
 70
     1
102
RTVSPost2010Prop47
 90
       50
102
RTVSPost2010PropOp47
 70
     1
102
RTVSPost2010Prop48
 90
       50
102
RTVSPost2010PropOp48
 70
     1
102
RTVSPost2010Prop49
280
     0
102
RTVSPost2010PropOp49
 70
     1
102
RTVSPost2010Prop50
 90
       50
102
RTVSPost2010PropOp50
 70
     1
102
RTVSPost2010Prop51ColorIndex
 90
      256
102
RTVSPost2010Prop51ColorRGB
 90
-16777216
102
RTVSPost2010PropOp51
 70
     0
102
RTVSPost2010Prop52
140
1.0
102
RTVSPost2010PropOp52
 70
     0
102
RTVSPost2010Prop53
 90
        2
102
RTVSPost2010PropOp53
 70
     1
102
RTVSPost2010Prop54
  1
strokes_ogs.tif
102
RTVSPost2010PropOp54
 70
     1
102
RTVSPost2010Prop55
280
     0
102
RTVSPost2010PropOp55
 70
     1
102
RTVSPost2010Prop56
140
1.0
102
RTVSPost2010PropOp56
 70
     1
102
RTVSPost2010Prop57
140
1.0
102
RTVSPost2010PropOp57
 70
     1
  0
XRECORD
  5
438
102
{ACAD_REACTORS
330
437
102
}
330
437
100
AcDbXrecord
280
     1
102
RTVSPropertyOp0
 70
     1
102
RTVSPropertyOp1
 70
     1
102
RTVSPropertyOp2
 70
     1
102
RTVSPropertyOp3
 70
     1
102
RTVSPropertyOp4
 70
     1
102
RTVSPropertyOp5
 70
     1
102
RTVSPropertyOp6
 70
     1
102
RTVSPropertyOp7
 70
     1
102
RTVSPropertyOp8
 70
     1
102
RTVSPropertyOp9
 70
     1
102
RTVSPropertyOp10
 70
     1
102
RTVSPropertyOp11
 70
     1
102
RTVSPropertyOp12
 70
     1
102
RTVSPropertyOp13
 70
     1
102
RTVSPropertyOp14
 70
     1
102
RTVSPropertyOp15
 70
     1
102
RTVSPropertyOp16
 70
     1
102
RTVSPropertyOp17
 70
     1
102
RTVSPropertyOp18
 70
     1
102
RTVSPropertyOp19
 70
     1
102
RTVSPropertyOp20
 70
     1
102
RTVSPropertyOp21
 70
     1
102
RTVSPropertyOp22
 70
     1
102
RTVSPropertyOp23
 70
     1
102
RTVSPropertyOp24
 70
     1
102
RTVSPropertyOp25
 70
     1
102
RTVSPropertyOp26
 70
     1
102
RTVSPropertyOp27
 70
     1
102
RTVSPropertyOp28
 70
     1
102
RTVSPropertyOp29
 70
     1
102
RTVSPropertyOp30
 70
     1
102
RTVSPropertyOp31
 70
     1
102
RTVSPropertyOp32
 70
     1
102
RTVSPropertyOp33
 70
     1
102
RTVSPropertyOp34
 70
     1
102
RTVSPropertyOp35
 70
     1
102
RTVSPropertyOp36
 70
     1
102
RTVSPropertyOp37
 70
     1
102
RTVSPropertyOp38
 70
     1
102
RTVSPropertyOp39
 70
     1
102
RTVSPropertyOp40
 70
     1
102
RTVSPropertyOp41
 70
     1
102
RTVSPropertyOp42
 70
     1
102
RTVSPropertyOp43
 70
     1
102
RTVSPropertyOp44
 70
     1
102
RTVSPropertyOp45
 70
     1
102
RTVSPropertyOp46
 70
     1
102
RTVSPropertyOp47
 70
     1
102
RTVSPropertyOp48
 70
     1
102
RTVSPropertyOp49
 70
     1
102
RTVSPropertyOp50
 70
     1
102
RTVSPropertyOp51
 70
     0
102
RTVSPropertyOp52
 70
     0
102
RTVSPropertyOp53
 70
     1
102
RTVSPropertyOp54
 70
     1
102
RTVSPropertyOp55
 70
     1
102
RTVSPropertyOp56
 70
     1
102
RTVSPropertyOp57
 70
     1
102
RTVSPost2010Prop28
280
     0
102
RTVSPost2010PropOp28
 70
     1
102
RTVSPost2010Prop29
280
     1
102
RTVSPost2010PropOp29
 70
     1
102
RTVSPost2010Prop30
280
     1
102
RTVSPost2010PropOp30
 70
     1
102
RTVSPost2010Prop31
280
     0
102
RTVSPost2010PropOp31
 70
     1
102
RTVSPost2010Prop32
280
     0
102
RTVSPost2010PropOp32
 70
     1
102
RTVSPost2010Prop33
280
     0
102
RTVSPost2010PropOp33
 70
     1
102
RTVSPost2010Prop34
280
     0
102
RTVSPost2010PropOp34
 70
     1
102
RTVSPost2010Prop35
280
     0
102
RTVSPost2010PropOp35
 70
     1
102
RTVSPost2010Prop36
280
     0
102
RTVSPost2010PropOp36
 70
     1
102
RTVSPost2010Prop37
 90
       50
102
RTVSPost2010PropOp37
 70
     1
102
RTVSPost2010Prop38
140
0.0
102
RTVSPost2010PropOp38
 70
     1
102
RTVSPost2010Prop39
140
1.0
102
RTVSPost2010PropOp39
 70
     1
102
RTVSPost2010Prop40
 90
        0
102
RTVSPost2010PropOp40
 70
     1
102
RTVSPost2010Prop41ColorIndex
 90
       18
102
RTVSPost2010Prop41ColorRGB
 90
        0
102
RTVSPost2010PropOp41
 70
     1
102
RTVSPost2010Prop42
 90
       50
102
RTVSPost2010PropOp42
 70
     1
102
RTVSPost2010Prop43
 90
        3
102
RTVSPost2010PropOp43
 70
     1
102
RTVSPost2010Prop44ColorIndex
 90
        5
102
RTVSPost2010Prop44ColorRGB
 90
      255
102
RTVSPost2010PropOp44
 70
     1
102
RTVSPost2010Prop45
280
     0
102
RTVSPost2010PropOp45
 70
     1
102
RTVSPost2010Prop46
 90
       50
102
RTVSPost2010PropOp46
 70
     1
102
RTVSPost2010Prop47
 90
       50
102
RTVSPost2010PropOp47
 70
     1
102
RTVSPost2010Prop48
 90
       50
102
RTVSPost2010PropOp48
 70
     1
102
RTVSPost2010Prop49
280
     0
102
RTVSPost2010PropOp49
 70
     1
102
RTVSPost2010Prop50
 90
       50
102
RTVSPost2010PropOp50
 70
     1
102
RTVSPost2010Prop51ColorIndex
 90
      256
102
RTVSPost2010Prop51ColorRGB
 90
-16777216
102
RTVSPost2010PropOp51
 70
     0
102
RTVSPost2010Prop52
140
1.0
102
RTVSPost2010PropOp52
 70
     0
102
RTVSPost2010Prop53
 90
        2
102
RTVSPost2010PropOp53
 70
     1
102
RTVSPost2010Prop54
  1
strokes_ogs.tif
102
RTVSPost2010PropOp54
 70
     1
102
RTVSPost2010Prop55
280
     0
102
RTVSPost2010PropOp55
 70
     1
102
RTVSPost2010Prop56
140
1.0
102
RTVSPost2010PropOp56
 70
     1
102
RTVSPost2010Prop57
140
1.0
102
RTVSPost2010PropOp57
 70
     1
  0
XRECORD
  5
44C
102
{ACAD_REACTORS
330
44B
102
}
330
44B
100
AcDbXrecord
280
     1
102
RTVSPropertyOp0
 70
     0
102
RTVSPropertyOp1
 70
     0
102
RTVSPropertyOp2
 70
     0
102
RTVSPropertyOp3
 70
     0
102
RTVSPropertyOp4
 70
     0
102
RTVSPropertyOp5
 70
     0
102
RTVSPropertyOp6
 70
     0
102
RTVSPropertyOp7
 70
     0
102
RTVSPropertyOp8
 70
     0
102
RTVSPropertyOp9
 70
     0
102
RTVSPropertyOp10
 70
     0
102
RTVSPropertyOp11
 70
     0
102
RTVSPropertyOp12
 70
     0
102
RTVSPropertyOp13
 70
     0
102
RTVSPropertyOp14
 70
     2
102
RTVSPropertyOp15
 70
     0
102
RTVSPropertyOp16
 70
     0
102
RTVSPropertyOp17
 70
     0
102
RTVSPropertyOp18
 70
     0
102
RTVSPropertyOp19
 70
     0
102
RTVSPropertyOp20
 70
     0
102
RTVSPropertyOp21
 70
     0
102
RTVSPropertyOp22
 70
     0
102
RTVSPropertyOp23
 70
     0
102
RTVSPropertyOp24
 70
     0
102
RTVSPropertyOp25
 70
     0
102
RTVSPropertyOp26
 70
     0
102
RTVSPropertyOp27
 70
     0
102
RTVSPropertyOp28
 70
     0
102
RTVSPropertyOp29
 70
     0
102
RTVSPropertyOp30
 70
     0
102
RTVSPropertyOp31
 70
     0
102
RTVSPropertyOp32
 70
     0
102
RTVSPropertyOp33
 70
     0
102
RTVSPropertyOp34
 70
     0
102
RTVSPropertyOp35
 70
     0
102
RTVSPropertyOp36
 70
     0
102
RTVSPropertyOp37
 70
     0
102
RTVSPropertyOp38
 70
     0
102
RTVSPropertyOp39
 70
     0
102
RTVSPropertyOp40
 70
     0
102
RTVSPropertyOp41
 70
     0
102
RTVSPropertyOp42
 70
     0
102
RTVSPropertyOp43
 70
     0
102
RTVSPropertyOp44
 70
     0
102
RTVSPropertyOp45
 70
     0
102
RTVSPropertyOp46
 70
     0
102
RTVSPropertyOp47
 70
     0
102
RTVSPropertyOp48
 70
     0
102
RTVSPropertyOp49
 70
     0
102
RTVSPropertyOp50
 70
     0
102
RTVSPropertyOp51
 70
     0
102
RTVSPropertyOp52
 70
     0
102
RTVSPropertyOp53
 70
     0
102
RTVSPropertyOp54
 70
     0
102
RTVSPropertyOp55
 70
     0
102
RTVSPropertyOp56
 70
     0
102
RTVSPropertyOp57
 70
     0
102
RTVSPost2010Prop28
280
     0
102
RTVSPost2010PropOp28
 70
     0
102
RTVSPost2010Prop29
280
     1
102
RTVSPost2010PropOp29
 70
     0
102
RTVSPost2010Prop30
280
     1
102
RTVSPost2010PropOp30
 70
     0
102
RTVSPost2010Prop31
280
     0
102
RTVSPost2010PropOp31
 70
     0
102
RTVSPost2010Prop32
280
     0
102
RTVSPost2010PropOp32
 70
     0
102
RTVSPost2010Prop33
280
     0
102
RTVSPost2010PropOp33
 70
     0
102
RTVSPost2010Prop34
280
     0
102
RTVSPost2010PropOp34
 70
     0
102
RTVSPost2010Prop35
280
     0
102
RTVSPost2010PropOp35
 70
     0
102
RTVSPost2010Prop36
280
     0
102
RTVSPost2010PropOp36
 70
     0
102
RTVSPost2010Prop37
 90
       50
102
RTVSPost2010PropOp37
 70
     0
102
RTVSPost2010Prop38
140
0.0
102
RTVSPost2010PropOp38
 70
     0
102
RTVSPost2010Prop39
140
1.0
102
RTVSPost2010PropOp39
 70
     0
102
RTVSPost2010Prop40
 90
        0
102
RTVSPost2010PropOp40
 70
     0
102
RTVSPost2010Prop41ColorIndex
 90
       18
102
RTVSPost2010Prop41ColorRGB
 90
        0
102
RTVSPost2010PropOp41
 70
     0
102
RTVSPost2010Prop42
 90
       50
102
RTVSPost2010PropOp42
 70
     0
102
RTVSPost2010Prop43
 90
        3
102
RTVSPost2010PropOp43
 70
     0
102
RTVSPost2010Prop44ColorIndex
 90
        5
102
RTVSPost2010Prop44ColorRGB
 90
      255
102
RTVSPost2010PropOp44
 70
     0
102
RTVSPost2010Prop45
280
     0
102
RTVSPost2010PropOp45
 70
     0
102
RTVSPost2010Prop46
 90
       50
102
RTVSPost2010PropOp46
 70
     0
102
RTVSPost2010Prop47
 90
       50
102
RTVSPost2010PropOp47
 70
     0
102
RTVSPost2010Prop48
 90
       50
102
RTVSPost2010PropOp48
 70
     0
102
RTVSPost2010Prop49
280
     0
102
RTVSPost2010PropOp49
 70
     0
102
RTVSPost2010Prop50
 90
       50
102
RTVSPost2010PropOp50
 70
     0
102
RTVSPost2010Prop51ColorIndex
 90
      256
102
RTVSPost2010Prop51ColorRGB
 90
-16777216
102
RTVSPost2010PropOp51
 70
     0
102
RTVSPost2010Prop52
140
1.0
102
RTVSPost2010PropOp52
 70
     0
102
RTVSPost2010Prop53
 90
        2
102
RTVSPost2010PropOp53
 70
     0
102
RTVSPost2010Prop54
  1
strokes_ogs.tif
102
RTVSPost2010PropOp54
 70
     0
102
RTVSPost2010Prop55
280
     0
102
RTVSPost2010PropOp55
 70
     0
102
RTVSPost2010Prop56
140
1.0
102
RTVSPost2010PropOp56
 70
     0
102
RTVSPost2010Prop57
140
1.0
102
RTVSPost2010PropOp57
 70
     0
  0
XRECORD
  5
446
102
{ACAD_REACTORS
330
445
102
}
330
445
100
AcDbXrecord
280
     1
102
RTVSPropertyOp0
 70
     1
102
RTVSPropertyOp1
 70
     1
102
RTVSPropertyOp2
 70
     1
102
RTVSPropertyOp3
 70
     1
102
RTVSPropertyOp4
 70
     1
102
RTVSPropertyOp5
 70
     1
102
RTVSPropertyOp6
 70
     1
102
RTVSPropertyOp7
 70
     1
102
RTVSPropertyOp8
 70
     1
102
RTVSPropertyOp9
 70
     1
102
RTVSPropertyOp10
 70
     1
102
RTVSPropertyOp11
 70
     1
102
RTVSPropertyOp12
 70
     1
102
RTVSPropertyOp13
 70
     1
102
RTVSPropertyOp14
 70
     1
102
RTVSPropertyOp15
 70
     1
102
RTVSPropertyOp16
 70
     1
102
RTVSPropertyOp17
 70
     1
102
RTVSPropertyOp18
 70
     1
102
RTVSPropertyOp19
 70
     1
102
RTVSPropertyOp20
 70
     1
102
RTVSPropertyOp21
 70
     1
102
RTVSPropertyOp22
 70
     1
102
RTVSPropertyOp23
 70
     1
102
RTVSPropertyOp24
 70
     1
102
RTVSPropertyOp25
 70
     1
102
RTVSPropertyOp26
 70
     1
102
RTVSPropertyOp27
 70
     1
102
RTVSPropertyOp28
 70
     1
102
RTVSPropertyOp29
 70
     1
102
RTVSPropertyOp30
 70
     1
102
RTVSPropertyOp31
 70
     1
102
RTVSPropertyOp32
 70
     1
102
RTVSPropertyOp33
 70
     1
102
RTVSPropertyOp34
 70
     1
102
RTVSPropertyOp35
 70
     1
102
RTVSPropertyOp36
 70
     1
102
RTVSPropertyOp37
 70
     1
102
RTVSPropertyOp38
 70
     1
102
RTVSPropertyOp39
 70
     1
102
RTVSPropertyOp40
 70
     1
102
RTVSPropertyOp41
 70
     1
102
RTVSPropertyOp42
 70
     1
102
RTVSPropertyOp43
 70
     1
102
RTVSPropertyOp44
 70
     1
102
RTVSPropertyOp45
 70
     1
102
RTVSPropertyOp46
 70
     1
102
RTVSPropertyOp47
 70
     1
102
RTVSPropertyOp48
 70
     1
102
RTVSPropertyOp49
 70
     1
102
RTVSPropertyOp50
 70
     1
102
RTVSPropertyOp51
 70
     0
102
RTVSPropertyOp52
 70
     0
102
RTVSPropertyOp53
 70
     1
102
RTVSPropertyOp54
 70
     1
102
RTVSPropertyOp55
 70
     1
102
RTVSPropertyOp56
 70
     1
102
RTVSPropertyOp57
 70
     1
102
RTVSPost2010Prop28
280
     0
102
RTVSPost2010PropOp28
 70
     1
102
RTVSPost2010Prop29
280
     1
102
RTVSPost2010PropOp29
 70
     1
102
RTVSPost2010Prop30
280
     1
102
RTVSPost2010PropOp30
 70
     1
102
RTVSPost2010Prop31
280
     0
102
RTVSPost2010PropOp31
 70
     1
102
RTVSPost2010Prop32
280
     0
102
RTVSPost2010PropOp32
 70
     1
102
RTVSPost2010Prop33
280
     0
102
RTVSPost2010PropOp33
 70
     1
102
RTVSPost2010Prop34
280
     0
102
RTVSPost2010PropOp34
 70
     1
102
RTVSPost2010Prop35
280
     0
102
RTVSPost2010PropOp35
 70
     1
102
RTVSPost2010Prop36
280
     0
102
RTVSPost2010PropOp36
 70
     1
102
RTVSPost2010Prop37
 90
       50
102
RTVSPost2010PropOp37
 70
     1
102
RTVSPost2010Prop38
140
0.0
102
RTVSPost2010PropOp38
 70
     1
102
RTVSPost2010Prop39
140
1.0
102
RTVSPost2010PropOp39
 70
     1
102
RTVSPost2010Prop40
 90
        0
102
RTVSPost2010PropOp40
 70
     1
102
RTVSPost2010Prop41ColorIndex
 90
       18
102
RTVSPost2010Prop41ColorRGB
 90
        0
102
RTVSPost2010PropOp41
 70
     1
102
RTVSPost2010Prop42
 90
       50
102
RTVSPost2010PropOp42
 70
     1
102
RTVSPost2010Prop43
 90
        3
102
RTVSPost2010PropOp43
 70
     1
102
RTVSPost2010Prop44ColorIndex
 90
        5
102
RTVSPost2010Prop44ColorRGB
 90
      255
102
RTVSPost2010PropOp44
 70
     1
102
RTVSPost2010Prop45
280
     0
102
RTVSPost2010PropOp45
 70
     1
102
RTVSPost2010Prop46
 90
       50
102
RTVSPost2010PropOp46
 70
     1
102
RTVSPost2010Prop47
 90
       50
102
RTVSPost2010PropOp47
 70
     1
102
RTVSPost2010Prop48
 90
       50
102
RTVSPost2010PropOp48
 70
     1
102
RTVSPost2010Prop49
280
     0
102
RTVSPost2010PropOp49
 70
     1
102
RTVSPost2010Prop50
 90
       50
102
RTVSPost2010PropOp50
 70
     1
102
RTVSPost2010Prop51ColorIndex
 90
      256
102
RTVSPost2010Prop51ColorRGB
 90
-16777216
102
RTVSPost2010PropOp51
 70
     0
102
RTVSPost2010Prop52
140
1.0
102
RTVSPost2010PropOp52
 70
     0
102
RTVSPost2010Prop53
 90
        2
102
RTVSPost2010PropOp53
 70
     1
102
RTVSPost2010Prop54
  1
strokes_ogs.tif
102
RTVSPost2010PropOp54
 70
     1
102
RTVSPost2010Prop55
280
     0
102
RTVSPost2010PropOp55
 70
     1
102
RTVSPost2010Prop56
140
1.0
102
RTVSPost2010PropOp56
 70
     1
102
RTVSPost2010Prop57
140
1.0
102
RTVSPost2010PropOp57
 70
     1
  0
XRECORD
  5
44E
102
{ACAD_REACTORS
330
44D
102
}
330
44D
100
AcDbXrecord
280
     1
102
RTVSPropertyOp0
 70
     0
102
RTVSPropertyOp1
 70
     0
102
RTVSPropertyOp2
 70
     0
102
RTVSPropertyOp3
 70
     0
102
RTVSPropertyOp4
 70
     0
102
RTVSPropertyOp5
 70
     0
102
RTVSPropertyOp6
 70
     0
102
RTVSPropertyOp7
 70
     0
102
RTVSPropertyOp8
 70
     0
102
RTVSPropertyOp9
 70
     0
102
RTVSPropertyOp10
 70
     0
102
RTVSPropertyOp11
 70
     0
102
RTVSPropertyOp12
 70
     0
102
RTVSPropertyOp13
 70
     0
102
RTVSPropertyOp14
 70
     2
102
RTVSPropertyOp15
 70
     0
102
RTVSPropertyOp16
 70
     0
102
RTVSPropertyOp17
 70
     0
102
RTVSPropertyOp18
 70
     0
102
RTVSPropertyOp19
 70
     0
102
RTVSPropertyOp20
 70
     0
102
RTVSPropertyOp21
 70
     0
102
RTVSPropertyOp22
 70
     0
102
RTVSPropertyOp23
 70
     0
102
RTVSPropertyOp24
 70
     0
102
RTVSPropertyOp25
 70
     0
102
RTVSPropertyOp26
 70
     0
102
RTVSPropertyOp27
 70
     0
102
RTVSPropertyOp28
 70
     0
102
RTVSPropertyOp29
 70
     0
102
RTVSPropertyOp30
 70
     0
102
RTVSPropertyOp31
 70
     0
102
RTVSPropertyOp32
 70
     0
102
RTVSPropertyOp33
 70
     0
102
RTVSPropertyOp34
 70
     0
102
RTVSPropertyOp35
 70
     0
102
RTVSPropertyOp36
 70
     0
102
RTVSPropertyOp37
 70
     0
102
RTVSPropertyOp38
 70
     0
102
RTVSPropertyOp39
 70
     0
102
RTVSPropertyOp40
 70
     0
102
RTVSPropertyOp41
 70
     0
102
RTVSPropertyOp42
 70
     0
102
RTVSPropertyOp43
 70
     0
102
RTVSPropertyOp44
 70
     0
102
RTVSPropertyOp45
 70
     0
102
RTVSPropertyOp46
 70
     0
102
RTVSPropertyOp47
 70
     0
102
RTVSPropertyOp48
 70
     0
102
RTVSPropertyOp49
 70
     0
102
RTVSPropertyOp50
 70
     0
102
RTVSPropertyOp51
 70
     0
102
RTVSPropertyOp52
 70
     0
102
RTVSPropertyOp53
 70
     0
102
RTVSPropertyOp54
 70
     0
102
RTVSPropertyOp55
 70
     0
102
RTVSPropertyOp56
 70
     0
102
RTVSPropertyOp57
 70
     0
102
RTVSPost2010Prop28
280
     0
102
RTVSPost2010PropOp28
 70
     0
102
RTVSPost2010Prop29
280
     1
102
RTVSPost2010PropOp29
 70
     0
102
RTVSPost2010Prop30
280
     1
102
RTVSPost2010PropOp30
 70
     0
102
RTVSPost2010Prop31
280
     0
102
RTVSPost2010PropOp31
 70
     0
102
RTVSPost2010Prop32
280
     0
102
RTVSPost2010PropOp32
 70
     0
102
RTVSPost2010Prop33
280
     0
102
RTVSPost2010PropOp33
 70
     0
102
RTVSPost2010Prop34
280
     0
102
RTVSPost2010PropOp34
 70
     0
102
RTVSPost2010Prop35
280
     0
102
RTVSPost2010PropOp35
 70
     0
102
RTVSPost2010Prop36
280
     0
102
RTVSPost2010PropOp36
 70
     0
102
RTVSPost2010Prop37
 90
       50
102
RTVSPost2010PropOp37
 70
     0
102
RTVSPost2010Prop38
140
0.0
102
RTVSPost2010PropOp38
 70
     0
102
RTVSPost2010Prop39
140
1.0
102
RTVSPost2010PropOp39
 70
     0
102
RTVSPost2010Prop40
 90
        0
102
RTVSPost2010PropOp40
 70
     0
102
RTVSPost2010Prop41ColorIndex
 90
       18
102
RTVSPost2010Prop41ColorRGB
 90
        0
102
RTVSPost2010PropOp41
 70
     0
102
RTVSPost2010Prop42
 90
       50
102
RTVSPost2010PropOp42
 70
     0
102
RTVSPost2010Prop43
 90
        3
102
RTVSPost2010PropOp43
 70
     0
102
RTVSPost2010Prop44ColorIndex
 90
        5
102
RTVSPost2010Prop44ColorRGB
 90
      255
102
RTVSPost2010PropOp44
 70
     0
102
RTVSPost2010Prop45
280
     0
102
RTVSPost2010PropOp45
 70
     0
102
RTVSPost2010Prop46
 90
       50
102
RTVSPost2010PropOp46
 70
     0
102
RTVSPost2010Prop47
 90
       50
102
RTVSPost2010PropOp47
 70
     0
102
RTVSPost2010Prop48
 90
       50
102
RTVSPost2010PropOp48
 70
     0
102
RTVSPost2010Prop49
280
     0
102
RTVSPost2010PropOp49
 70
     0
102
RTVSPost2010Prop50
 90
       50
102
RTVSPost2010PropOp50
 70
     0
102
RTVSPost2010Prop51ColorIndex
 90
      256
102
RTVSPost2010Prop51ColorRGB
 90
-16777216
102
RTVSPost2010PropOp51
 70
     0
102
RTVSPost2010Prop52
140
1.0
102
RTVSPost2010PropOp52
 70
     0
102
RTVSPost2010Prop53
 90
        2
102
RTVSPost2010PropOp53
 70
     0
102
RTVSPost2010Prop54
  1
strokes_ogs.tif
102
RTVSPost2010PropOp54
 70
     0
102
RTVSPost2010Prop55
280
     0
102
RTVSPost2010PropOp55
 70
     0
102
RTVSPost2010Prop56
140
1.0
102
RTVSPost2010PropOp56
 70
     0
102
RTVSPost2010Prop57
140
1.0
102
RTVSPost2010PropOp57
 70
     0
  0
XRECORD
  5
43C
102
{ACAD_REACTORS
330
43B
102
}
330
43B
100
AcDbXrecord
280
     1
102
RTVSPropertyOp0
 70
     1
102
RTVSPropertyOp1
 70
     1
102
RTVSPropertyOp2
 70
     1
102
RTVSPropertyOp3
 70
     1
102
RTVSPropertyOp4
 70
     1
102
RTVSPropertyOp5
 70
     1
102
RTVSPropertyOp6
 70
     1
102
RTVSPropertyOp7
 70
     1
102
RTVSPropertyOp8
 70
     1
102
RTVSPropertyOp9
 70
     1
102
RTVSPropertyOp10
 70
     1
102
RTVSPropertyOp11
 70
     1
102
RTVSPropertyOp12
 70
     1
102
RTVSPropertyOp13
 70
     1
102
RTVSPropertyOp14
 70
     1
102
RTVSPropertyOp15
 70
     1
102
RTVSPropertyOp16
 70
     1
102
RTVSPropertyOp17
 70
     1
102
RTVSPropertyOp18
 70
     1
102
RTVSPropertyOp19
 70
     1
102
RTVSPropertyOp20
 70
     1
102
RTVSPropertyOp21
 70
     1
102
RTVSPropertyOp22
 70
     1
102
RTVSPropertyOp23
 70
     1
102
RTVSPropertyOp24
 70
     1
102
RTVSPropertyOp25
 70
     1
102
RTVSPropertyOp26
 70
     1
102
RTVSPropertyOp27
 70
     1
102
RTVSPropertyOp28
 70
     1
102
RTVSPropertyOp29
 70
     1
102
RTVSPropertyOp30
 70
     1
102
RTVSPropertyOp31
 70
     1
102
RTVSPropertyOp32
 70
     1
102
RTVSPropertyOp33
 70
     1
102
RTVSPropertyOp34
 70
     1
102
RTVSPropertyOp35
 70
     1
102
RTVSPropertyOp36
 70
     1
102
RTVSPropertyOp37
 70
     1
102
RTVSPropertyOp38
 70
     1
102
RTVSPropertyOp39
 70
     1
102
RTVSPropertyOp40
 70
     1
102
RTVSPropertyOp41
 70
     1
102
RTVSPropertyOp42
 70
     1
102
RTVSPropertyOp43
 70
     1
102
RTVSPropertyOp44
 70
     1
102
RTVSPropertyOp45
 70
     1
102
RTVSPropertyOp46
 70
     1
102
RTVSPropertyOp47
 70
     1
102
RTVSPropertyOp48
 70
     1
102
RTVSPropertyOp49
 70
     1
102
RTVSPropertyOp50
 70
     1
102
RTVSPropertyOp51
 70
     0
102
RTVSPropertyOp52
 70
     0
102
RTVSPropertyOp53
 70
     1
102
RTVSPropertyOp54
 70
     1
102
RTVSPropertyOp55
 70
     1
102
RTVSPropertyOp56
 70
     1
102
RTVSPropertyOp57
 70
     1
102
RTVSPost2010Prop28
280
     0
102
RTVSPost2010PropOp28
 70
     1
102
RTVSPost2010Prop29
280
     1
102
RTVSPost2010PropOp29
 70
     1
102
RTVSPost2010Prop30
280
     1
102
RTVSPost2010PropOp30
 70
     1
102
RTVSPost2010Prop31
280
     0
102
RTVSPost2010PropOp31
 70
     1
102
RTVSPost2010Prop32
280
     0
102
RTVSPost2010PropOp32
 70
     1
102
RTVSPost2010Prop33
280
     0
102
RTVSPost2010PropOp33
 70
     1
102
RTVSPost2010Prop34
280
     0
102
RTVSPost2010PropOp34
 70
     1
102
RTVSPost2010Prop35
280
     0
102
RTVSPost2010PropOp35
 70
     1
102
RTVSPost2010Prop36
280
     0
102
RTVSPost2010PropOp36
 70
     1
102
RTVSPost2010Prop37
 90
       50
102
RTVSPost2010PropOp37
 70
     1
102
RTVSPost2010Prop38
140
0.0
102
RTVSPost2010PropOp38
 70
     1
102
RTVSPost2010Prop39
140
1.0
102
RTVSPost2010PropOp39
 70
     1
102
RTVSPost2010Prop40
 90
        0
102
RTVSPost2010PropOp40
 70
     1
102
RTVSPost2010Prop41ColorIndex
 90
       18
102
RTVSPost2010Prop41ColorRGB
 90
        0
102
RTVSPost2010PropOp41
 70
     1
102
RTVSPost2010Prop42
 90
       50
102
RTVSPost2010PropOp42
 70
     1
102
RTVSPost2010Prop43
 90
        3
102
RTVSPost2010PropOp43
 70
     1
102
RTVSPost2010Prop44ColorIndex
 90
        5
102
RTVSPost2010Prop44ColorRGB
 90
      255
102
RTVSPost2010PropOp44
 70
     1
102
RTVSPost2010Prop45
280
     0
102
RTVSPost2010PropOp45
 70
     1
102
RTVSPost2010Prop46
 90
       50
102
RTVSPost2010PropOp46
 70
     1
102
RTVSPost2010Prop47
 90
       50
102
RTVSPost2010PropOp47
 70
     1
102
RTVSPost2010Prop48
 90
       50
102
RTVSPost2010PropOp48
 70
     1
102
RTVSPost2010Prop49
280
     0
102
RTVSPost2010PropOp49
 70
     1
102
RTVSPost2010Prop50
 90
       50
102
RTVSPost2010PropOp50
 70
     1
102
RTVSPost2010Prop51ColorIndex
 90
      256
102
RTVSPost2010Prop51ColorRGB
 90
-16777216
102
RTVSPost2010PropOp51
 70
     0
102
RTVSPost2010Prop52
140
1.0
102
RTVSPost2010PropOp52
 70
     0
102
RTVSPost2010Prop53
 90
        2
102
RTVSPost2010PropOp53
 70
     1
102
RTVSPost2010Prop54
  1
strokes_ogs.tif
102
RTVSPost2010PropOp54
 70
     1
102
RTVSPost2010Prop55
280
     0
102
RTVSPost2010PropOp55
 70
     1
102
RTVSPost2010Prop56
140
1.0
102
RTVSPost2010PropOp56
 70
     1
102
RTVSPost2010Prop57
140
1.0
102
RTVSPost2010PropOp57
 70
     1
  0
XRECORD
  5
45A
102
{ACAD_REACTORS
330
459
102
}
330
459
100
AcDbXrecord
280
     1
102
RTVSPropertyOp0
 70
     1
102
RTVSPropertyOp1
 70
     1
102
RTVSPropertyOp2
 70
     1
102
RTVSPropertyOp3
 70
     1
102
RTVSPropertyOp4
 70
     1
102
RTVSPropertyOp5
 70
     1
102
RTVSPropertyOp6
 70
     1
102
RTVSPropertyOp7
 70
     1
102
RTVSPropertyOp8
 70
     1
102
RTVSPropertyOp9
 70
     1
102
RTVSPropertyOp10
 70
     1
102
RTVSPropertyOp11
 70
     1
102
RTVSPropertyOp12
 70
     1
102
RTVSPropertyOp13
 70
     1
102
RTVSPropertyOp14
 70
     1
102
RTVSPropertyOp15
 70
     1
102
RTVSPropertyOp16
 70
     1
102
RTVSPropertyOp17
 70
     1
102
RTVSPropertyOp18
 70
     1
102
RTVSPropertyOp19
 70
     1
102
RTVSPropertyOp20
 70
     1
102
RTVSPropertyOp21
 70
     1
102
RTVSPropertyOp22
 70
     1
102
RTVSPropertyOp23
 70
     1
102
RTVSPropertyOp24
 70
     1
102
RTVSPropertyOp25
 70
     1
102
RTVSPropertyOp26
 70
     1
102
RTVSPropertyOp27
 70
     1
102
RTVSPropertyOp28
 70
     1
102
RTVSPropertyOp29
 70
     1
102
RTVSPropertyOp30
 70
     1
102
RTVSPropertyOp31
 70
     1
102
RTVSPropertyOp32
 70
     1
102
RTVSPropertyOp33
 70
     1
102
RTVSPropertyOp34
 70
     1
102
RTVSPropertyOp35
 70
     1
102
RTVSPropertyOp36
 70
     1
102
RTVSPropertyOp37
 70
     1
102
RTVSPropertyOp38
 70
     1
102
RTVSPropertyOp39
 70
     1
102
RTVSPropertyOp40
 70
     1
102
RTVSPropertyOp41
 70
     1
102
RTVSPropertyOp42
 70
     1
102
RTVSPropertyOp43
 70
     1
102
RTVSPropertyOp44
 70
     1
102
RTVSPropertyOp45
 70
     1
102
RTVSPropertyOp46
 70
     1
102
RTVSPropertyOp47
 70
     1
102
RTVSPropertyOp48
 70
     1
102
RTVSPropertyOp49
 70
     1
102
RTVSPropertyOp50
 70
     1
102
RTVSPropertyOp51
 70
     0
102
RTVSPropertyOp52
 70
     0
102
RTVSPropertyOp53
 70
     1
102
RTVSPropertyOp54
 70
     1
102
RTVSPropertyOp55
 70
     1
102
RTVSPropertyOp56
 70
     1
102
RTVSPropertyOp57
 70
     1
102
RTVSPost2010Prop28
280
     0
102
RTVSPost2010PropOp28
 70
     1
102
RTVSPost2010Prop29
280
     1
102
RTVSPost2010PropOp29
 70
     1
102
RTVSPost2010Prop30
280
     1
102
RTVSPost2010PropOp30
 70
     1
102
RTVSPost2010Prop31
280
     0
102
RTVSPost2010PropOp31
 70
     1
102
RTVSPost2010Prop32
280
     0
102
RTVSPost2010PropOp32
 70
     1
102
RTVSPost2010Prop33
280
     0
102
RTVSPost2010PropOp33
 70
     1
102
RTVSPost2010Prop34
280
     0
102
RTVSPost2010PropOp34
 70
     1
102
RTVSPost2010Prop35
280
     0
102
RTVSPost2010PropOp35
 70
     1
102
RTVSPost2010Prop36
280
     0
102
RTVSPost2010PropOp36
 70
     1
102
RTVSPost2010Prop37
 90
       50
102
RTVSPost2010PropOp37
 70
     1
102
RTVSPost2010Prop38
140
0.0
102
RTVSPost2010PropOp38
 70
     1
102
RTVSPost2010Prop39
140
1.0
102
RTVSPost2010PropOp39
 70
     1
102
RTVSPost2010Prop40
 90
        0
102
RTVSPost2010PropOp40
 70
     1
102
RTVSPost2010Prop41ColorIndex
 90
       18
102
RTVSPost2010Prop41ColorRGB
 90
        0
102
RTVSPost2010PropOp41
 70
     1
102
RTVSPost2010Prop42
 90
       50
102
RTVSPost2010PropOp42
 70
     1
102
RTVSPost2010Prop43
 90
        3
102
RTVSPost2010PropOp43
 70
     1
102
RTVSPost2010Prop44ColorIndex
 90
        5
102
RTVSPost2010Prop44ColorRGB
 90
      255
102
RTVSPost2010PropOp44
 70
     1
102
RTVSPost2010Prop45
280
     0
102
RTVSPost2010PropOp45
 70
     1
102
RTVSPost2010Prop46
 90
       50
102
RTVSPost2010PropOp46
 70
     1
102
RTVSPost2010Prop47
 90
       50
102
RTVSPost2010PropOp47
 70
     1
102
RTVSPost2010Prop48
 90
       50
102
RTVSPost2010PropOp48
 70
     1
102
RTVSPost2010Prop49
280
     0
102
RTVSPost2010PropOp49
 70
     1
102
RTVSPost2010Prop50
 90
       50
102
RTVSPost2010PropOp50
 70
     1
102
RTVSPost2010Prop51ColorIndex
 90
      256
102
RTVSPost2010Prop51ColorRGB
 90
-16777216
102
RTVSPost2010PropOp51
 70
     0
102
RTVSPost2010Prop52
140
1.0
102
RTVSPost2010PropOp52
 70
     0
102
RTVSPost2010Prop53
 90
        2
102
RTVSPost2010PropOp53
 70
     1
102
RTVSPost2010Prop54
  1
strokes_ogs.tif
102
RTVSPost2010PropOp54
 70
     1
102
RTVSPost2010Prop55
280
     0
102
RTVSPost2010PropOp55
 70
     1
102
RTVSPost2010Prop56
140
1.0
102
RTVSPost2010PropOp56
 70
     1
102
RTVSPost2010Prop57
140
1.0
102
RTVSPost2010PropOp57
 70
     1
  0
XRECORD
  5
458
102
{ACAD_REACTORS
330
457
102
}
330
457
100
AcDbXrecord
280
     1
102
RTVSPropertyOp0
 70
     1
102
RTVSPropertyOp1
 70
     1
102
RTVSPropertyOp2
 70
     1
102
RTVSPropertyOp3
 70
     1
102
RTVSPropertyOp4
 70
     1
102
RTVSPropertyOp5
 70
     1
102
RTVSPropertyOp6
 70
     1
102
RTVSPropertyOp7
 70
     1
102
RTVSPropertyOp8
 70
     1
102
RTVSPropertyOp9
 70
     1
102
RTVSPropertyOp10
 70
     1
102
RTVSPropertyOp11
 70
     1
102
RTVSPropertyOp12
 70
     1
102
RTVSPropertyOp13
 70
     1
102
RTVSPropertyOp14
 70
     1
102
RTVSPropertyOp15
 70
     1
102
RTVSPropertyOp16
 70
     1
102
RTVSPropertyOp17
 70
     1
102
RTVSPropertyOp18
 70
     1
102
RTVSPropertyOp19
 70
     1
102
RTVSPropertyOp20
 70
     1
102
RTVSPropertyOp21
 70
     1
102
RTVSPropertyOp22
 70
     1
102
RTVSPropertyOp23
 70
     1
102
RTVSPropertyOp24
 70
     1
102
RTVSPropertyOp25
 70
     1
102
RTVSPropertyOp26
 70
     1
102
RTVSPropertyOp27
 70
     1
102
RTVSPropertyOp28
 70
     1
102
RTVSPropertyOp29
 70
     1
102
RTVSPropertyOp30
 70
     1
102
RTVSPropertyOp31
 70
     1
102
RTVSPropertyOp32
 70
     1
102
RTVSPropertyOp33
 70
     1
102
RTVSPropertyOp34
 70
     1
102
RTVSPropertyOp35
 70
     1
102
RTVSPropertyOp36
 70
     1
102
RTVSPropertyOp37
 70
     1
102
RTVSPropertyOp38
 70
     1
102
RTVSPropertyOp39
 70
     1
102
RTVSPropertyOp40
 70
     1
102
RTVSPropertyOp41
 70
     1
102
RTVSPropertyOp42
 70
     1
102
RTVSPropertyOp43
 70
     1
102
RTVSPropertyOp44
 70
     1
102
RTVSPropertyOp45
 70
     1
102
RTVSPropertyOp46
 70
     1
102
RTVSPropertyOp47
 70
     1
102
RTVSPropertyOp48
 70
     1
102
RTVSPropertyOp49
 70
     1
102
RTVSPropertyOp50
 70
     1
102
RTVSPropertyOp51
 70
     0
102
RTVSPropertyOp52
 70
     0
102
RTVSPropertyOp53
 70
     1
102
RTVSPropertyOp54
 70
     1
102
RTVSPropertyOp55
 70
     1
102
RTVSPropertyOp56
 70
     1
102
RTVSPropertyOp57
 70
     1
102
RTVSPost2010Prop28
280
     0
102
RTVSPost2010PropOp28
 70
     1
102
RTVSPost2010Prop29
280
     1
102
RTVSPost2010PropOp29
 70
     1
102
RTVSPost2010Prop30
280
     1
102
RTVSPost2010PropOp30
 70
     1
102
RTVSPost2010Prop31
280
     0
102
RTVSPost2010PropOp31
 70
     1
102
RTVSPost2010Prop32
280
     0
102
RTVSPost2010PropOp32
 70
     1
102
RTVSPost2010Prop33
280
     0
102
RTVSPost2010PropOp33
 70
     1
102
RTVSPost2010Prop34
280
     0
102
RTVSPost2010PropOp34
 70
     1
102
RTVSPost2010Prop35
280
     0
102
RTVSPost2010PropOp35
 70
     1
102
RTVSPost2010Prop36
280
     0
102
RTVSPost2010PropOp36
 70
     1
102
RTVSPost2010Prop37
 90
       50
102
RTVSPost2010PropOp37
 70
     1
102
RTVSPost2010Prop38
140
0.0
102
RTVSPost2010PropOp38
 70
     1
102
RTVSPost2010Prop39
140
1.0
102
RTVSPost2010PropOp39
 70
     1
102
RTVSPost2010Prop40
 90
        0
102
RTVSPost2010PropOp40
 70
     1
102
RTVSPost2010Prop41ColorIndex
 90
       18
102
RTVSPost2010Prop41ColorRGB
 90
        0
102
RTVSPost2010PropOp41
 70
     1
102
RTVSPost2010Prop42
 90
       50
102
RTVSPost2010PropOp42
 70
     1
102
RTVSPost2010Prop43
 90
        3
102
RTVSPost2010PropOp43
 70
     1
102
RTVSPost2010Prop44ColorIndex
 90
        5
102
RTVSPost2010Prop44ColorRGB
 90
      255
102
RTVSPost2010PropOp44
 70
     1
102
RTVSPost2010Prop45
280
     0
102
RTVSPost2010PropOp45
 70
     1
102
RTVSPost2010Prop46
 90
       50
102
RTVSPost2010PropOp46
 70
     1
102
RTVSPost2010Prop47
 90
       50
102
RTVSPost2010PropOp47
 70
     1
102
RTVSPost2010Prop48
 90
       50
102
RTVSPost2010PropOp48
 70
     1
102
RTVSPost2010Prop49
280
     0
102
RTVSPost2010PropOp49
 70
     1
102
RTVSPost2010Prop50
 90
       50
102
RTVSPost2010PropOp50
 70
     1
102
RTVSPost2010Prop51ColorIndex
 90
      256
102
RTVSPost2010Prop51ColorRGB
 90
-16777216
102
RTVSPost2010PropOp51
 70
     0
102
RTVSPost2010Prop52
140
1.0
102
RTVSPost2010PropOp52
 70
     0
102
RTVSPost2010Prop53
 90
        2
102
RTVSPost2010PropOp53
 70
     1
102
RTVSPost2010Prop54
  1
strokes_ogs.tif
102
RTVSPost2010PropOp54
 70
     1
102
RTVSPost2010Prop55
280
     0
102
RTVSPost2010PropOp55
 70
     1
102
RTVSPost2010Prop56
140
1.0
102
RTVSPost2010PropOp56
 70
     1
102
RTVSPost2010Prop57
140
1.0
102
RTVSPost2010PropOp57
 70
     1
  0
XRECORD
  5
452
102
{ACAD_REACTORS
330
451
102
}
330
451
100
AcDbXrecord
280
     1
102
RTVSPropertyOp0
 70
     1
102
RTVSPropertyOp1
 70
     1
102
RTVSPropertyOp2
 70
     1
102
RTVSPropertyOp3
 70
     1
102
RTVSPropertyOp4
 70
     1
102
RTVSPropertyOp5
 70
     1
102
RTVSPropertyOp6
 70
     1
102
RTVSPropertyOp7
 70
     1
102
RTVSPropertyOp8
 70
     1
102
RTVSPropertyOp9
 70
     1
102
RTVSPropertyOp10
 70
     1
102
RTVSPropertyOp11
 70
     1
102
RTVSPropertyOp12
 70
     1
102
RTVSPropertyOp13
 70
     1
102
RTVSPropertyOp14
 70
     1
102
RTVSPropertyOp15
 70
     1
102
RTVSPropertyOp16
 70
     1
102
RTVSPropertyOp17
 70
     1
102
RTVSPropertyOp18
 70
     1
102
RTVSPropertyOp19
 70
     1
102
RTVSPropertyOp20
 70
     1
102
RTVSPropertyOp21
 70
     1
102
RTVSPropertyOp22
 70
     1
102
RTVSPropertyOp23
 70
     1
102
RTVSPropertyOp24
 70
     1
102
RTVSPropertyOp25
 70
     1
102
RTVSPropertyOp26
 70
     1
102
RTVSPropertyOp27
 70
     1
102
RTVSPropertyOp28
 70
     1
102
RTVSPropertyOp29
 70
     1
102
RTVSPropertyOp30
 70
     1
102
RTVSPropertyOp31
 70
     1
102
RTVSPropertyOp32
 70
     1
102
RTVSPropertyOp33
 70
     1
102
RTVSPropertyOp34
 70
     1
102
RTVSPropertyOp35
 70
     1
102
RTVSPropertyOp36
 70
     1
102
RTVSPropertyOp37
 70
     1
102
RTVSPropertyOp38
 70
     1
102
RTVSPropertyOp39
 70
     1
102
RTVSPropertyOp40
 70
     1
102
RTVSPropertyOp41
 70
     1
102
RTVSPropertyOp42
 70
     1
102
RTVSPropertyOp43
 70
     1
102
RTVSPropertyOp44
 70
     1
102
RTVSPropertyOp45
 70
     1
102
RTVSPropertyOp46
 70
     1
102
RTVSPropertyOp47
 70
     1
102
RTVSPropertyOp48
 70
     1
102
RTVSPropertyOp49
 70
     1
102
RTVSPropertyOp50
 70
     1
102
RTVSPropertyOp51
 70
     0
102
RTVSPropertyOp52
 70
     0
102
RTVSPropertyOp53
 70
     1
102
RTVSPropertyOp54
 70
     1
102
RTVSPropertyOp55
 70
     1
102
RTVSPropertyOp56
 70
     1
102
RTVSPropertyOp57
 70
     1
102
RTVSPost2010Prop28
280
     0
102
RTVSPost2010PropOp28
 70
     1
102
RTVSPost2010Prop29
280
     1
102
RTVSPost2010PropOp29
 70
     1
102
RTVSPost2010Prop30
280
     1
102
RTVSPost2010PropOp30
 70
     1
102
RTVSPost2010Prop31
280
     0
102
RTVSPost2010PropOp31
 70
     1
102
RTVSPost2010Prop32
280
     0
102
RTVSPost2010PropOp32
 70
     1
102
RTVSPost2010Prop33
280
     0
102
RTVSPost2010PropOp33
 70
     1
102
RTVSPost2010Prop34
280
     0
102
RTVSPost2010PropOp34
 70
     1
102
RTVSPost2010Prop35
280
     0
102
RTVSPost2010PropOp35
 70
     1
102
RTVSPost2010Prop36
280
     0
102
RTVSPost2010PropOp36
 70
     1
102
RTVSPost2010Prop37
 90
       50
102
RTVSPost2010PropOp37
 70
     1
102
RTVSPost2010Prop38
140
0.0
102
RTVSPost2010PropOp38
 70
     1
102
RTVSPost2010Prop39
140
1.0
102
RTVSPost2010PropOp39
 70
     1
102
RTVSPost2010Prop40
 90
        0
102
RTVSPost2010PropOp40
 70
     1
102
RTVSPost2010Prop41ColorIndex
 90
       18
102
RTVSPost2010Prop41ColorRGB
 90
        0
102
RTVSPost2010PropOp41
 70
     1
102
RTVSPost2010Prop42
 90
       50
102
RTVSPost2010PropOp42
 70
     1
102
RTVSPost2010Prop43
 90
        3
102
RTVSPost2010PropOp43
 70
     1
102
RTVSPost2010Prop44ColorIndex
 90
        5
102
RTVSPost2010Prop44ColorRGB
 90
      255
102
RTVSPost2010PropOp44
 70
     1
102
RTVSPost2010Prop45
280
     0
102
RTVSPost2010PropOp45
 70
     1
102
RTVSPost2010Prop46
 90
       50
102
RTVSPost2010PropOp46
 70
     1
102
RTVSPost2010Prop47
 90
       50
102
RTVSPost2010PropOp47
 70
     1
102
RTVSPost2010Prop48
 90
       50
102
RTVSPost2010PropOp48
 70
     1
102
RTVSPost2010Prop49
280
     0
102
RTVSPost2010PropOp49
 70
     1
102
RTVSPost2010Prop50
 90
       50
102
RTVSPost2010PropOp50
 70
     1
102
RTVSPost2010Prop51ColorIndex
 90
      256
102
RTVSPost2010Prop51ColorRGB
 90
-16777216
102
RTVSPost2010PropOp51
 70
     0
102
RTVSPost2010Prop52
140
1.0
102
RTVSPost2010PropOp52
 70
     0
102
RTVSPost2010Prop53
 90
        2
102
RTVSPost2010PropOp53
 70
     1
102
RTVSPost2010Prop54
  1
strokes_ogs.tif
102
RTVSPost2010PropOp54
 70
     1
102
RTVSPost2010Prop55
280
     0
102
RTVSPost2010PropOp55
 70
     1
102
RTVSPost2010Prop56
140
1.0
102
RTVSPost2010PropOp56
 70
     1
102
RTVSPost2010Prop57
140
1.0
102
RTVSPost2010PropOp57
 70
     1
  0
XRECORD
  5
454
102
{ACAD_REACTORS
330
453
102
}
330
453
100
AcDbXrecord
280
     1
102
RTVSPropertyOp0
 70
     1
102
RTVSPropertyOp1
 70
     1
102
RTVSPropertyOp2
 70
     1
102
RTVSPropertyOp3
 70
     1
102
RTVSPropertyOp4
 70
     1
102
RTVSPropertyOp5
 70
     1
102
RTVSPropertyOp6
 70
     1
102
RTVSPropertyOp7
 70
     1
102
RTVSPropertyOp8
 70
     1
102
RTVSPropertyOp9
 70
     1
102
RTVSPropertyOp10
 70
     1
102
RTVSPropertyOp11
 70
     1
102
RTVSPropertyOp12
 70
     1
102
RTVSPropertyOp13
 70
     1
102
RTVSPropertyOp14
 70
     1
102
RTVSPropertyOp15
 70
     1
102
RTVSPropertyOp16
 70
     1
102
RTVSPropertyOp17
 70
     1
102
RTVSPropertyOp18
 70
     1
102
RTVSPropertyOp19
 70
     1
102
RTVSPropertyOp20
 70
     1
102
RTVSPropertyOp21
 70
     1
102
RTVSPropertyOp22
 70
     1
102
RTVSPropertyOp23
 70
     1
102
RTVSPropertyOp24
 70
     1
102
RTVSPropertyOp25
 70
     1
102
RTVSPropertyOp26
 70
     1
102
RTVSPropertyOp27
 70
     1
102
RTVSPropertyOp28
 70
     1
102
RTVSPropertyOp29
 70
     1
102
RTVSPropertyOp30
 70
     1
102
RTVSPropertyOp31
 70
     1
102
RTVSPropertyOp32
 70
     1
102
RTVSPropertyOp33
 70
     1
102
RTVSPropertyOp34
 70
     1
102
RTVSPropertyOp35
 70
     1
102
RTVSPropertyOp36
 70
     1
102
RTVSPropertyOp37
 70
     1
102
RTVSPropertyOp38
 70
     1
102
RTVSPropertyOp39
 70
     1
102
RTVSPropertyOp40
 70
     1
102
RTVSPropertyOp41
 70
     1
102
RTVSPropertyOp42
 70
     1
102
RTVSPropertyOp43
 70
     1
102
RTVSPropertyOp44
 70
     1
102
RTVSPropertyOp45
 70
     1
102
RTVSPropertyOp46
 70
     1
102
RTVSPropertyOp47
 70
     1
102
RTVSPropertyOp48
 70
     1
102
RTVSPropertyOp49
 70
     1
102
RTVSPropertyOp50
 70
     1
102
RTVSPropertyOp51
 70
     0
102
RTVSPropertyOp52
 70
     0
102
RTVSPropertyOp53
 70
     1
102
RTVSPropertyOp54
 70
     1
102
RTVSPropertyOp55
 70
     1
102
RTVSPropertyOp56
 70
     1
102
RTVSPropertyOp57
 70
     1
102
RTVSPost2010Prop28
280
     0
102
RTVSPost2010PropOp28
 70
     1
102
RTVSPost2010Prop29
280
     1
102
RTVSPost2010PropOp29
 70
     1
102
RTVSPost2010Prop30
280
     1
102
RTVSPost2010PropOp30
 70
     1
102
RTVSPost2010Prop31
280
     0
102
RTVSPost2010PropOp31
 70
     1
102
RTVSPost2010Prop32
280
     0
102
RTVSPost2010PropOp32
 70
     1
102
RTVSPost2010Prop33
280
     0
102
RTVSPost2010PropOp33
 70
     1
102
RTVSPost2010Prop34
280
     0
102
RTVSPost2010PropOp34
 70
     1
102
RTVSPost2010Prop35
280
     0
102
RTVSPost2010PropOp35
 70
     1
102
RTVSPost2010Prop36
280
     0
102
RTVSPost2010PropOp36
 70
     1
102
RTVSPost2010Prop37
 90
       50
102
RTVSPost2010PropOp37
 70
     1
102
RTVSPost2010Prop38
140
0.0
102
RTVSPost2010PropOp38
 70
     1
102
RTVSPost2010Prop39
140
1.0
102
RTVSPost2010PropOp39
 70
     1
102
RTVSPost2010Prop40
 90
        0
102
RTVSPost2010PropOp40
 70
     1
102
RTVSPost2010Prop41ColorIndex
 90
       18
102
RTVSPost2010Prop41ColorRGB
 90
        0
102
RTVSPost2010PropOp41
 70
     1
102
RTVSPost2010Prop42
 90
       50
102
RTVSPost2010PropOp42
 70
     1
102
RTVSPost2010Prop43
 90
        3
102
RTVSPost2010PropOp43
 70
     1
102
RTVSPost2010Prop44ColorIndex
 90
        5
102
RTVSPost2010Prop44ColorRGB
 90
      255
102
RTVSPost2010PropOp44
 70
     1
102
RTVSPost2010Prop45
280
     0
102
RTVSPost2010PropOp45
 70
     1
102
RTVSPost2010Prop46
 90
       50
102
RTVSPost2010PropOp46
 70
     1
102
RTVSPost2010Prop47
 90
       50
102
RTVSPost2010PropOp47
 70
     1
102
RTVSPost2010Prop48
 90
       50
102
RTVSPost2010PropOp48
 70
     1
102
RTVSPost2010Prop49
280
     0
102
RTVSPost2010PropOp49
 70
     1
102
RTVSPost2010Prop50
 90
       50
102
RTVSPost2010PropOp50
 70
     1
102
RTVSPost2010Prop51ColorIndex
 90
      256
102
RTVSPost2010Prop51ColorRGB
 90
-16777216
102
RTVSPost2010PropOp51
 70
     0
102
RTVSPost2010Prop52
140
1.0
102
RTVSPost2010PropOp52
 70
     0
102
RTVSPost2010Prop53
 90
        2
102
RTVSPost2010PropOp53
 70
     1
102
RTVSPost2010Prop54
  1
strokes_ogs.tif
102
RTVSPost2010PropOp54
 70
     1
102
RTVSPost2010Prop55
280
     0
102
RTVSPost2010PropOp55
 70
     1
102
RTVSPost2010Prop56
140
1.0
102
RTVSPost2010PropOp56
 70
     1
102
RTVSPost2010Prop57
140
1.0
102
RTVSPost2010PropOp57
 70
     1
  0
XRECORD
  5
444
102
{ACAD_REACTORS
330
443
102
}
330
443
100
AcDbXrecord
280
     1
102
RTVSPropertyOp0
 70
     1
102
RTVSPropertyOp1
 70
     1
102
RTVSPropertyOp2
 70
     1
102
RTVSPropertyOp3
 70
     1
102
RTVSPropertyOp4
 70
     1
102
RTVSPropertyOp5
 70
     1
102
RTVSPropertyOp6
 70
     1
102
RTVSPropertyOp7
 70
     1
102
RTVSPropertyOp8
 70
     1
102
RTVSPropertyOp9
 70
     1
102
RTVSPropertyOp10
 70
     1
102
RTVSPropertyOp11
 70
     1
102
RTVSPropertyOp12
 70
     1
102
RTVSPropertyOp13
 70
     1
102
RTVSPropertyOp14
 70
     1
102
RTVSPropertyOp15
 70
     1
102
RTVSPropertyOp16
 70
     1
102
RTVSPropertyOp17
 70
     1
102
RTVSPropertyOp18
 70
     1
102
RTVSPropertyOp19
 70
     1
102
RTVSPropertyOp20
 70
     1
102
RTVSPropertyOp21
 70
     1
102
RTVSPropertyOp22
 70
     1
102
RTVSPropertyOp23
 70
     1
102
RTVSPropertyOp24
 70
     1
102
RTVSPropertyOp25
 70
     1
102
RTVSPropertyOp26
 70
     1
102
RTVSPropertyOp27
 70
     1
102
RTVSPropertyOp28
 70
     1
102
RTVSPropertyOp29
 70
     1
102
RTVSPropertyOp30
 70
     1
102
RTVSPropertyOp31
 70
     1
102
RTVSPropertyOp32
 70
     1
102
RTVSPropertyOp33
 70
     1
102
RTVSPropertyOp34
 70
     1
102
RTVSPropertyOp35
 70
     1
102
RTVSPropertyOp36
 70
     1
102
RTVSPropertyOp37
 70
     1
102
RTVSPropertyOp38
 70
     1
102
RTVSPropertyOp39
 70
     1
102
RTVSPropertyOp40
 70
     1
102
RTVSPropertyOp41
 70
     1
102
RTVSPropertyOp42
 70
     1
102
RTVSPropertyOp43
 70
     1
102
RTVSPropertyOp44
 70
     1
102
RTVSPropertyOp45
 70
     1
102
RTVSPropertyOp46
 70
     1
102
RTVSPropertyOp47
 70
     1
102
RTVSPropertyOp48
 70
     1
102
RTVSPropertyOp49
 70
     1
102
RTVSPropertyOp50
 70
     1
102
RTVSPropertyOp51
 70
     0
102
RTVSPropertyOp52
 70
     0
102
RTVSPropertyOp53
 70
     1
102
RTVSPropertyOp54
 70
     1
102
RTVSPropertyOp55
 70
     1
102
RTVSPropertyOp56
 70
     1
102
RTVSPropertyOp57
 70
     1
102
RTVSPost2010Prop28
280
     0
102
RTVSPost2010PropOp28
 70
     1
102
RTVSPost2010Prop29
280
     1
102
RTVSPost2010PropOp29
 70
     1
102
RTVSPost2010Prop30
280
     1
102
RTVSPost2010PropOp30
 70
     1
102
RTVSPost2010Prop31
280
     0
102
RTVSPost2010PropOp31
 70
     1
102
RTVSPost2010Prop32
280
     0
102
RTVSPost2010PropOp32
 70
     1
102
RTVSPost2010Prop33
280
     0
102
RTVSPost2010PropOp33
 70
     1
102
RTVSPost2010Prop34
280
     0
102
RTVSPost2010PropOp34
 70
     1
102
RTVSPost2010Prop35
280
     0
102
RTVSPost2010PropOp35
 70
     1
102
RTVSPost2010Prop36
280
     0
102
RTVSPost2010PropOp36
 70
     1
102
RTVSPost2010Prop37
 90
       50
102
RTVSPost2010PropOp37
 70
     1
102
RTVSPost2010Prop38
140
0.0
102
RTVSPost2010PropOp38
 70
     1
102
RTVSPost2010Prop39
140
1.0
102
RTVSPost2010PropOp39
 70
     1
102
RTVSPost2010Prop40
 90
        0
102
RTVSPost2010PropOp40
 70
     1
102
RTVSPost2010Prop41ColorIndex
 90
       18
102
RTVSPost2010Prop41ColorRGB
 90
        0
102
RTVSPost2010PropOp41
 70
     1
102
RTVSPost2010Prop42
 90
       50
102
RTVSPost2010PropOp42
 70
     1
102
RTVSPost2010Prop43
 90
        3
102
RTVSPost2010PropOp43
 70
     1
102
RTVSPost2010Prop44ColorIndex
 90
        5
102
RTVSPost2010Prop44ColorRGB
 90
      255
102
RTVSPost2010PropOp44
 70
     1
102
RTVSPost2010Prop45
280
     0
102
RTVSPost2010PropOp45
 70
     1
102
RTVSPost2010Prop46
 90
       50
102
RTVSPost2010PropOp46
 70
     1
102
RTVSPost2010Prop47
 90
       50
102
RTVSPost2010PropOp47
 70
     1
102
RTVSPost2010Prop48
 90
       50
102
RTVSPost2010PropOp48
 70
     1
102
RTVSPost2010Prop49
280
     0
102
RTVSPost2010PropOp49
 70
     1
102
RTVSPost2010Prop50
 90
       50
102
RTVSPost2010PropOp50
 70
     1
102
RTVSPost2010Prop51ColorIndex
 90
      256
102
RTVSPost2010Prop51ColorRGB
 90
-16777216
102
RTVSPost2010PropOp51
 70
     0
102
RTVSPost2010Prop52
140
1.0
102
RTVSPost2010PropOp52
 70
     0
102
RTVSPost2010Prop53
 90
        2
102
RTVSPost2010PropOp53
 70
     1
102
RTVSPost2010Prop54
  1
strokes_ogs.tif
102
RTVSPost2010PropOp54
 70
     1
102
RTVSPost2010Prop55
280
     0
102
RTVSPost2010PropOp55
 70
     1
102
RTVSPost2010Prop56
140
1.0
102
RTVSPost2010PropOp56
 70
     1
102
RTVSPost2010Prop57
140
1.0
102
RTVSPost2010PropOp57
 70
     1
  0
XRECORD
  5
436
102
{ACAD_REACTORS
330
435
102
}
330
435
100
AcDbXrecord
280
     1
102
RTVSPropertyOp0
 70
     1
102
RTVSPropertyOp1
 70
     1
102
RTVSPropertyOp2
 70
     1
102
RTVSPropertyOp3
 70
     1
102
RTVSPropertyOp4
 70
     1
102
RTVSPropertyOp5
 70
     1
102
RTVSPropertyOp6
 70
     1
102
RTVSPropertyOp7
 70
     1
102
RTVSPropertyOp8
 70
     1
102
RTVSPropertyOp9
 70
     1
102
RTVSPropertyOp10
 70
     1
102
RTVSPropertyOp11
 70
     1
102
RTVSPropertyOp12
 70
     1
102
RTVSPropertyOp13
 70
     1
102
RTVSPropertyOp14
 70
     1
102
RTVSPropertyOp15
 70
     1
102
RTVSPropertyOp16
 70
     1
102
RTVSPropertyOp17
 70
     1
102
RTVSPropertyOp18
 70
     1
102
RTVSPropertyOp19
 70
     1
102
RTVSPropertyOp20
 70
     1
102
RTVSPropertyOp21
 70
     1
102
RTVSPropertyOp22
 70
     1
102
RTVSPropertyOp23
 70
     1
102
RTVSPropertyOp24
 70
     1
102
RTVSPropertyOp25
 70
     1
102
RTVSPropertyOp26
 70
     1
102
RTVSPropertyOp27
 70
     1
102
RTVSPropertyOp28
 70
     1
102
RTVSPropertyOp29
 70
     1
102
RTVSPropertyOp30
 70
     1
102
RTVSPropertyOp31
 70
     1
102
RTVSPropertyOp32
 70
     1
102
RTVSPropertyOp33
 70
     1
102
RTVSPropertyOp34
 70
     1
102
RTVSPropertyOp35
 70
     1
102
RTVSPropertyOp36
 70
     1
102
RTVSPropertyOp37
 70
     1
102
RTVSPropertyOp38
 70
     1
102
RTVSPropertyOp39
 70
     1
102
RTVSPropertyOp40
 70
     1
102
RTVSPropertyOp41
 70
     1
102
RTVSPropertyOp42
 70
     1
102
RTVSPropertyOp43
 70
     1
102
RTVSPropertyOp44
 70
     1
102
RTVSPropertyOp45
 70
     1
102
RTVSPropertyOp46
 70
     1
102
RTVSPropertyOp47
 70
     1
102
RTVSPropertyOp48
 70
     1
102
RTVSPropertyOp49
 70
     1
102
RTVSPropertyOp50
 70
     1
102
RTVSPropertyOp51
 70
     0
102
RTVSPropertyOp52
 70
     0
102
RTVSPropertyOp53
 70
     1
102
RTVSPropertyOp54
 70
     1
102
RTVSPropertyOp55
 70
     1
102
RTVSPropertyOp56
 70
     1
102
RTVSPropertyOp57
 70
     1
102
RTVSPost2010Prop28
280
     0
102
RTVSPost2010PropOp28
 70
     1
102
RTVSPost2010Prop29
280
     1
102
RTVSPost2010PropOp29
 70
     1
102
RTVSPost2010Prop30
280
     1
102
RTVSPost2010PropOp30
 70
     1
102
RTVSPost2010Prop31
280
     0
102
RTVSPost2010PropOp31
 70
     1
102
RTVSPost2010Prop32
280
     0
102
RTVSPost2010PropOp32
 70
     1
102
RTVSPost2010Prop33
280
     0
102
RTVSPost2010PropOp33
 70
     1
102
RTVSPost2010Prop34
280
     0
102
RTVSPost2010PropOp34
 70
     1
102
RTVSPost2010Prop35
280
     0
102
RTVSPost2010PropOp35
 70
     1
102
RTVSPost2010Prop36
280
     0
102
RTVSPost2010PropOp36
 70
     1
102
RTVSPost2010Prop37
 90
       50
102
RTVSPost2010PropOp37
 70
     1
102
RTVSPost2010Prop38
140
0.0
102
RTVSPost2010PropOp38
 70
     1
102
RTVSPost2010Prop39
140
1.0
102
RTVSPost2010PropOp39
 70
     1
102
RTVSPost2010Prop40
 90
        0
102
RTVSPost2010PropOp40
 70
     1
102
RTVSPost2010Prop41ColorIndex
 90
       18
102
RTVSPost2010Prop41ColorRGB
 90
        0
102
RTVSPost2010PropOp41
 70
     1
102
RTVSPost2010Prop42
 90
       50
102
RTVSPost2010PropOp42
 70
     1
102
RTVSPost2010Prop43
 90
        3
102
RTVSPost2010PropOp43
 70
     1
102
RTVSPost2010Prop44ColorIndex
 90
        5
102
RTVSPost2010Prop44ColorRGB
 90
      255
102
RTVSPost2010PropOp44
 70
     1
102
RTVSPost2010Prop45
280
     0
102
RTVSPost2010PropOp45
 70
     1
102
RTVSPost2010Prop46
 90
       50
102
RTVSPost2010PropOp46
 70
     1
102
RTVSPost2010Prop47
 90
       50
102
RTVSPost2010PropOp47
 70
     1
102
RTVSPost2010Prop48
 90
       50
102
RTVSPost2010PropOp48
 70
     1
102
RTVSPost2010Prop49
280
     0
102
RTVSPost2010PropOp49
 70
     1
102
RTVSPost2010Prop50
 90
       50
102
RTVSPost2010PropOp50
 70
     1
102
RTVSPost2010Prop51ColorIndex
 90
      256
102
RTVSPost2010Prop51ColorRGB
 90
-16777216
102
RTVSPost2010PropOp51
 70
     0
102
RTVSPost2010Prop52
140
1.0
102
RTVSPost2010PropOp52
 70
     0
102
RTVSPost2010Prop53
 90
        2
102
RTVSPost2010PropOp53
 70
     1
102
RTVSPost2010Prop54
  1
strokes_ogs.tif
102
RTVSPost2010PropOp54
 70
     1
102
RTVSPost2010Prop55
280
     0
102
RTVSPost2010PropOp55
 70
     1
102
RTVSPost2010Prop56
140
1.0
102
RTVSPost2010PropOp56
 70
     1
102
RTVSPost2010Prop57
140
1.0
102
RTVSPost2010PropOp57
 70
     1
  0
XRECORD
  5
456
102
{ACAD_REACTORS
330
455
102
}
330
455
100
AcDbXrecord
280
     1
102
RTVSPropertyOp0
 70
     1
102
RTVSPropertyOp1
 70
     1
102
RTVSPropertyOp2
 70
     1
102
RTVSPropertyOp3
 70
     1
102
RTVSPropertyOp4
 70
     1
102
RTVSPropertyOp5
 70
     1
102
RTVSPropertyOp6
 70
     1
102
RTVSPropertyOp7
 70
     1
102
RTVSPropertyOp8
 70
     1
102
RTVSPropertyOp9
 70
     1
102
RTVSPropertyOp10
 70
     1
102
RTVSPropertyOp11
 70
     1
102
RTVSPropertyOp12
 70
     1
102
RTVSPropertyOp13
 70
     1
102
RTVSPropertyOp14
 70
     1
102
RTVSPropertyOp15
 70
     1
102
RTVSPropertyOp16
 70
     1
102
RTVSPropertyOp17
 70
     1
102
RTVSPropertyOp18
 70
     1
102
RTVSPropertyOp19
 70
     1
102
RTVSPropertyOp20
 70
     1
102
RTVSPropertyOp21
 70
     1
102
RTVSPropertyOp22
 70
     1
102
RTVSPropertyOp23
 70
     1
102
RTVSPropertyOp24
 70
     1
102
RTVSPropertyOp25
 70
     1
102
RTVSPropertyOp26
 70
     1
102
RTVSPropertyOp27
 70
     1
102
RTVSPropertyOp28
 70
     1
102
RTVSPropertyOp29
 70
     1
102
RTVSPropertyOp30
 70
     1
102
RTVSPropertyOp31
 70
     1
102
RTVSPropertyOp32
 70
     1
102
RTVSPropertyOp33
 70
     1
102
RTVSPropertyOp34
 70
     1
102
RTVSPropertyOp35
 70
     1
102
RTVSPropertyOp36
 70
     1
102
RTVSPropertyOp37
 70
     1
102
RTVSPropertyOp38
 70
     1
102
RTVSPropertyOp39
 70
     1
102
RTVSPropertyOp40
 70
     1
102
RTVSPropertyOp41
 70
     1
102
RTVSPropertyOp42
 70
     1
102
RTVSPropertyOp43
 70
     1
102
RTVSPropertyOp44
 70
     1
102
RTVSPropertyOp45
 70
     1
102
RTVSPropertyOp46
 70
     1
102
RTVSPropertyOp47
 70
     1
102
RTVSPropertyOp48
 70
     1
102
RTVSPropertyOp49
 70
     1
102
RTVSPropertyOp50
 70
     1
102
RTVSPropertyOp51
 70
     0
102
RTVSPropertyOp52
 70
     0
102
RTVSPropertyOp53
 70
     1
102
RTVSPropertyOp54
 70
     1
102
RTVSPropertyOp55
 70
     1
102
RTVSPropertyOp56
 70
     1
102
RTVSPropertyOp57
 70
     1
102
RTVSPost2010Prop28
280
     0
102
RTVSPost2010PropOp28
 70
     1
102
RTVSPost2010Prop29
280
     1
102
RTVSPost2010PropOp29
 70
     1
102
RTVSPost2010Prop30
280
     1
102
RTVSPost2010PropOp30
 70
     1
102
RTVSPost2010Prop31
280
     0
102
RTVSPost2010PropOp31
 70
     1
102
RTVSPost2010Prop32
280
     0
102
RTVSPost2010PropOp32
 70
     1
102
RTVSPost2010Prop33
280
     0
102
RTVSPost2010PropOp33
 70
     1
102
RTVSPost2010Prop34
280
     0
102
RTVSPost2010PropOp34
 70
     1
102
RTVSPost2010Prop35
280
     0
102
RTVSPost2010PropOp35
 70
     1
102
RTVSPost2010Prop36
280
     0
102
RTVSPost2010PropOp36
 70
     1
102
RTVSPost2010Prop37
 90
       50
102
RTVSPost2010PropOp37
 70
     1
102
RTVSPost2010Prop38
140
0.0
102
RTVSPost2010PropOp38
 70
     1
102
RTVSPost2010Prop39
140
1.0
102
RTVSPost2010PropOp39
 70
     1
102
RTVSPost2010Prop40
 90
        0
102
RTVSPost2010PropOp40
 70
     1
102
RTVSPost2010Prop41ColorIndex
 90
       18
102
RTVSPost2010Prop41ColorRGB
 90
        0
102
RTVSPost2010PropOp41
 70
     1
102
RTVSPost2010Prop42
 90
       50
102
RTVSPost2010PropOp42
 70
     1
102
RTVSPost2010Prop43
 90
        3
102
RTVSPost2010PropOp43
 70
     1
102
RTVSPost2010Prop44ColorIndex
 90
        5
102
RTVSPost2010Prop44ColorRGB
 90
      255
102
RTVSPost2010PropOp44
 70
     1
102
RTVSPost2010Prop45
280
     0
102
RTVSPost2010PropOp45
 70
     1
102
RTVSPost2010Prop46
 90
       50
102
RTVSPost2010PropOp46
 70
     1
102
RTVSPost2010Prop47
 90
       50
102
RTVSPost2010PropOp47
 70
     1
102
RTVSPost2010Prop48
 90
       50
102
RTVSPost2010PropOp48
 70
     1
102
RTVSPost2010Prop49
280
     0
102
RTVSPost2010PropOp49
 70
     1
102
RTVSPost2010Prop50
 90
       50
102
RTVSPost2010PropOp50
 70
     1
102
RTVSPost2010Prop51ColorIndex
 90
      256
102
RTVSPost2010Prop51ColorRGB
 90
-16777216
102
RTVSPost2010PropOp51
 70
     0
102
RTVSPost2010Prop52
140
1.0
102
RTVSPost2010PropOp52
 70
     0
102
RTVSPost2010Prop53
 90
        2
102
RTVSPost2010PropOp53
 70
     1
102
RTVSPost2010Prop54
  1
strokes_ogs.tif
102
RTVSPost2010PropOp54
 70
     1
102
RTVSPost2010Prop55
280
     0
102
RTVSPost2010PropOp55
 70
     1
102
RTVSPost2010Prop56
140
1.0
102
RTVSPost2010PropOp56
 70
     1
102
RTVSPost2010Prop57
140
1.0
102
RTVSPost2010PropOp57
 70
     1
  0
ENDSEC
  0
EOF
